Type,SKU,Name,Published,Is featured?,Visibility in catalog,Short description,Description,In stock?,Stock,Regular price,Sale price,Categories,Images
simple,PC12DB,Test Product,1,0,visible,,,1,100,10.00,5.00,,
simple,FA319DCUHD,HEAVY DUTY FIXED SPEED AC | D SERIES |  1.6 TON |  3 STAR | 2025 BEE LABEL,1,0,visible,,,1,100,58000.00,45990.00,Air Conditioners,"https://cdn.shopify.com/s/files/1/0888/8297/0937/files/Gallery_Image_01_1427d247-b44f-4d30-9d02-db15a711be87.png, https://cdn.shopify.com/s/files/1/0888/8297/0937/files/Gallery_Image_02_84933dfe-9927-4409-9092-8bf52f1e25fc.jpg, https://cdn.shopify.com/s/files/1/0888/8297/0937/files/Gallery_Image_03_3a29b642-0220-4d1c-b2be-56efeeb254e7.jpg, https://cdn.shopify.com/s/files/1/0888/8297/0937/files/HP_FS_ODU_Front_1.jpg, https://cdn.shopify.com/s/files/1/0888/8297/0937/files/HP_FS_ODU_Left_2_0.jpg, https://cdn.shopify.com/s/files/1/0888/8297/0937/files/HP_FS_ODU_Right_2_0.jpg, https://cdn.shopify.com/s/files/1/0888/8297/0937/files/D-Series_Remote-_Fix_Speed_0.jpg, https://cdn.shopify.com/s/files/1/0888/8297/0937/files/BEE_Label_FA319DCUHD.jpg"
simple,IA518ZXUS,INVERTER AC | Z SMART WI-FI SERIES | 1.5 TON | 5 STAR | 2026 BEE LABEL,1,0,visible,,,1,100,75000.00,48990.00,Air Conditioners,"https://cdn.shopify.com/s/files/1/0888/8297/0937/files/GalleryImages01_7303814c-596b-468f-8759-cf87cede5a56.png, https://cdn.shopify.com/s/files/1/0888/8297/0937/files/GalleryImages02_f6734550-7187-49b9-a4ba-fec3a76b848b.jpg, https://cdn.shopify.com/s/files/1/0888/8297/0937/files/GalleryImages03_45755100-3468-4585-985b-74ab68cc2a83.jpg, https://cdn.shopify.com/s/files/1/0888/8297/0937/files/GalleryImages04_57924b06-263d-40a2-ac1c-4d2f9fd83004.jpg, https://cdn.shopify.com/s/files/1/0888/8297/0937/files/GalleryImages05_c17585bb-21ff-4939-b1a2-2f03377a2672.jpg, https://cdn.shopify.com/s/files/1/0888/8297/0937/files/GalleryImages06_c4a85dae-17b9-437e-8c17-80de2d3f9fb8.jpg, https://cdn.shopify.com/s/files/1/0888/8297/0937/files/GalleryImages07_c44b1ed5-d693-4a25-bbed-53c839b71498.jpg, https://cdn.shopify.com/s/files/1/0888/8297/0937/files/GalleryImages08_b6bbb139-d9de-4785-9cd0-da7331ba8041.jpg, https://cdn.shopify.com/s/files/1/0888/8297/0937/files/Galley_BEE_Label.jpg"
simple,IA312DXU,INVERTER AC | D SERIES | 1 TON | 3 STAR | 2026 BEE LABEL,1,0,visible,,,1,100,49000.00,33490.00,Air Conditioners,"https://cdn.shopify.com/s/files/1/0888/8297/0937/files/GalleryImages01_4713f8aa-0081-494d-9e81-ff31d7772238.png, https://cdn.shopify.com/s/files/1/0888/8297/0937/files/GalleryImages02_0762821f-93b9-41ff-9d78-19daa235dd0c.jpg, https://cdn.shopify.com/s/files/1/0888/8297/0937/files/GalleryImages03_2aaafab0-f266-44f8-bb1c-9b129901b50c.jpg, https://cdn.shopify.com/s/files/1/0888/8297/0937/files/GalleryImages04_6c77e8a7-d5ad-494e-b80a-ff9e1f04f349.jpg, https://cdn.shopify.com/s/files/1/0888/8297/0937/files/GalleryImages05_24c4f6bb-6d79-480b-ba09-b10b7c6b7820.jpg, https://cdn.shopify.com/s/files/1/0888/8297/0937/files/GalleryImages06_1c5477b3-2638-42e9-91b3-d4e4b6d28400.jpg, https://cdn.shopify.com/s/files/1/0888/8297/0937/files/GalleryImages07_f62c9629-c83c-4bd7-99c6-78d230781590.jpg, https://cdn.shopify.com/s/files/1/0888/8297/0937/files/GalleryImages08_16586e77-22e8-447c-a90d-1a174b3c8ff9.jpg"
simple,IA318IXUS,INVERTER AC |  ICONIA SERIES - MIDNIGHT SILVER |  1.5 TON |  3 STAR | 2026 BEE LABEL,1,0,visible,,,1,100,70000.00,40990.00,Air Conditioners,"https://cdn.shopify.com/s/files/1/0888/8297/0937/files/GalleryImages01_ca918020-7737-49e4-add9-6b02c576b8f8.png, https://cdn.shopify.com/s/files/1/0888/8297/0937/files/GalleryImages02_b1f62bc5-4506-4629-b94d-d06fbce19a9e.jpg, https://cdn.shopify.com/s/files/1/0888/8297/0937/files/GalleryImages03_f8e129a5-e32e-4fb6-bf07-1ec2c527e271.jpg, https://cdn.shopify.com/s/files/1/0888/8297/0937/files/GalleryImages04_acba9a06-03fb-4d14-a14b-573429e20841.jpg, https://cdn.shopify.com/s/files/1/0888/8297/0937/files/GalleryImages05_9fb6c591-9faf-4634-9401-2a2216e23cf7.jpg, https://cdn.shopify.com/s/files/1/0888/8297/0937/files/GalleryImages06_98da1df5-3abd-42dd-9a50-0833c9cf86ed.jpg, https://cdn.shopify.com/s/files/1/0888/8297/0937/files/GalleryImages07_136963ac-33eb-40d8-8dee-ebe6ced4b700.jpg, https://cdn.shopify.com/s/files/1/0888/8297/0937/files/Iconia-Remote_1.png, https://cdn.shopify.com/s/files/1/0888/8297/0937/files/Gallery_Images_09_IA318IXUS.jpg"
simple,HT3-N230,N Series | Hard Top | Deep Freezer | 215 Litres  | 3 Star | 2026 BEE LABEL,1,0,visible,,,1,100,33200.00,21700.00,Deep Freezers,"https://cdn.shopify.com/s/files/1/0888/8297/0937/files/GalleryImages01_4d80bccb-15cf-487a-9f8d-5564555309eb.png, https://cdn.shopify.com/s/files/1/0888/8297/0937/files/GalleryImages02_8bb08a41-dbaf-4f89-a928-14c4ffadd5e9.jpg, https://cdn.shopify.com/s/files/1/0888/8297/0937/files/GalleryImages03_e3f7637f-bf72-4215-9984-1ebbd98c310d.jpg, https://cdn.shopify.com/s/files/1/0888/8297/0937/files/GalleryImages04_e0fc3b63-68e5-477f-94a7-6280e878de09.jpg"
simple,HT3-N180,N Series | Hard Top | Deep Freezer | 161 Litres  | 3 Star | 2026 BEE LABEL,1,0,visible,,,1,100,28700.00,19700.00,Deep Freezers,"https://cdn.shopify.com/s/files/1/0888/8297/0937/files/GalleryImages01_c3a7d378-9822-486d-8b28-dfdc0d12de18.png, https://cdn.shopify.com/s/files/1/0888/8297/0937/files/GalleryImages02_fcf8a7fc-42a9-4dce-b852-c2212d41e5f8.jpg, https://cdn.shopify.com/s/files/1/0888/8297/0937/files/GalleryImages03_f2f1ad92-3639-4b0c-b66e-62e256c774b5.jpg, https://cdn.shopify.com/s/files/1/0888/8297/0937/files/GalleryImages04_0bb222ee-8b76-40e7-aa28-eec5343426b1.jpg"
simple,IB312QXFT,IB312QXFT | 1 TON | 3 STAR | FIELD TRIAL UNIT,1,0,visible,,,1,100,49500.00,24000.00,exclude-from-search,"https://cdn.shopify.com/s/files/1/0888/8297/0937/files/GalleryImage01_97ff6d9b-70ad-43cd-896c-029307ac2e4e.png, https://cdn.shopify.com/s/files/1/0888/8297/0937/files/GalleryImage02_b8f1a9ea-90d2-401a-8723-aeaa8d1a8ab3.jpg, https://cdn.shopify.com/s/files/1/0888/8297/0937/files/GalleryImage03_776f5996-aa10-4342-a66d-66921d2ea277.jpg, https://cdn.shopify.com/s/files/1/0888/8297/0937/files/GalleryImage04_ad1d8813-bcf4-497f-9a82-af91ab3f8151.jpg, https://cdn.shopify.com/s/files/1/0888/8297/0937/files/GalleryImage05_aabe7406-d102-4a75-8723-b052fd318a6e.jpg, https://cdn.shopify.com/s/files/1/0888/8297/0937/files/GalleryImage06_2e02b425-51c2-48da-aeb6-6e78cf49aaba.jpg, https://cdn.shopify.com/s/files/1/0888/8297/0937/files/GalleryImage07_f1d9be43-0a78-4f8f-aa7f-6715025e1e79.jpg, https://cdn.shopify.com/s/files/1/0888/8297/0937/files/GalleryImage08_2e0818ba-bce6-4033-a154-c165eee6c33f.jpg, https://cdn.shopify.com/s/files/1/0888/8297/0937/files/GalleryImage09_30592244-922f-45d7-843a-09dcb86b968d.jpg"
simple,IA518VXUS,INVERTER AC | V SMART WI-FI SERIES | 1.5 TON | 5 STAR | 2026 BEE LABEL,1,0,visible,,,1,100,75500.00,48990.00,Air Conditioners,"https://cdn.shopify.com/s/files/1/0888/8297/0937/files/GalleryImages01_562df681-70c9-4a5c-91c5-0deac28df010.png, https://cdn.shopify.com/s/files/1/0888/8297/0937/files/GalleryImages02_37b4d6e9-ae95-4efe-93de-667e344b4175.jpg, https://cdn.shopify.com/s/files/1/0888/8297/0937/files/GalleryImages03_c24dd167-81b6-4424-8d98-627b3f57a137.jpg, https://cdn.shopify.com/s/files/1/0888/8297/0937/files/GalleryImages04_3a005251-e68a-4060-9636-a907c088b422.jpg, https://cdn.shopify.com/s/files/1/0888/8297/0937/files/GalleryImages05_103a2f5e-2f47-487c-b796-5dee7e9df3b3.jpg, https://cdn.shopify.com/s/files/1/0888/8297/0937/files/GalleryImages06_e7be9a49-dd72-421b-943a-a174cf47e81e.jpg, https://cdn.shopify.com/s/files/1/0888/8297/0937/files/GalleryImages07_f5a89e69-ea9e-4380-9704-c129bf69ae4c.jpg, https://cdn.shopify.com/s/files/1/0888/8297/0937/files/Gallery_Images_08_IA518VXUS.jpg"
simple,IC318VNUS,INVERTER AC | V SMART WI-FI SERIES |  1.5 TON |  3 STAR | 2025 BEE LABEL,1,0,visible,,<p>Experience unmatched smart cooling as this 3 Star smart AC incorporates extraordinary features like voice command technology;   anti-microbial filter;   5-in-1 convertible cooling;   wifi enabled technology and anti-corrosive blue fins for protection.</p>,1,100,59400.00,37290.00,Air Conditioners,"https://cdn.shopify.com/s/files/1/0888/8297/0937/files/ic318vnus_ic318vnus-gallery-images-01.png, https://cdn.shopify.com/s/files/1/0888/8297/0937/files/ic318vnus_ic318vnus-gallery-images-02.jpg, https://cdn.shopify.com/s/files/1/0888/8297/0937/files/ic318vnus_ic318vnus-gallery-images-03.jpg, https://cdn.shopify.com/s/files/1/0888/8297/0937/files/ic318vnus_ic318vnus-gallery-images-04.jpg, https://cdn.shopify.com/s/files/1/0888/8297/0937/files/ic318vnus_ic318vnus-gallery-images-05.jpg, https://cdn.shopify.com/s/files/1/0888/8297/0937/files/ic318vnus_ic318vnus-gallery-images-06.jpg, https://cdn.shopify.com/s/files/1/0888/8297/0937/files/ic318vnus_ic318vnus-gallery-images-07.jpg, https://cdn.shopify.com/s/files/1/0888/8297/0937/files/IC318VNUS_08.jpg"
simple,IA518TXFT,IA518TXFT | 1.5 TON | 5 STAR | FIELD TRIAL UNIT,1,0,visible,,,1,100,74000.00,35500.00,exclude-from-search,"https://cdn.shopify.com/s/files/1/0888/8297/0937/files/GalleryImage01_075f1695-f632-4720-8186-ed1763eb0810.png, https://cdn.shopify.com/s/files/1/0888/8297/0937/files/GalleryImage02_2ad2fcca-923e-4e7f-9bb1-4420065375cc.jpg, https://cdn.shopify.com/s/files/1/0888/8297/0937/files/GalleryImage03_11612dfa-48bb-4bd1-b9ad-7e79a8851e97.jpg, https://cdn.shopify.com/s/files/1/0888/8297/0937/files/GalleryImage04_6e837849-2fb9-430d-97ea-82315033cbf9.jpg, https://cdn.shopify.com/s/files/1/0888/8297/0937/files/GalleryImage05_8abdeec7-a9ed-4e0d-ad38-411cc3bcdc63.jpg, https://cdn.shopify.com/s/files/1/0888/8297/0937/files/GalleryImage06_2f22dc32-6970-4662-a3d0-6391dda1434c.jpg, https://cdn.shopify.com/s/files/1/0888/8297/0937/files/GalleryImage07_400eb27a-131c-4a92-b925-b3859e754f3f.jpg, https://cdn.shopify.com/s/files/1/0888/8297/0937/files/GalleryImage08_0d0eb88c-dde2-48c5-ad0e-09ca0de27956.jpg, https://cdn.shopify.com/s/files/1/0888/8297/0937/files/GalleryImage09_ce26dea9-a788-40ca-a565-42381b725f57.jpg"
simple,IA518TXU,INVERTER AC | T SERIES |  1.5 TON |  5 STAR | 2026 BEE LABEL,1,0,visible,,,1,100,74000.00,47990.00,Air Conditioners,"https://cdn.shopify.com/s/files/1/0888/8297/0937/files/GalleryImages01_c256f6c9-f2bf-4736-a4c0-1a0f9bbf0978.png, https://cdn.shopify.com/s/files/1/0888/8297/0937/files/GalleryImages02_b39cd4a8-154c-4c3b-8243-c18eef4af39d.jpg, https://cdn.shopify.com/s/files/1/0888/8297/0937/files/GalleryImages03_397f94ce-7294-41fe-a099-46a831f1fd45.jpg, https://cdn.shopify.com/s/files/1/0888/8297/0937/files/GalleryImages04_0ef55154-9438-403c-8857-ea2814e39678.jpg, https://cdn.shopify.com/s/files/1/0888/8297/0937/files/GalleryImages05_4a915ead-f2ae-4bcb-9445-f022ff0caeca.jpg, https://cdn.shopify.com/s/files/1/0888/8297/0937/files/GalleryImages06_22b2342d-cf7d-44ee-a85e-b0e9337f151b.jpg, https://cdn.shopify.com/s/files/1/0888/8297/0937/files/GalleryImages07_44518b9c-9021-42d8-b3cd-749bcb150e36.jpg, https://cdn.shopify.com/s/files/1/0888/8297/0937/files/GalleryImages08_eb531449-2661-41c1-837f-ff9f4af3ce8b.jpg, https://cdn.shopify.com/s/files/1/0888/8297/0937/files/GalleryImages09_497d29d5-0ddf-44b8-8892-5d530594e36e.jpg"
simple,MR60-GB,MR60-GB | Mini Bar | 47 Litres | 2 Star | 2025 BEE LABEL,1,0,visible,,,1,100,11990.00,9490.00,Mini Bar,"https://cdn.shopify.com/s/files/1/0888/8297/0937/files/MR60-GB.png, https://cdn.shopify.com/s/files/1/0888/8297/0937/files/MR60-GB_Side1_0.png, https://cdn.shopify.com/s/files/1/0888/8297/0937/files/MR60-GB_Side2_0.png, https://cdn.shopify.com/s/files/1/0888/8297/0937/files/MR60-GB_Back_0.png, https://cdn.shopify.com/s/files/1/0888/8297/0937/files/MR60-GB_IsoLeft_0.png, https://cdn.shopify.com/s/files/1/0888/8297/0937/files/MR60-GB_IsoRight_0.png, https://cdn.shopify.com/s/files/1/0888/8297/0937/files/MR60-GB_Open_0.png"
simple,IA518DXU,INVERTER AC | D SERIES | 1.5 TON | 5 STAR | 2026 BEE LABEL,1,0,visible,,,1,100,74000.00,47990.00,Air Conditioners,"https://cdn.shopify.com/s/files/1/0888/8297/0937/files/GalleryImages01_f3f8f272-fe36-4990-af8f-4889bf2a65a3.png, https://cdn.shopify.com/s/files/1/0888/8297/0937/files/GalleryImages02_4d8fa0c9-f770-448f-abf0-af4f9e62ec6d.jpg, https://cdn.shopify.com/s/files/1/0888/8297/0937/files/GalleryImages03_297e56f7-500f-4d48-8258-ffe95221f419.jpg, https://cdn.shopify.com/s/files/1/0888/8297/0937/files/GalleryImages04_b701f8a0-51a6-4dda-bd2b-f7ff99ed2a2f.jpg, https://cdn.shopify.com/s/files/1/0888/8297/0937/files/GalleryImages05_79d4d5ff-862b-42ad-9da1-54ab31941e48.jpg, https://cdn.shopify.com/s/files/1/0888/8297/0937/files/GalleryImages06_969ccb27-9537-4e1f-a746-08868ffb9635.jpg, https://cdn.shopify.com/s/files/1/0888/8297/0937/files/GalleryImages07_8e9711fd-2cd4-46a4-9c1f-6249e4b55aae.jpg, https://cdn.shopify.com/s/files/1/0888/8297/0937/files/GalleryImages08_63a6023c-6daa-4b17-bd0d-b0aeacb09c8a.jpg"
simple,IA322TXU,INVERTER AC | T SERIES |  2 TON |  3 STAR | 2026 BEE LABEL,1,0,visible,,,1,100,69000.00,48990.00,Air Conditioners,"https://cdn.shopify.com/s/files/1/0888/8297/0937/files/GalleryImages01_ee26b374-2a53-4221-9ac6-70f049f6e453.png, https://cdn.shopify.com/s/files/1/0888/8297/0937/files/GalleryImages02_b4a571d4-d1cd-41ca-9bae-9a0eda4595c5.jpg, https://cdn.shopify.com/s/files/1/0888/8297/0937/files/GalleryImages03_6295e94f-55fa-4d89-a015-09231b584243.jpg, https://cdn.shopify.com/s/files/1/0888/8297/0937/files/GalleryImages04_a63177bd-afa0-4298-b534-c4caddfa0710.jpg, https://cdn.shopify.com/s/files/1/0888/8297/0937/files/GalleryImages05_04780933-d206-40ad-a3d1-26955e1ca3da.jpg, https://cdn.shopify.com/s/files/1/0888/8297/0937/files/GalleryImages06_8124c576-73e2-44e6-8994-325b8a90d6d0.jpg, https://cdn.shopify.com/s/files/1/0888/8297/0937/files/GalleryImages07_3afd5ece-f1c5-4521-bf64-0cedaf71afdd.jpg, https://cdn.shopify.com/s/files/1/0888/8297/0937/files/GalleryImages08_e67cf631-9fa1-4ece-86b7-6100d0a87e9d.jpg, https://cdn.shopify.com/s/files/1/0888/8297/0937/files/Gallery_Images_09.jpg"
simple,IA318TXU,INVERTER AC | T SERIES |  1.5 TON |  3 STAR | 2026 BEE LABEL,1,0,visible,,,1,100,60000.00,36990.00,Air Conditioners,"https://cdn.shopify.com/s/files/1/0888/8297/0937/files/GalleryImages01_ee26b374-2a53-4221-9ac6-70f049f6e453.png, https://cdn.shopify.com/s/files/1/0888/8297/0937/files/GalleryImages02_b4a571d4-d1cd-41ca-9bae-9a0eda4595c5.jpg, https://cdn.shopify.com/s/files/1/0888/8297/0937/files/GalleryImages03_6295e94f-55fa-4d89-a015-09231b584243.jpg, https://cdn.shopify.com/s/files/1/0888/8297/0937/files/GalleryImages04_a63177bd-afa0-4298-b534-c4caddfa0710.jpg, https://cdn.shopify.com/s/files/1/0888/8297/0937/files/GalleryImages05_04780933-d206-40ad-a3d1-26955e1ca3da.jpg, https://cdn.shopify.com/s/files/1/0888/8297/0937/files/GalleryImages06_8124c576-73e2-44e6-8994-325b8a90d6d0.jpg, https://cdn.shopify.com/s/files/1/0888/8297/0937/files/GalleryImages07_3afd5ece-f1c5-4521-bf64-0cedaf71afdd.jpg, https://cdn.shopify.com/s/files/1/0888/8297/0937/files/GalleryImages08_e67cf631-9fa1-4ece-86b7-6100d0a87e9d.jpg, https://cdn.shopify.com/s/files/1/0888/8297/0937/files/GalleryImages09_cddb8e7b-d125-4b58-9879-e95e1fddd5c7.jpg"
simple,IA318DXU,INVERTER AC | D SERIES | 1.5 TON | 3 STAR | 2026 BEE LABEL,1,0,visible,,,1,100,60000.00,37490.00,Air Conditioners,"https://cdn.shopify.com/s/files/1/0888/8297/0937/files/GalleryImages01_14f22634-b53f-438e-bf65-9f4c1d0a000e.png, https://cdn.shopify.com/s/files/1/0888/8297/0937/files/GalleryImages02_3e400579-42d4-4e40-ac58-a64e392bc93b.jpg, https://cdn.shopify.com/s/files/1/0888/8297/0937/files/GalleryImages03_f4363dd7-b5b2-4b4e-a64a-ce8aa326ce9d.jpg, https://cdn.shopify.com/s/files/1/0888/8297/0937/files/GalleryImages04_331d210b-ae20-47b5-ba70-3484b7843956.jpg, https://cdn.shopify.com/s/files/1/0888/8297/0937/files/GalleryImages05_7a6caa3d-e629-4d9e-a0c8-1edc2c020014.jpg, https://cdn.shopify.com/s/files/1/0888/8297/0937/files/GalleryImages06_5373e3c6-af48-4050-9ab5-41a66e12eef2.jpg, https://cdn.shopify.com/s/files/1/0888/8297/0937/files/GalleryImages07_ae1d87a4-6d4c-4f6e-ba26-9aa3a956e8a7.jpg, https://cdn.shopify.com/s/files/1/0888/8297/0937/files/GalleryImages08_303b9fdb-d150-463f-9508-2c6fe57189b0.jpg"
simple,IA512QXUS,INVERTER AC | Q SMART WI-FI SERIES | 1 TON | 5 STAR | 2026 BEE LABEL,1,0,visible,,,1,100,62500.00,38990.00,Air Conditioners,"https://cdn.shopify.com/s/files/1/0888/8297/0937/files/GalleryImages01_96164da9-aea8-41e8-8d41-1a856cb0595f.png, https://cdn.shopify.com/s/files/1/0888/8297/0937/files/GalleryImages02_edd57043-92e6-428f-bde3-5b1ffc1b8712.jpg, https://cdn.shopify.com/s/files/1/0888/8297/0937/files/GalleryImages03_f2124c11-aaab-43e9-a389-6aa428b79dd1.jpg, https://cdn.shopify.com/s/files/1/0888/8297/0937/files/GalleryImages04_a8e2e378-31cc-448f-8201-1558bab06f8f.jpg, https://cdn.shopify.com/s/files/1/0888/8297/0937/files/GalleryImages05_dc2779ec-d8cd-4ebc-993c-bab254ae4fc8.jpg, https://cdn.shopify.com/s/files/1/0888/8297/0937/files/GalleryImages06_5df19eaf-96c1-498d-b75c-35762ff2430d.jpg, https://cdn.shopify.com/s/files/1/0888/8297/0937/files/GalleryImages07_caeaa057-0129-4c95-aa6c-725a4c8d38c8.jpg, https://cdn.shopify.com/s/files/1/0888/8297/0937/files/GalleryImages08_d194117b-3c35-44f2-9894-b18b36bcb2e3.jpg, https://cdn.shopify.com/s/files/1/0888/8297/0937/files/Gallery_Images_09_d63c208b-0c3b-43e6-a1ea-bb10c073beb4.jpg"
simple,IA318QXUS,INVERTER AC | Q SMART WI-FI SERIES | 1.5 TON | 3 STAR | 2026 BEE LABEL,1,0,visible,,,1,100,61500.00,38990.00,Air Conditioners,"https://cdn.shopify.com/s/files/1/0888/8297/0937/files/GalleryImages01_96164da9-aea8-41e8-8d41-1a856cb0595f.png, https://cdn.shopify.com/s/files/1/0888/8297/0937/files/GalleryImages02_edd57043-92e6-428f-bde3-5b1ffc1b8712.jpg, https://cdn.shopify.com/s/files/1/0888/8297/0937/files/GalleryImages03_f2124c11-aaab-43e9-a389-6aa428b79dd1.jpg, https://cdn.shopify.com/s/files/1/0888/8297/0937/files/GalleryImages04_a8e2e378-31cc-448f-8201-1558bab06f8f.jpg, https://cdn.shopify.com/s/files/1/0888/8297/0937/files/GalleryImages05_dc2779ec-d8cd-4ebc-993c-bab254ae4fc8.jpg, https://cdn.shopify.com/s/files/1/0888/8297/0937/files/GalleryImages06_5df19eaf-96c1-498d-b75c-35762ff2430d.jpg, https://cdn.shopify.com/s/files/1/0888/8297/0937/files/GalleryImages07_caeaa057-0129-4c95-aa6c-725a4c8d38c8.jpg, https://cdn.shopify.com/s/files/1/0888/8297/0937/files/GalleryImages08_d194117b-3c35-44f2-9894-b18b36bcb2e3.jpg, https://cdn.shopify.com/s/files/1/0888/8297/0937/files/GalleryImages09_31e9118d-5af2-40c9-b5e3-8ed97e6e5581.jpg"
simple,IA318QXU,INVERTER AC | Q SERIES | 1.5 TON | 3 STAR | 2026 BEE LABEL,1,0,visible,,,1,100,60500.00,36990.00,Air Conditioners,"https://cdn.shopify.com/s/files/1/0888/8297/0937/files/GalleryImages01_75d5ded4-0d1e-4aa2-aa17-7e1e8549b0c0.png, https://cdn.shopify.com/s/files/1/0888/8297/0937/files/GalleryImages02_c9b40979-1bc3-4b4b-8c2b-10d3e13dabc2.jpg, https://cdn.shopify.com/s/files/1/0888/8297/0937/files/GalleryImages03_1c80692c-ba1d-4b1b-b281-efc3e6d69587.jpg, https://cdn.shopify.com/s/files/1/0888/8297/0937/files/GalleryImages04_ff8c2ddf-f785-480f-9cad-f302c75a1875.jpg, https://cdn.shopify.com/s/files/1/0888/8297/0937/files/GalleryImages05_101e1d28-46b6-4f20-bf9f-42eedf120710.jpg, https://cdn.shopify.com/s/files/1/0888/8297/0937/files/GalleryImages06_a27c75cb-286d-45c2-93f8-dd6d934701c5.jpg, https://cdn.shopify.com/s/files/1/0888/8297/0937/files/GalleryImages07_74d05249-52b1-4b05-b810-427051c17105.jpg, https://cdn.shopify.com/s/files/1/0888/8297/0937/files/GalleryImages08_27261d8f-1260-439a-a3d1-ccfc8c2f457a.jpg, https://cdn.shopify.com/s/files/1/0888/8297/0937/files/GalleryImages09_702c35a7-d631-4e06-823d-db173ee560af.jpg"
simple,IA318VXUS,INVERTER AC | V SMART WI-FI SERIES | 1.5 TON | 3 STAR | 2026 BEE LABEL,1,0,visible,,,1,100,61500.00,38990.00,Air Conditioners,"https://cdn.shopify.com/s/files/1/0888/8297/0937/files/GalleryImages01_fa59470d-990b-45fe-8e9b-9613f2f547c1.png, https://cdn.shopify.com/s/files/1/0888/8297/0937/files/GalleryImages02_5211cbaf-a915-4aeb-aa65-a81ff9942485.jpg, https://cdn.shopify.com/s/files/1/0888/8297/0937/files/GalleryImages03_fb702b61-8497-4847-882f-658cfab9090d.jpg, https://cdn.shopify.com/s/files/1/0888/8297/0937/files/GalleryImages04_dc10a3cc-0db0-4689-be5c-68a220adddff.jpg, https://cdn.shopify.com/s/files/1/0888/8297/0937/files/GalleryImages05_c4ed6bf3-14d2-43b4-b7ec-6d2fc957e711.jpg, https://cdn.shopify.com/s/files/1/0888/8297/0937/files/GalleryImages06_990a9594-e13f-4f53-ae62-978d25dc6bbe.jpg, https://cdn.shopify.com/s/files/1/0888/8297/0937/files/5_in_1_Remote_B.png, https://cdn.shopify.com/s/files/1/0888/8297/0937/files/GalleryImages08_5f7ffd9e-aa68-4cdb-86df-6cd1c345ec1c.jpg"
simple,IA312VXUS,INVERTER AC | V SMART WI-FI SERIES | 1 TON | 3 STAR | 2026 BEE LABEL,1,0,visible,,,1,100,50500.00,34990.00,Air Conditioners,"https://cdn.shopify.com/s/files/1/0888/8297/0937/files/GalleryImages01_562df681-70c9-4a5c-91c5-0deac28df010.png, https://cdn.shopify.com/s/files/1/0888/8297/0937/files/GalleryImages02_37b4d6e9-ae95-4efe-93de-667e344b4175.jpg, https://cdn.shopify.com/s/files/1/0888/8297/0937/files/GalleryImages03_c24dd167-81b6-4424-8d98-627b3f57a137.jpg, https://cdn.shopify.com/s/files/1/0888/8297/0937/files/GalleryImages04_3a005251-e68a-4060-9636-a907c088b422.jpg, https://cdn.shopify.com/s/files/1/0888/8297/0937/files/GalleryImages05_103a2f5e-2f47-487c-b796-5dee7e9df3b3.jpg, https://cdn.shopify.com/s/files/1/0888/8297/0937/files/GalleryImages06_e7be9a49-dd72-421b-943a-a174cf47e81e.jpg, https://cdn.shopify.com/s/files/1/0888/8297/0937/files/GalleryImages07_f5a89e69-ea9e-4380-9704-c129bf69ae4c.jpg, https://cdn.shopify.com/s/files/1/0888/8297/0937/files/GalleryImages08_37a4034c-059a-408a-814b-5c77fcc69af3.jpg"
simple,IA312VXU,INVERTER AC | V SERIES | 1 TON | 3 STAR | 2026 BEE LABEL,1,0,visible,,,1,100,49500.00,33990.00,Air Conditioners,"https://cdn.shopify.com/s/files/1/0888/8297/0937/files/GalleryImages01_c8d08ac8-f954-4be0-9fd7-176abebe6f39.png, https://cdn.shopify.com/s/files/1/0888/8297/0937/files/GalleryImages02_557ff897-54c7-4d85-b7c8-e83b53b19af0.jpg, https://cdn.shopify.com/s/files/1/0888/8297/0937/files/GalleryImages03_112ddea0-2caf-45bf-8dfb-1a2ca9d96dba.jpg, https://cdn.shopify.com/s/files/1/0888/8297/0937/files/GalleryImages04_b07eac08-2afa-4716-a0b1-096759f388a9.jpg, https://cdn.shopify.com/s/files/1/0888/8297/0937/files/GalleryImages05_33585fae-2bb3-433f-acaf-1a52b3a5e588.jpg, https://cdn.shopify.com/s/files/1/0888/8297/0937/files/GalleryImages06_b86d04f1-736e-40d2-933c-b5b89432d509.jpg, https://cdn.shopify.com/s/files/1/0888/8297/0937/files/GalleryImages07_6b16c14b-81b5-497c-a5e3-08e7b92193da.jpg, https://cdn.shopify.com/s/files/1/0888/8297/0937/files/GalleryImages08_674395c1-33a7-4e34-8093-4625771d0bfa.jpg"
simple,IA512GXUS,INVERTER AC | G SMART WI-FI SERIES | 1 TON | 5 STAR | 2026 BEE LABEL,1,0,visible,,,1,100,62500.00,38990.00,Air Conditioners,"https://cdn.shopify.com/s/files/1/0888/8297/0937/files/GalleryImages01_938b7501-3a4e-41ce-9cdd-e791b6b6d696.png, https://cdn.shopify.com/s/files/1/0888/8297/0937/files/GalleryImages02_9dcfa56a-da88-425b-8101-ad9faa0e9b88.jpg, https://cdn.shopify.com/s/files/1/0888/8297/0937/files/GalleryImages03_7cf5317f-5ee4-4485-8c0d-925690fead99.jpg, https://cdn.shopify.com/s/files/1/0888/8297/0937/files/GalleryImages05_72277b95-38c0-4f27-b819-df62e26257a9.jpg, https://cdn.shopify.com/s/files/1/0888/8297/0937/files/GalleryImages07_2b1e6846-b520-4390-ad9c-617d25b95e71.jpg, https://cdn.shopify.com/s/files/1/0888/8297/0937/files/Gallery_Images_08_52613dc0-9d70-4039-b370-758b06dec106.jpg"
simple,IA318GXUS,INVERTER AC | G SMART WI-FI SERIES | 1.5 TON | 3 STAR | 2026 BEE LABEL,1,0,visible,,,1,100,61500.00,38990.00,Air Conditioners,"https://cdn.shopify.com/s/files/1/0888/8297/0937/files/GalleryImages01_8c4e1b96-0849-411b-9edb-60529ebeff67.png, https://cdn.shopify.com/s/files/1/0888/8297/0937/files/GalleryImages02_900be4f6-d364-4fa5-a512-2556008c2ab6.jpg, https://cdn.shopify.com/s/files/1/0888/8297/0937/files/GalleryImages03_45021892-f1ee-4e09-9965-70046510a0bb.jpg, https://cdn.shopify.com/s/files/1/0888/8297/0937/files/GalleryImages05_55ffdd02-7922-4a92-8c6d-70b7a8aca95f.jpg, https://cdn.shopify.com/s/files/1/0888/8297/0937/files/GalleryImages06_f1aa3102-f9c5-4867-b7eb-e573d3793758.jpg, https://cdn.shopify.com/s/files/1/0888/8297/0937/files/Gallery_Images_07.jpg"
simple,IA312GXUS,INVERTER AC | G SMART WI-FI SERIES | 1 TON | 3 STAR | 2026 BEE LABEL,1,0,visible,,,1,100,50500.00,34990.00,Air Conditioners,"https://cdn.shopify.com/s/files/1/0888/8297/0937/files/GalleryImages01_aec23f19-953f-4a3f-be1d-a4e2b020ec07.png, https://cdn.shopify.com/s/files/1/0888/8297/0937/files/GalleryImages02_4aae6e5b-285b-4bbc-9cf4-af7a0bd0c49f.jpg, https://cdn.shopify.com/s/files/1/0888/8297/0937/files/GalleryImages03_1af29c66-a951-47e4-9216-e6faa2ba49a5.jpg, https://cdn.shopify.com/s/files/1/0888/8297/0937/files/GalleryImages04_a99972a3-eb65-4b74-999e-e8c683c2d4a2.jpg, https://cdn.shopify.com/s/files/1/0888/8297/0937/files/GalleryImages05_a39ecf2a-44aa-435d-87c8-22dc34669811.jpg, https://cdn.shopify.com/s/files/1/0888/8297/0937/files/GalleryImages06_9b9dd5d1-b914-45f8-a60f-a1a1fb35c097.jpg, https://cdn.shopify.com/s/files/1/0888/8297/0937/files/GalleryImages07_034da630-6464-40e6-ad13-cd4f0bbb8106.jpg"
simple,IA322EXU,IA322EXU | 2 TON | 3 STAR | FIELD TRIAL UNIT,1,0,visible,,,1,100,69000.00,38000.00,exclude-from-search,"https://cdn.shopify.com/s/files/1/0888/8297/0937/files/GalleryImage01_64dc4952-fd57-47be-be65-91aebb7c7a6e.png, https://cdn.shopify.com/s/files/1/0888/8297/0937/files/GalleryImage02_02a6c26a-5a13-4b49-a3b4-741458bf5a0b.jpg, https://cdn.shopify.com/s/files/1/0888/8297/0937/files/GalleryImage03_fbd46482-a26a-412d-86fc-5ceadcd1c4da.jpg, https://cdn.shopify.com/s/files/1/0888/8297/0937/files/GalleryImage04_be774914-2d45-4b03-8253-7d8863f167ba.jpg, https://cdn.shopify.com/s/files/1/0888/8297/0937/files/GalleryImage05_a8bed929-69b0-4c71-8441-521924350c5a.jpg, https://cdn.shopify.com/s/files/1/0888/8297/0937/files/GalleryImage06_7b44f0d3-f5f6-49b9-9929-15513ecf45c4.jpg"
simple,IA312EXU,IA312EXU | 1 TON | 3 STAR | FIELD TRIAL UNIT,1,0,visible,,,1,100,49000.00,24000.00,exclude-from-search,"https://cdn.shopify.com/s/files/1/0888/8297/0937/files/GalleryImage01_76814737-9533-436f-b9f1-0ca6146800ea.png, https://cdn.shopify.com/s/files/1/0888/8297/0937/files/GalleryImage02_2c92baae-d3c1-4685-b027-c74adff0fce0.jpg, https://cdn.shopify.com/s/files/1/0888/8297/0937/files/GalleryImage03_da6bb6c2-56e5-4e64-a842-0a10050ad4c1.jpg, https://cdn.shopify.com/s/files/1/0888/8297/0937/files/GalleryImage04_c75b48b1-e034-4748-9502-78081607b147.jpg, https://cdn.shopify.com/s/files/1/0888/8297/0937/files/GalleryImage05_d00fe283-3afc-4b09-bcaf-bee98339e91e.jpg, https://cdn.shopify.com/s/files/1/0888/8297/0937/files/GalleryImage06_b440cc5d-2302-444b-9e62-4313d373f459.jpg"
simple,IA322QXFT,IA322QXFT | 2 TON | 3 STAR | FIELD TRIAL UNIT,1,0,visible,,,1,100,70500.00,38000.00,exclude-from-search,"https://cdn.shopify.com/s/files/1/0888/8297/0937/files/GalleryImage01_6301b14a-0c57-4a64-ab2c-09ed59a0a21a.png, https://cdn.shopify.com/s/files/1/0888/8297/0937/files/GalleryImage02_3e2f7bd0-78c6-4d5c-8eb3-6c268d511b7b.jpg, https://cdn.shopify.com/s/files/1/0888/8297/0937/files/GalleryImage03_47fffa2b-8508-47c4-af03-ddb141a513ad.jpg, https://cdn.shopify.com/s/files/1/0888/8297/0937/files/GalleryImage04_2dc42708-11de-48d6-8793-b644975249c4.jpg, https://cdn.shopify.com/s/files/1/0888/8297/0937/files/GalleryImage05_19f2fdcb-9f67-4758-a1d6-f6de358a016d.jpg, https://cdn.shopify.com/s/files/1/0888/8297/0937/files/GalleryImage06_cf3ddbf2-5ed6-4380-8e6c-02502487d3f5.jpg, https://cdn.shopify.com/s/files/1/0888/8297/0937/files/GalleryImage07_9d2766dd-5bca-4912-966c-cdec5ee536ce.jpg, https://cdn.shopify.com/s/files/1/0888/8297/0937/files/GalleryImage08_6577a37e-be38-46a0-8144-a966869650bd.jpg, https://cdn.shopify.com/s/files/1/0888/8297/0937/files/GalleryImage09_ff4d9169-dd9c-4469-9f2e-767feb2aeb74.jpg"
simple,IB318QXFT,IB318QXFT | 1.5 TON | 3 STAR | FIELD TRIAL UNIT,1,0,visible,,,1,100,60500.00,27500.00,exclude-from-search,"https://cdn.shopify.com/s/files/1/0888/8297/0937/files/GalleryImage01_dda273a4-27dc-48dc-9040-4daf5f48c0c9.png, https://cdn.shopify.com/s/files/1/0888/8297/0937/files/GalleryImage02_7c045453-b326-4d93-9bff-7216b3536127.jpg, https://cdn.shopify.com/s/files/1/0888/8297/0937/files/GalleryImage03_d9eaf463-54b5-46e7-b044-7dd5129e59e3.jpg, https://cdn.shopify.com/s/files/1/0888/8297/0937/files/GalleryImage04_e2a97233-d7fc-4fb7-b74a-e339a5a3585f.jpg, https://cdn.shopify.com/s/files/1/0888/8297/0937/files/GalleryImage05_e41fd3c3-8b41-41a6-8e91-84a29b2ec6ba.jpg, https://cdn.shopify.com/s/files/1/0888/8297/0937/files/GalleryImage06_c3d9729e-e971-453f-8f12-87bd8838141d.jpg, https://cdn.shopify.com/s/files/1/0888/8297/0937/files/GalleryImage07_89910e3e-49fb-4dc4-b7ad-1bc312c8fb70.jpg, https://cdn.shopify.com/s/files/1/0888/8297/0937/files/GalleryImage08_6ca50fab-fb2e-40b5-ac06-60502bf5edcd.jpg, https://cdn.shopify.com/s/files/1/0888/8297/0937/files/GalleryImage09_19b10f6f-fda5-43da-a8e1-d457f2e5b6c1.jpg"
simple,IA318ZXUS,INVERTER AC | Z SMART WI-FI SERIES | 1.5 TON | 3 STAR | 2026 BEE LABEL,1,0,visible,,,1,100,61000.00,38990.00,Air Conditioners,"https://cdn.shopify.com/s/files/1/0888/8297/0937/files/GalleryImages01_7303814c-596b-468f-8759-cf87cede5a56.png, https://cdn.shopify.com/s/files/1/0888/8297/0937/files/GalleryImages02_f6734550-7187-49b9-a4ba-fec3a76b848b.jpg, https://cdn.shopify.com/s/files/1/0888/8297/0937/files/GalleryImages03_45755100-3468-4585-985b-74ab68cc2a83.jpg, https://cdn.shopify.com/s/files/1/0888/8297/0937/files/GalleryImages04_57924b06-263d-40a2-ac1c-4d2f9fd83004.jpg, https://cdn.shopify.com/s/files/1/0888/8297/0937/files/GalleryImages05_c17585bb-21ff-4939-b1a2-2f03377a2672.jpg, https://cdn.shopify.com/s/files/1/0888/8297/0937/files/GalleryImages06_c4a85dae-17b9-437e-8c17-80de2d3f9fb8.jpg, https://cdn.shopify.com/s/files/1/0888/8297/0937/files/GalleryImages07_c44b1ed5-d693-4a25-bbed-53c839b71498.jpg, https://cdn.shopify.com/s/files/1/0888/8297/0937/files/GalleryImages08_b6bbb139-d9de-4785-9cd0-da7331ba8041.jpg, https://cdn.shopify.com/s/files/1/0888/8297/0937/files/GalleryImages09_6bb019c0-d26c-44dc-92dd-781757318eba.jpg"
simple,IA512ZXUS,INVERTER AC | Z SMART WI-FI SERIES | 1 TON | 5 STAR | 2026 BEE LABEL,1,0,visible,,,1,100,62000.00,38990.00,Air Conditioners,"https://cdn.shopify.com/s/files/1/0888/8297/0937/files/GalleryImages01_19770b01-652e-463d-a45a-2e36ec72258b.png, https://cdn.shopify.com/s/files/1/0888/8297/0937/files/GalleryImages02_3d0d6027-447f-4cc8-82c8-f544186f823b.jpg, https://cdn.shopify.com/s/files/1/0888/8297/0937/files/GalleryImages03_16881d1f-7554-43db-bd12-41a7f60def25.jpg, https://cdn.shopify.com/s/files/1/0888/8297/0937/files/GalleryImages04_72f4f833-ac8b-4c85-9335-22849210d702.jpg, https://cdn.shopify.com/s/files/1/0888/8297/0937/files/GalleryImages05_11a4c38e-3ca2-44df-b912-23897238ded0.jpg, https://cdn.shopify.com/s/files/1/0888/8297/0937/files/GalleryImages06_7629c5e8-3b19-447d-a7c5-be5ef3cdac05.jpg, https://cdn.shopify.com/s/files/1/0888/8297/0937/files/GalleryImages07_144caf98-48fb-4284-b8f8-16efc59fb59b.jpg, https://cdn.shopify.com/s/files/1/0888/8297/0937/files/GalleryImages08_fa27e619-f25e-43e9-8382-fefcf2e4bbf6.jpg, https://cdn.shopify.com/s/files/1/0888/8297/0937/files/GalleryImages09_e02000f4-9386-4bfe-9363-f9b281720edc.jpg"
simple,IA312ZXU,INVERTER AC | Z SERIES | 1 TON | 3 STAR | 2026 BEE LABEL,1,0,visible,,,1,100,49000.00,33490.00,Air Conditioners,"https://cdn.shopify.com/s/files/1/0888/8297/0937/files/GalleryImages01_368ef64a-9579-4887-89b9-d4a3d8b26cc2.png, https://cdn.shopify.com/s/files/1/0888/8297/0937/files/GalleryImages02_9bf9a532-056a-46dd-b04f-dc5f9d288a1b.jpg, https://cdn.shopify.com/s/files/1/0888/8297/0937/files/GalleryImages03_664aa0a5-74f3-483d-93ea-ac1d413b57b4.jpg, https://cdn.shopify.com/s/files/1/0888/8297/0937/files/GalleryImages04_67d15c1e-302e-4d9d-8998-a9f52b35ca66.jpg, https://cdn.shopify.com/s/files/1/0888/8297/0937/files/GalleryImages05_d15bdca7-72c0-4a14-866c-2311ee0f1688.jpg, https://cdn.shopify.com/s/files/1/0888/8297/0937/files/GalleryImages06_b206120c-1b88-42f4-9956-e5171ddc39f7.jpg, https://cdn.shopify.com/s/files/1/0888/8297/0937/files/GalleryImages07_106db6e9-4665-452f-ae86-2a5a0f10ca67.jpg, https://cdn.shopify.com/s/files/1/0888/8297/0937/files/GalleryImages08_b31b00ed-7238-4869-8b3d-564e8f2e4b96.jpg, https://cdn.shopify.com/s/files/1/0888/8297/0937/files/GalleryImages09_8b6a9644-bce8-429c-bcbf-d769bd7789aa.jpg"
simple,IE318DKFT,IE318DKFT | 1.5 TON | 3 STAR | FIELD TRIAL UNIT,1,0,visible,,,1,100,61250.00,27500.00,exclude-from-search,"https://cdn.shopify.com/s/files/1/0888/8297/0937/files/GalleryImages01_dd90a9a6-7018-4682-a0af-c97507884db3.png, https://cdn.shopify.com/s/files/1/0888/8297/0937/files/GalleryImages02_76349ea5-0dc5-4eea-bf44-688603d1a1ef.jpg, https://cdn.shopify.com/s/files/1/0888/8297/0937/files/GalleryImages03_f84ebb54-e38a-420d-8224-471f34787108.jpg, https://cdn.shopify.com/s/files/1/0888/8297/0937/files/GalleryImages04_38626a9d-2a8e-4499-a10a-7f25b736dabe.jpg, https://cdn.shopify.com/s/files/1/0888/8297/0937/files/GalleryImages05_f7064ff3-5626-4c8f-bb8e-d5f666525a0b.jpg, https://cdn.shopify.com/s/files/1/0888/8297/0937/files/GalleryImages06_646e8d04-434f-475b-ad1a-6373288813c6.jpg, https://cdn.shopify.com/s/files/1/0888/8297/0937/files/GalleryImages07_97ee0fb0-e2b3-4f24-8fe5-f9ef880f6485.jpg, https://cdn.shopify.com/s/files/1/0888/8297/0937/files/Gallery_Images_08_973650e0-1a20-4c2e-a9c1-c4657d62820d.jpg"
simple,IC312HKFT,IC312HKFT | 1 TON | 3 STAR | FIELD TRIAL UNIT,1,0,visible,,,1,100,50750.00,24000.00,exclude-from-search,"https://cdn.shopify.com/s/files/1/0888/8297/0937/files/GalleryImages01_eac81dd8-7e8b-4adf-998d-8550999ca32a.png, https://cdn.shopify.com/s/files/1/0888/8297/0937/files/GalleryImages02_f72ad16a-3616-42a4-928e-708c37daf85c.jpg, https://cdn.shopify.com/s/files/1/0888/8297/0937/files/GalleryImages03_bb4b2bb6-42ee-4c67-b80a-2e157ac1ad45.jpg, https://cdn.shopify.com/s/files/1/0888/8297/0937/files/GalleryImages04_f965013e-238d-42f5-a132-0ab14159c316.jpg, https://cdn.shopify.com/s/files/1/0888/8297/0937/files/GalleryImages05_cc813859-be3b-4284-84b3-b2e8b19eb95b.jpg, https://cdn.shopify.com/s/files/1/0888/8297/0937/files/GalleryImages06_818d46e8-a289-49ff-a025-d05a5e5bda00.jpg, https://cdn.shopify.com/s/files/1/0888/8297/0937/files/GalleryImages07_123b4827-d342-4382-825a-121f81d2ef79.jpg, https://cdn.shopify.com/s/files/1/0888/8297/0937/files/GalleryImages08_e98b7c86-81e9-4a70-95d1-0d64a484f4ff.jpg, https://cdn.shopify.com/s/files/1/0888/8297/0937/files/GalleryImages09_78d02cd6-405d-4bdb-b603-638221050aca.jpg"
simple,IA518PXU,IA518PXU | 1.5 TON | 5 STAR | FIELD TRIAL UNIT,1,0,visible,,,1,100,74000.00,35500.00,exclude-from-search,"https://cdn.shopify.com/s/files/1/0888/8297/0937/files/IA312PXUGalleryImages01_b4525a2c-9ee4-422b-a876-93d65b372466.png, https://cdn.shopify.com/s/files/1/0888/8297/0937/files/IA312PXUGalleryImages02_b45106c7-17a4-4bad-8045-0eca9a5ead7d.jpg, https://cdn.shopify.com/s/files/1/0888/8297/0937/files/IA312PXUGalleryImages03_5472d9de-6afe-49f7-90c2-3f2f7cb05d70.jpg, https://cdn.shopify.com/s/files/1/0888/8297/0937/files/IA312PXUGalleryImages04_4a76a0b2-b3bd-4cbd-aed8-29cc834d6715.jpg, https://cdn.shopify.com/s/files/1/0888/8297/0937/files/IA312PXUGalleryImages05_901acd5e-bf90-43c2-a797-dc54d1bb1833.jpg, https://cdn.shopify.com/s/files/1/0888/8297/0937/files/IA312PXUGalleryImages06_6c6d8f5f-3fd6-4dbf-aead-6c10bbbc84ec.jpg, https://cdn.shopify.com/s/files/1/0888/8297/0937/files/IA518PXU_Gallery_Images_07.jpg, https://cdn.shopify.com/s/files/1/0888/8297/0937/files/IA312PXUGalleryImages08_2faa0b17-973b-478f-8cf6-a36ffa0f35f3.jpg"
simple,IE518SNUR,INVERTER AC |  ICONIA SERIES - MIDNIGHT SILVER | 1.5 TON | 5 STAR | 2025 BEE LABEL,1,0,visible,,,1,100,78500.00,45990.00,Air Conditioners,"https://cdn.shopify.com/s/files/1/0888/8297/0937/files/GalleryImages01_ca918020-7737-49e4-add9-6b02c576b8f8.png, https://cdn.shopify.com/s/files/1/0888/8297/0937/files/GalleryImages02_b1f62bc5-4506-4629-b94d-d06fbce19a9e.jpg, https://cdn.shopify.com/s/files/1/0888/8297/0937/files/GalleryImages03_f8e129a5-e32e-4fb6-bf07-1ec2c527e271.jpg, https://cdn.shopify.com/s/files/1/0888/8297/0937/files/GalleryImages04_acba9a06-03fb-4d14-a14b-573429e20841.jpg, https://cdn.shopify.com/s/files/1/0888/8297/0937/files/GalleryImages05_9fb6c591-9faf-4634-9401-2a2216e23cf7.jpg, https://cdn.shopify.com/s/files/1/0888/8297/0937/files/GalleryImages06_98da1df5-3abd-42dd-9a50-0833c9cf86ed.jpg, https://cdn.shopify.com/s/files/1/0888/8297/0937/files/GalleryImages07_136963ac-33eb-40d8-8dee-ebe6ced4b700.jpg, https://cdn.shopify.com/s/files/1/0888/8297/0937/files/Iconia-Remote_1.png, https://cdn.shopify.com/s/files/1/0888/8297/0937/files/GalleryImages09_1839d578-9cac-44a9-a480-fdfff7e1dc72.jpg"
simple,BS-AP490LAN,BS-AP490LAN,1,0,visible,,<p>Air Purifer with 800Sq ft Coverage Area</p>,1,100,19990.00,12499.00,Air Purifiers,"https://cdn.shopify.com/s/files/1/0888/8297/0937/files/bs-ap490lan_bs-ap490lan-1.png, https://cdn.shopify.com/s/files/1/0888/8297/0937/files/bs-ap490lan_bs-ap490lan-ls.png, https://cdn.shopify.com/s/files/1/0888/8297/0937/files/bs-ap490lan_bs-ap490lan-t1.png, https://cdn.shopify.com/s/files/1/0888/8297/0937/files/bs-ap490lan_bs-ap490lan-rs.png"
simple,AP700DAI,AP700DAI,1,0,visible,,"<ul class=""details-page-custom-attr"">
<li>SensAir Technology</li>
<li>Microbe DeActive+ Technology</li>
<li>Inbuilt Wheels</li>
<li>Advanced HEPA 13 Filter for PM2.5 Pollutants</li>
<li>Active Carbon Filtration</li>
<li>Ambient Light Sensor</li>
</ul>",1,100,34990.00,26990.00,Air Purifiers,"https://cdn.shopify.com/s/files/1/0888/8297/0937/files/ap700dai_hi-resolution-image-3.png, https://cdn.shopify.com/s/files/1/0888/8297/0937/files/ap700dai_ap700dai-gallery-images-02.jpg, https://cdn.shopify.com/s/files/1/0888/8297/0937/files/ap700dai_ap700dai-gallery-images-03.jpg"
simple,AP420OAN,AP420OAN,1,0,visible,,<p>Air Purifier with Microbe Sterilize Technology and HEPA 13 filter(Coverage area up to 64 sq.m.)</p>,1,100,19990.00,12990.00,Air Purifiers,"https://cdn.shopify.com/s/files/1/0888/8297/0937/files/AP420OAN.png, https://cdn.shopify.com/s/files/1/0888/8297/0937/files/ap420oan_artboard_1_copy_4.png, https://cdn.shopify.com/s/files/1/0888/8297/0937/files/ap420oan_artboard_1_copy_5.png, https://cdn.shopify.com/s/files/1/0888/8297/0937/files/ap420oan_artboard_1_copy_3-2.png, https://cdn.shopify.com/s/files/1/0888/8297/0937/files/ap420oan_artboard_1_copy_6.png"
simple,BS-AP300DAI,BS-AP300DAI,1,0,visible,,<p>Air Purifer with 400Sq ft Coverage Area</p>,1,100,10490.00,7999.00,Air Purifiers,"https://cdn.shopify.com/s/files/1/0888/8297/0937/files/AP300DAI.png, https://cdn.shopify.com/s/files/1/0888/8297/0937/files/bs-ap300dai_bs-ap300dai-ls.png, https://cdn.shopify.com/s/files/1/0888/8297/0937/files/bs-ap300dai_bs-ap300dai-rs.png, https://cdn.shopify.com/s/files/1/0888/8297/0937/files/bs-ap300dai_bs-ap300dai-t.png"
simple,IA322DXFT,IA322DXFT | 1.8 TON | 3 STAR | FIELD TRIAL UNIT,1,0,visible,,,1,100,75000.00,38000.00,exclude-from-search,"https://cdn.shopify.com/s/files/1/0888/8297/0937/files/Gallery-Images-01_1fee4e52-decb-4157-b508-bfc112d23708.png, https://cdn.shopify.com/s/files/1/0888/8297/0937/files/Gallery-Images-02_411f8808-e423-4aaa-8ab9-d9107527d790.jpg, https://cdn.shopify.com/s/files/1/0888/8297/0937/files/Gallery-Images-03_d6f96a17-e0e1-474e-81ab-62b53dc27c49.jpg, https://cdn.shopify.com/s/files/1/0888/8297/0937/files/Gallery-Images-04_0bdd8c68-e4ca-49ef-a2f2-797e118ad2f3.jpg, https://cdn.shopify.com/s/files/1/0888/8297/0937/files/Gallery-Images-05_9f15f429-e325-4e9d-a01d-8213f599ecf4.jpg, https://cdn.shopify.com/s/files/1/0888/8297/0937/files/Gallery-Images-06_439552c6-fd44-40c1-807b-dc1f306b7044.jpg, https://cdn.shopify.com/s/files/1/0888/8297/0937/files/Gallery-Images-07_a90e93fc-423a-46fe-93df-cf87ba2fb061.jpg, https://cdn.shopify.com/s/files/1/0888/8297/0937/files/Gallery-Images-08_f4a42167-7cd5-45e8-8b5b-7e51b2831362.jpg"
simple,IA312TXFT,IA312TXFT | 1 TON |3 STAR | FIELD TRIAL UNIT,1,0,visible,,,1,100,52500.00,24000.00,exclude-from-search,"https://cdn.shopify.com/s/files/1/0888/8297/0937/files/01_Front_View_revised.png, https://cdn.shopify.com/s/files/1/0888/8297/0937/files/02_IDU_Left_View.jpg, https://cdn.shopify.com/s/files/1/0888/8297/0937/files/03_IDU_Right_View.jpg, https://cdn.shopify.com/s/files/1/0888/8297/0937/files/04_ODU_Straight.jpg, https://cdn.shopify.com/s/files/1/0888/8297/0937/files/05_ODU_Left.jpg, https://cdn.shopify.com/s/files/1/0888/8297/0937/files/06_ODU_Right.jpg, https://cdn.shopify.com/s/files/1/0888/8297/0937/files/07_ODU_Back.jpg, https://cdn.shopify.com/s/files/1/0888/8297/0937/files/08_BEE_Label.jpg, https://cdn.shopify.com/s/files/1/0888/8297/0937/files/09_Remote.jpg"
simple,IC512DFT,INVERTER SPLIT AC | D SERIES |  1 TON |  5 STAR,1,0,visible,,,1,100,63000.00,30000.00,,"https://cdn.shopify.com/s/files/1/0888/8297/0937/files/ic512dnur_gallery-images-01_3_16.png, https://cdn.shopify.com/s/files/1/0888/8297/0937/files/ic512dnur_gallery-images-02_3_16.jpg, https://cdn.shopify.com/s/files/1/0888/8297/0937/files/ic512dnur_gallery-images-03_3_16.jpg, https://cdn.shopify.com/s/files/1/0888/8297/0937/files/ic512dnur_gallery-images-04_3_15.jpg, https://cdn.shopify.com/s/files/1/0888/8297/0937/files/ic512dnur_gallery-images-05_3_15.jpg, https://cdn.shopify.com/s/files/1/0888/8297/0937/files/ic512dnur_gallery-images-06_3_15.jpg, https://cdn.shopify.com/s/files/1/0888/8297/0937/files/ic512dnur_gallery-images-07_3_15.jpg, https://cdn.shopify.com/s/files/1/0888/8297/0937/files/IC512DFT.jpg"
simple,WFE309L,FIXED SPEED WINDOW AC | L SERIES |  0.8 TON |  3 STAR | 2025 BEE LABEL,1,0,visible,,,1,100,27600.00,23590.00,Air Conditioners,"https://cdn.shopify.com/s/files/1/0888/8297/0937/files/WFE309L01.png, https://cdn.shopify.com/s/files/1/0888/8297/0937/files/WFE309L02.jpg, https://cdn.shopify.com/s/files/1/0888/8297/0937/files/WFE309L03.jpg"
simple,WIE324L,INVERTER WINDOW AC | L SERIES |  2 TON | 3 STAR | 2025 BEE LABEL,1,0,visible,,,1,100,50700.00,38790.00,Air Conditioners,"https://cdn.shopify.com/s/files/1/0888/8297/0937/files/WIE324L01.png, https://cdn.shopify.com/s/files/1/0888/8297/0937/files/WIE324L02.jpg, https://cdn.shopify.com/s/files/1/0888/8297/0937/files/WIE324L03.jpg"
simple,FD318DNU,FIXED SPEED AC | D SERIES |   1.5 TON | 3 STAR | 2025 BEE LABEL,1,0,visible,,<p>Experience the power of heavy duty cooling as this 3 Star heavy duty AC offers superior features like high cooling performance;   energy saver;   turbo cool and a 1110 mm wide IDU which ensures maximum cooling under extreme ambient conditions.</p>,1,100,51600.00,38690.00,Air Conditioners,"https://cdn.shopify.com/s/files/1/0888/8297/0937/files/Gallery_Image_01_6880bafe-b85a-414c-9b11-3b016029cf9c.png, https://cdn.shopify.com/s/files/1/0888/8297/0937/files/Gallery_Image_02_b8548981-42cc-4228-bc6f-cb89d4998bab.jpg, https://cdn.shopify.com/s/files/1/0888/8297/0937/files/Gallery_Image_03_e5a95ac4-119d-481a-a545-3586b862a0e6.jpg, https://cdn.shopify.com/s/files/1/0888/8297/0937/files/Gallery_ODU_1.jpg, https://cdn.shopify.com/s/files/1/0888/8297/0937/files/Gallery_ODU_2.jpg, https://cdn.shopify.com/s/files/1/0888/8297/0937/files/Gallery_ODU_3.jpg, https://cdn.shopify.com/s/files/1/0888/8297/0937/files/fd318dnu_fd318dnu_gallery_images_07.jpg, https://cdn.shopify.com/s/files/1/0888/8297/0937/files/Gallery_Image_08_FD318DNU.jpg"
simple,ID512QNUR-W,INVERTER AC | Q SERIES - WOODEN | 1 TON |  5 STAR | 2025 BEE LABEL,1,0,visible,,,1,100,60300.00,37490.00,Air Conditioners,"https://cdn.shopify.com/s/files/1/0888/8297/0937/files/ID512QNUR-W01.png, https://cdn.shopify.com/s/files/1/0888/8297/0937/files/ID512QNUR-W02.jpg, https://cdn.shopify.com/s/files/1/0888/8297/0937/files/ID512QNUR-W03.jpg, https://cdn.shopify.com/s/files/1/0888/8297/0937/files/ID512QNUR-W04.jpg, https://cdn.shopify.com/s/files/1/0888/8297/0937/files/ID512QNUR-W05.jpg, https://cdn.shopify.com/s/files/1/0888/8297/0937/files/ID512QNUR-W06.jpg, https://cdn.shopify.com/s/files/1/0888/8297/0937/files/ID512QNUR-W07.jpg, https://cdn.shopify.com/s/files/1/0888/8297/0937/files/ID512QNUR-W08.jpg"
simple,IE312VNUS,INVERTER AC | V SMART WI-FI SERIES |  1 TON |  3 STAR | 2025 BEE LABEL,1,0,visible,,,1,100,48600.00,33990.00,Air Conditioners,"https://cdn.shopify.com/s/files/1/0888/8297/0937/files/1_IE312VNUS-IDUFrontView.png, https://cdn.shopify.com/s/files/1/0888/8297/0937/files/2_IG312VNUS-IDULeftView_b579dae9-b805-43b1-b141-20d4944eb5db.png, https://cdn.shopify.com/s/files/1/0888/8297/0937/files/3_IE312VNUS-IDURightView.jpg, https://cdn.shopify.com/s/files/1/0888/8297/0937/files/4_IE312VNUS-ODUFrontView.jpg, https://cdn.shopify.com/s/files/1/0888/8297/0937/files/5_IE312VNUS-ODULeftView.jpg, https://cdn.shopify.com/s/files/1/0888/8297/0937/files/6_IE312VNUS-ODURightView.jpg, https://cdn.shopify.com/s/files/1/0888/8297/0937/files/7_IE312VNUS-Remote.jpg, https://cdn.shopify.com/s/files/1/0888/8297/0937/files/SLLB-K00026-00_-ENERGY_LABEL_IE312VNUS.jpg"
simple,ID318YKU,INVERTER AC | YKU SERIES |  1.5 TON |  3 STAR | 2025 BEE LABEL,1,0,visible,,<p>A compact 3 Star AC which offers superior cooling due to features like 5-in-1 convertible;   turbo cool;   anti corrosive blue fins for protection;   energy saver and many more.</p>,1,100,56400.00,36490.00,Air Conditioners,"https://cdn.shopify.com/s/files/1/0888/8297/0937/files/ID318YKU.png, https://cdn.shopify.com/s/files/1/0888/8297/0937/files/Y-Angle-A_0115e59a-3ec0-4953-9db8-2f272735924a.png, https://cdn.shopify.com/s/files/1/0888/8297/0937/files/Y-Angle-B_079d8598-d343-44cb-916b-8361be302a56.png, https://cdn.shopify.com/s/files/1/0888/8297/0937/files/Y-F_9db06df4-bf2d-4644-b0bb-82af17b63229.jpg, https://cdn.shopify.com/s/files/1/0888/8297/0937/files/Y-L_b66a89fc-6bc5-4742-bb28-afee4a58dcd9.jpg, https://cdn.shopify.com/s/files/1/0888/8297/0937/files/Y-R_d4f7007b-9b7d-45ec-b827-24e738412ad2.jpg, https://cdn.shopify.com/s/files/1/0888/8297/0937/files/Remote-01_7f8449c7-700e-474c-adce-e99aab5cddd1.png, https://cdn.shopify.com/s/files/1/0888/8297/0937/files/SLLB-K884-00-ENERGY_LABEL_ID318YKU.jpg"
simple,ID318DKU,INVERTER AC | DKU SERIES |  1.5 TON |  3 STAR | 2025 BEE LABEL,1,0,visible,,<p>This classy 3 star inverter AC exceeds your expectations with top class features like turbo cool;   5-in-1 convertible ;   smart ready;   stabiliser-free operation and anti-corrosive blue fins for protection</p>,1,100,56400.00,36490.00,Air Conditioners,"https://cdn.shopify.com/s/files/1/0888/8297/0937/files/Gallery_Images_01_4d2dce34-e08d-424b-b763-26b4fc0a42cf.png, https://cdn.shopify.com/s/files/1/0888/8297/0937/files/Gallery_Images_03_ef766290-04df-4da7-8e77-dfa7e401b561.jpg, https://cdn.shopify.com/s/files/1/0888/8297/0937/files/Gallery_Images_02_c54a3e7d-3847-436e-a0d8-bd881816ff9e.jpg, https://cdn.shopify.com/s/files/1/0888/8297/0937/files/4.HPInvODU_Front_2.jpg, https://cdn.shopify.com/s/files/1/0888/8297/0937/files/5.HPInvODU_Left_4.jpg, https://cdn.shopify.com/s/files/1/0888/8297/0937/files/6.HPInvODU_Right_4.jpg, https://cdn.shopify.com/s/files/1/0888/8297/0937/files/Remote-01_9ebd0f32-78ea-4ad9-a7a3-fbe5517fd1d0.png, https://cdn.shopify.com/s/files/1/0888/8297/0937/files/SLLB-K887-00_ENERGY_LABEL_ID318DKU_0.jpg"
simple,ID512QNUR-B,INVERTER AC | Q SERIES - BLACK | 1 TON |  5 STAR | 2025 BEE LABEL,1,0,visible,,,1,100,60300.00,37490.00,Air Conditioners,"https://cdn.shopify.com/s/files/1/0888/8297/0937/files/ID512QNUR-B01.png, https://cdn.shopify.com/s/files/1/0888/8297/0937/files/ID512QNUR-B02.jpg, https://cdn.shopify.com/s/files/1/0888/8297/0937/files/ID512QNUR-B03.jpg, https://cdn.shopify.com/s/files/1/0888/8297/0937/files/ID512QNUR-B04.jpg, https://cdn.shopify.com/s/files/1/0888/8297/0937/files/ID512QNUR-B05.jpg, https://cdn.shopify.com/s/files/1/0888/8297/0937/files/ID512QNUR-B06.jpg, https://cdn.shopify.com/s/files/1/0888/8297/0937/files/ID512QNUR-B07.jpg, https://cdn.shopify.com/s/files/1/0888/8297/0937/files/ID512QNUR-B08.jpg"
simple,IE512PNU,INVERTER AC | P SERIES | 1 TON |  5 STAR | 2025 BEE LABEL,1,0,visible,,,1,100,58500.00,36990.00,Air Conditioners,"https://cdn.shopify.com/s/files/1/0888/8297/0937/files/IE512PNU01.png, https://cdn.shopify.com/s/files/1/0888/8297/0937/files/IE512PNU02.jpg, https://cdn.shopify.com/s/files/1/0888/8297/0937/files/IE512PNU03.jpg, https://cdn.shopify.com/s/files/1/0888/8297/0937/files/IE512PNU04.jpg, https://cdn.shopify.com/s/files/1/0888/8297/0937/files/IE512PNU05.jpg, https://cdn.shopify.com/s/files/1/0888/8297/0937/files/IE512PNU06.jpg, https://cdn.shopify.com/s/files/1/0888/8297/0937/files/IE512PNU07.jpg, https://cdn.shopify.com/s/files/1/0888/8297/0937/files/IE512PNU08.jpg"
simple,IE318RNU,INVERTER AC | R SERIES | 1.5 TON |  3 STAR | 2025 BEE LABEL,1,0,visible,,,1,100,58300.00,36490.00,Air Conditioners,"https://cdn.shopify.com/s/files/1/0888/8297/0937/files/1_IE318RNU-IDUFrontView.png, https://cdn.shopify.com/s/files/1/0888/8297/0937/files/2_IE318RNU-IDULeftView.jpg, https://cdn.shopify.com/s/files/1/0888/8297/0937/files/3_IE318RNU-IDURightView.jpg, https://cdn.shopify.com/s/files/1/0888/8297/0937/files/4_IE318RNU-ODUFrontView.jpg, https://cdn.shopify.com/s/files/1/0888/8297/0937/files/5_IE318RNU-ODULeftView.jpg, https://cdn.shopify.com/s/files/1/0888/8297/0937/files/6_IE318RNU-ODURightView.jpg, https://cdn.shopify.com/s/files/1/0888/8297/0937/files/7_IE318RNU-Remote.jpg, https://cdn.shopify.com/s/files/1/0888/8297/0937/files/8_IE318RNU-ENERGYLABEL.jpg"
simple,IG312RNU,INVERTER AC | R SERIES | 1 TON |  3 STAR | 2025 BEE LABEL,1,0,visible,,,1,100,47400.00,33490.00,Air Conditioners,"https://cdn.shopify.com/s/files/1/0888/8297/0937/files/1_IG312RNU-IDUFrontView.png, https://cdn.shopify.com/s/files/1/0888/8297/0937/files/2_IG312RNU-IDULeftView.jpg, https://cdn.shopify.com/s/files/1/0888/8297/0937/files/3_IG312RNU-IDURightView.jpg, https://cdn.shopify.com/s/files/1/0888/8297/0937/files/4_IG312RNU-ODUFrontView.jpg, https://cdn.shopify.com/s/files/1/0888/8297/0937/files/5_IG312RNU-ODULeftView.jpg, https://cdn.shopify.com/s/files/1/0888/8297/0937/files/6_IG312RNU-ODURightView.jpg, https://cdn.shopify.com/s/files/1/0888/8297/0937/files/7_IG312RNU-Remote.jpg, https://cdn.shopify.com/s/files/1/0888/8297/0937/files/8_IG312RNU-ENERGYLABEL.jpg"
simple,fieldtrialproduct,Field Trial Offer Test Product 2,1,0,visible,,,1,100,2.00,1.00,exclude-from-search,https://cdn.shopify.com/s/files/1/0888/8297/0937/files/field-trail.webp
simple,fieldtrial,Field Trial Offer Test Product,1,0,visible,,,1,100,2.00,1.00,exclude-from-search,https://cdn.shopify.com/s/files/1/0888/8297/0937/files/field-trail.webp
simple,IE518PNU,INVERTER AC | P SERIES | 1.5 TON |  5 STAR | 2025 BEE LABEL,1,0,visible,,,1,100,68600.00,42990.00,Air Conditioners,"https://cdn.shopify.com/s/files/1/0888/8297/0937/files/IE518PNU01.png, https://cdn.shopify.com/s/files/1/0888/8297/0937/files/IE518PNU02.jpg, https://cdn.shopify.com/s/files/1/0888/8297/0937/files/IE518PNU03.jpg, https://cdn.shopify.com/s/files/1/0888/8297/0937/files/IE518PNU04.jpg, https://cdn.shopify.com/s/files/1/0888/8297/0937/files/IE518PNU05.jpg, https://cdn.shopify.com/s/files/1/0888/8297/0937/files/IE518PNU06.jpg, https://cdn.shopify.com/s/files/1/0888/8297/0937/files/IE518PNU07.jpg, https://cdn.shopify.com/s/files/1/0888/8297/0937/files/IE518PNU08.jpg"
simple,IC318NNUS,INVERTER AC |  N SMART WI-FI SERIES | 1.5 TON | 3 STAR | 2025 BEE LABEL,1,0,visible,,,1,100,59600.00,37290.00,Air Conditioners,"https://cdn.shopify.com/s/files/1/0888/8297/0937/files/GalleryImages01.png, https://cdn.shopify.com/s/files/1/0888/8297/0937/files/GalleryImages02.jpg, https://cdn.shopify.com/s/files/1/0888/8297/0937/files/GalleryImages03.jpg, https://cdn.shopify.com/s/files/1/0888/8297/0937/files/GalleryImages04.jpg, https://cdn.shopify.com/s/files/1/0888/8297/0937/files/GalleryImages06.jpg, https://cdn.shopify.com/s/files/1/0888/8297/0937/files/GalleryImages07.jpg, https://cdn.shopify.com/s/files/1/0888/8297/0937/files/GalleryImages05.jpg, https://cdn.shopify.com/s/files/1/0888/8297/0937/files/GalleryImages08.jpg, https://cdn.shopify.com/s/files/1/0888/8297/0937/files/GalleryImages09.jpg"
simple,IE312YNUS,INVERTER AC | Y SMART WI-FI SERIES | 1 TON |  3 STAR | 2025 BEE LABEL,1,0,visible,,,1,100,48300.00,33990.00,Air Conditioners,"https://cdn.shopify.com/s/files/1/0888/8297/0937/files/1_IE312YNUS-IDUFrontView_6770994b-aded-458a-922f-dbfbb7ec12f1.png, https://cdn.shopify.com/s/files/1/0888/8297/0937/files/2_IE312YNUS-IDULeftView.jpg, https://cdn.shopify.com/s/files/1/0888/8297/0937/files/3_IE312YNUS-IDURightView.jpg, https://cdn.shopify.com/s/files/1/0888/8297/0937/files/4_IE312YNUS-ODUFrontView.jpg, https://cdn.shopify.com/s/files/1/0888/8297/0937/files/5_IE312YNUS-ODULeftView.jpg, https://cdn.shopify.com/s/files/1/0888/8297/0937/files/6_IE312YNUS-ODURightView.jpg, https://cdn.shopify.com/s/files/1/0888/8297/0937/files/7_IE312YNUS-Remote.jpg, https://cdn.shopify.com/s/files/1/0888/8297/0937/files/SLLB-K00027-00_-ENERGY_LABEL_IE312YNUS.jpg"
simple,WFE324E,FIXED SPEED WINDOW AC | E SERIES |  2 TON |  3 STAR | 2025 BEE LABEL,1,0,visible,,,1,100,46000.00,34990.00,Air Conditioners,"https://cdn.shopify.com/s/files/1/0888/8297/0937/files/WFE324E01.png, https://cdn.shopify.com/s/files/1/0888/8297/0937/files/WFE324E02.jpg, https://cdn.shopify.com/s/files/1/0888/8297/0937/files/WFE324E03.jpg"
simple,IE312MNU,INVERTER AC | M SERIES | 1 TON |  3 STAR | 2025 BEE LABEL,1,0,visible,,,1,100,47700.00,33490.00,Air Conditioners,"https://cdn.shopify.com/s/files/1/0888/8297/0937/files/1_IE312MNU-IDUFrontView.png, https://cdn.shopify.com/s/files/1/0888/8297/0937/files/2_IE312MNU-IDULeftView.jpg, https://cdn.shopify.com/s/files/1/0888/8297/0937/files/3_IE312MNU-IDURightView.jpg, https://cdn.shopify.com/s/files/1/0888/8297/0937/files/4_IE312MNU-ODUFrontView.jpg, https://cdn.shopify.com/s/files/1/0888/8297/0937/files/5_IE312MNU-ODULeftView.jpg, https://cdn.shopify.com/s/files/1/0888/8297/0937/files/6_IE312MNU-ODURightView.jpg, https://cdn.shopify.com/s/files/1/0888/8297/0937/files/7_IE312MNU-Remote.jpg, https://cdn.shopify.com/s/files/1/0888/8297/0937/files/SLLB-K00017-00-ENERGY_LABEL_IE312MNU.jpg"
simple,ID518NNURS,INVERTER AC | N SMART WI-FI SERIES | 1.5 TON |  5 STAR | 2025 BEE LABEL,1,0,visible,,,1,100,69600.00,43690.00,Air Conditioners,"https://cdn.shopify.com/s/files/1/0888/8297/0937/files/1_ID518NNURS-IDUFrontView.png, https://cdn.shopify.com/s/files/1/0888/8297/0937/files/2_ID518NNURS_-_IDU_Left_View.jpg, https://cdn.shopify.com/s/files/1/0888/8297/0937/files/3_ID518NNURS_-_IDU_Right_View.jpg, https://cdn.shopify.com/s/files/1/0888/8297/0937/files/4_ID518NNURS_-_ODU_Front_View.jpg, https://cdn.shopify.com/s/files/1/0888/8297/0937/files/5_ID518NNURS_-_ODU_Left_View.jpg, https://cdn.shopify.com/s/files/1/0888/8297/0937/files/6_ID518NNURS_-_ODU_Right_View.jpg, https://cdn.shopify.com/s/files/1/0888/8297/0937/files/7_ID518NNURS_-_Remote.jpg, https://cdn.shopify.com/s/files/1/0888/8297/0937/files/8_ID518NNURS_-_ENERGY_LABEL.jpg"
simple,IB324TKU,INVERTER AC | TKU SERIES | 2 TON | 3 STAR | 2025 BEE LABEL,1,0,visible,,,1,100,65900.00,45990.00,Air Conditioners,"https://cdn.shopify.com/s/files/1/0888/8297/0937/files/ia318tku_ia318tku-gallery-images-01_07fb5a0d-2856-4e4e-9a4b-8d16303d7256.png, https://cdn.shopify.com/s/files/1/0888/8297/0937/files/4.SriCity-ODU-Angle-01_363831ce-f18a-4a08-8360-d799e1bbb5ed.png, https://cdn.shopify.com/s/files/1/0888/8297/0937/files/T-Series-IDU-Angle-01.png, https://cdn.shopify.com/s/files/1/0888/8297/0937/files/T-Series-IDU-Angle-02.png, https://cdn.shopify.com/s/files/1/0888/8297/0937/files/5.SriCity-ODU-Angle-02_4fab5ebe-87ce-4c7a-896a-f8f17b68c96c.png, https://cdn.shopify.com/s/files/1/0888/8297/0937/files/6.SriCity-ODU-Back-Panel_9a1da984-c6fb-4cd8-b5bc-1e590cfda41c.png, https://cdn.shopify.com/s/files/1/0888/8297/0937/files/7.SriCity-ODU-Front-Panel_7290aeb4-c771-4647-9ea5-9539c5d137a9.png, https://cdn.shopify.com/s/files/1/0888/8297/0937/files/Remote-01_21fdc7c1-a6fc-49b5-b4ca-59de58fc73d0.png, https://cdn.shopify.com/s/files/1/0888/8297/0937/files/IB324TKU_09.jpg"
simple,IC318TKU,INVERTER AC | TKU SERIES | 1.5 TON | 3 STAR | 2025 BEE LABEL,1,0,visible,,,1,100,56600.00,36490.00,Air Conditioners,"https://cdn.shopify.com/s/files/1/0888/8297/0937/files/IC318TKU01.png, https://cdn.shopify.com/s/files/1/0888/8297/0937/files/IC318TKU02.jpg, https://cdn.shopify.com/s/files/1/0888/8297/0937/files/IC318TKU03.jpg, https://cdn.shopify.com/s/files/1/0888/8297/0937/files/IC318TKU04.jpg, https://cdn.shopify.com/s/files/1/0888/8297/0937/files/IC318TKU05.jpg, https://cdn.shopify.com/s/files/1/0888/8297/0937/files/IC318TKU06.jpg, https://cdn.shopify.com/s/files/1/0888/8297/0937/files/IC318TKU07.jpg, https://cdn.shopify.com/s/files/1/0888/8297/0937/files/IC318TKU08.jpg, https://cdn.shopify.com/s/files/1/0888/8297/0937/files/IC318TKU09.jpg"
simple,IB312TKU,INVERTER AC | TKU SERIES | 1 TON | 3 STAR | 2025 BEE LABEL,1,0,visible,,,1,100,46700.00,33490.00,Air Conditioners,"https://cdn.shopify.com/s/files/1/0888/8297/0937/files/ia318tku_ia318tku-gallery-images-01_07fb5a0d-2856-4e4e-9a4b-8d16303d7256.png, https://cdn.shopify.com/s/files/1/0888/8297/0937/files/ib312tku_gallery-images-02_8_15.jpg, https://cdn.shopify.com/s/files/1/0888/8297/0937/files/ib312tku_gallery-images-03_7_15.jpg, https://cdn.shopify.com/s/files/1/0888/8297/0937/files/ib312tku_gallery-images-04_6_21.jpg, https://cdn.shopify.com/s/files/1/0888/8297/0937/files/ib312tku_gallery-images-05_6_21.jpg, https://cdn.shopify.com/s/files/1/0888/8297/0937/files/ib312tku_gallery-images-06_6_21.jpg, https://cdn.shopify.com/s/files/1/0888/8297/0937/files/ib312tku_gallery-images-07_6_21.jpg, https://cdn.shopify.com/s/files/1/0888/8297/0937/files/ib312tku_gallery-images-08_6_20.jpg, https://cdn.shopify.com/s/files/1/0888/8297/0937/files/IB312TKU_09.jpg"
simple,IF312VNU,INVERTER AC | V SERIES | 1 TON |  3 STAR | 2025 BEE LABEL,1,0,visible,,,1,100,47700.00,33490.00,Air Conditioners,"https://cdn.shopify.com/s/files/1/0888/8297/0937/files/1_IF312VNU-IDUFrontView.png, https://cdn.shopify.com/s/files/1/0888/8297/0937/files/2_IF312VNU-IDULeftView.jpg, https://cdn.shopify.com/s/files/1/0888/8297/0937/files/3_IF312VNU-IDURightView.jpg, https://cdn.shopify.com/s/files/1/0888/8297/0937/files/4_IF312VNU-ODUFrontView.jpg, https://cdn.shopify.com/s/files/1/0888/8297/0937/files/5_IF312VNU-ODULeftView.jpg, https://cdn.shopify.com/s/files/1/0888/8297/0937/files/6_IF312VNU-ODURightView.jpg, https://cdn.shopify.com/s/files/1/0888/8297/0937/files/7_IF312VNU-Remote.jpg, https://cdn.shopify.com/s/files/1/0888/8297/0937/files/SLLB-K00025-00_ENERGY_LABEL_IF312VNU.jpg"
simple,IE312YNU,INVERTER AC | Y SERIES | 1 TON |  3 STAR | 2025 BEE LABEL,1,0,visible,,,1,100,47400.00,33490.00,Air Conditioners,"https://cdn.shopify.com/s/files/1/0888/8297/0937/files/1_IE312YNU-IDUFrontView.png, https://cdn.shopify.com/s/files/1/0888/8297/0937/files/2_IE312YNU-IDULeftView.jpg, https://cdn.shopify.com/s/files/1/0888/8297/0937/files/3_IE312YNU-IDURightView.jpg, https://cdn.shopify.com/s/files/1/0888/8297/0937/files/4_IE312YNU-ODUFrontView.jpg, https://cdn.shopify.com/s/files/1/0888/8297/0937/files/5_IE312YNU-ODULeftView.jpg, https://cdn.shopify.com/s/files/1/0888/8297/0937/files/6_IE312YNU-ODURightView.jpg, https://cdn.shopify.com/s/files/1/0888/8297/0937/files/7_IE312YNU-Remote.jpg, https://cdn.shopify.com/s/files/1/0888/8297/0937/files/SLLB-H175-00-ENERGY_LABEL_IE312YNU.jpg"
simple,IE324YNU,INVERTER AC | Y SERIES | 2 TON |  3 STAR | 2025 BEE LABEL,1,0,visible,,,1,100,66100.00,46990.00,Air Conditioners,"https://cdn.shopify.com/s/files/1/0888/8297/0937/files/1_IE324YNU-IDUFrontView.png, https://cdn.shopify.com/s/files/1/0888/8297/0937/files/2_IE324YNU-IDULeftView.jpg, https://cdn.shopify.com/s/files/1/0888/8297/0937/files/3_IE324YNU-IDURightView.jpg, https://cdn.shopify.com/s/files/1/0888/8297/0937/files/4_IE324YNU-ODUFrontView.jpg, https://cdn.shopify.com/s/files/1/0888/8297/0937/files/5_IE324YNU-ODULeftView.jpg, https://cdn.shopify.com/s/files/1/0888/8297/0937/files/6_IE324YNU-ODURightView.jpg, https://cdn.shopify.com/s/files/1/0888/8297/0937/files/7_IE324YNU-Remote.jpg, https://cdn.shopify.com/s/files/1/0888/8297/0937/files/SLLB-K957-00-ENERGY_LABEL_IE324YNU.jpg"
simple,IC524TKUR,INVERTER AC | TKUR SERIES | 2 TON | 5 STAR | 2025 BEE LABEL,1,0,visible,,,1,100,76500.00,53990.00,Air Conditioners,"https://cdn.shopify.com/s/files/1/0888/8297/0937/files/IC524TKUR.png, https://cdn.shopify.com/s/files/1/0888/8297/0937/files/ic524tkur_gallery_images_02_8.jpg, https://cdn.shopify.com/s/files/1/0888/8297/0937/files/ic524tkur_gallery_images_03_8.jpg, https://cdn.shopify.com/s/files/1/0888/8297/0937/files/ic524tkur_gallery_images_04_5.jpg, https://cdn.shopify.com/s/files/1/0888/8297/0937/files/ic524tkur_gallery_images_05_6.jpg, https://cdn.shopify.com/s/files/1/0888/8297/0937/files/IC524TKUR_09.jpg"
simple,IC324VKU,INVERTER AC | VKU SERIES | 2 TON | 3 STAR | 2025 BEE LABEL,1,0,visible,,"<p><span data-sheets-value=""{"" outstanding star inverter ac brings you impressive features such as anti-microbial filters convertible smart ready nano bluprotect technology and many more. data-sheets-userformat=""{"">This outstanding 3 star inverter AC brings you impressive features such as anti-microbial filters;   5-in-1 convertible;   smart ready;   nano bluprotect technology and many more.</span></p>",1,100,65900.00,45990.00,Air Conditioners,"https://cdn.shopify.com/s/files/1/0888/8297/0937/files/ic324vku_ic324vku-gallery-images-01.png, https://cdn.shopify.com/s/files/1/0888/8297/0937/files/ic324vku_ic324vku-gallery-images-02.jpg, https://cdn.shopify.com/s/files/1/0888/8297/0937/files/ic324vku_ic324vku-gallery-images-03.jpg, https://cdn.shopify.com/s/files/1/0888/8297/0937/files/ic324vku_ic324vku-gallery-images-04.jpg, https://cdn.shopify.com/s/files/1/0888/8297/0937/files/ic324vku_ic324vku-gallery-images-05.jpg, https://cdn.shopify.com/s/files/1/0888/8297/0937/files/ic324vku_ic324vku-gallery-images-06.jpg, https://cdn.shopify.com/s/files/1/0888/8297/0937/files/ic324vku_ic324vku-gallery-images-07.jpg, https://cdn.shopify.com/s/files/1/0888/8297/0937/files/IC324VKU_08.jpg"
simple,IE324DNU,INVERTER AC | D SERIES | 2 TON |  3 STAR | 2025 BEE LABEL,1,0,visible,,,1,100,66300.00,46990.00,Air Conditioners,"https://cdn.shopify.com/s/files/1/0888/8297/0937/files/Gallery_Images_01_c2068389-8a4a-4a33-bbd4-e4fc542dd502.png, https://cdn.shopify.com/s/files/1/0888/8297/0937/files/Gallery_Images_02_253969cb-33f3-4526-8ce4-d72cc1d29c43.jpg, https://cdn.shopify.com/s/files/1/0888/8297/0937/files/Gallery_Images_03_fcb1c164-7894-4fd0-809b-5d9c787167b8.jpg, https://cdn.shopify.com/s/files/1/0888/8297/0937/files/4_IE324DNU-ODUFrontView.jpg, https://cdn.shopify.com/s/files/1/0888/8297/0937/files/5_IE324DNU-ODULeftView.jpg, https://cdn.shopify.com/s/files/1/0888/8297/0937/files/6_IE324DNU-ODURightView.jpg, https://cdn.shopify.com/s/files/1/0888/8297/0937/files/7_IE324DNU-Remote.jpg, https://cdn.shopify.com/s/files/1/0888/8297/0937/files/SLLB-K994-00-ENERGY_LABEL_IE324DNU.jpg"
simple,IF312DNU,INVERTER AC | D SERIES | 1 TON |  3 STAR | 2025 BEE LABEL,1,0,visible,,,1,100,47400.00,33490.00,Air Conditioners,"https://cdn.shopify.com/s/files/1/0888/8297/0937/files/Gallery_Images_01_15cfec8a-3e39-439f-9476-385bf4b816da.png, https://cdn.shopify.com/s/files/1/0888/8297/0937/files/Gallery_Images_02_46f8d4c3-ce01-474b-bb27-4331f5ae918d.jpg, https://cdn.shopify.com/s/files/1/0888/8297/0937/files/Gallery_Images_03_02af4c6b-089f-4ab4-baff-fc8c56c14018.jpg, https://cdn.shopify.com/s/files/1/0888/8297/0937/files/4_IG312DNU-ODUFrontView_d9f2e5c6-1cd1-4e57-83eb-3638488c5921.jpg, https://cdn.shopify.com/s/files/1/0888/8297/0937/files/5_IG312DNU-ODULeftView_a3e50af2-8a62-42ba-b12c-d7a0f367a88b.jpg, https://cdn.shopify.com/s/files/1/0888/8297/0937/files/6_IG312DNU-ODURightView_4049b664-04fb-4ac8-886a-b427306b3a6b.jpg, https://cdn.shopify.com/s/files/1/0888/8297/0937/files/7_IG312DNU-Remote_8c21cd40-2978-452f-b051-41b171ca89fe.jpg, https://cdn.shopify.com/s/files/1/0888/8297/0937/files/SLLB-K00019-00_ENERGY_LABEL_IF312DNU.jpg"
simple,IE318FNU,INVERTER AC | F SERIES | 1.5 TON |  3 STAR | 2025 BEE LABEL,1,0,visible,,,1,100,58700.00,36490.00,Air Conditioners,"https://cdn.shopify.com/s/files/1/0888/8297/0937/files/IE318FNU01.png, https://cdn.shopify.com/s/files/1/0888/8297/0937/files/IE318FNU02.jpg, https://cdn.shopify.com/s/files/1/0888/8297/0937/files/IE318FNU03.jpg, https://cdn.shopify.com/s/files/1/0888/8297/0937/files/IE318FNU04.jpg, https://cdn.shopify.com/s/files/1/0888/8297/0937/files/IE318FNU05.jpg, https://cdn.shopify.com/s/files/1/0888/8297/0937/files/IE318FNU06.jpg"
simple,IE518FNU,INVERTER AC | F SERIES | 1.5 TON |  5 STAR | 2025 BEE LABEL,1,0,visible,,,1,100,68600.00,42990.00,Air Conditioners,"https://cdn.shopify.com/s/files/1/0888/8297/0937/files/IE518FNU01.png, https://cdn.shopify.com/s/files/1/0888/8297/0937/files/IE518FNU02.jpg, https://cdn.shopify.com/s/files/1/0888/8297/0937/files/IE518FNU03.jpg, https://cdn.shopify.com/s/files/1/0888/8297/0937/files/IE518FNU04.jpg, https://cdn.shopify.com/s/files/1/0888/8297/0937/files/IE518FNU_05A.jpg, https://cdn.shopify.com/s/files/1/0888/8297/0937/files/IE518FNU_06.jpg"
simple,IC318SNU,INVERTER AC | S SERIES | 1.5 TON |  3 STAR | 2025 BEE LABEL,1,0,visible,,,1,100,58500.00,36490.00,Air Conditioners,"https://cdn.shopify.com/s/files/1/0888/8297/0937/files/IC318SNU01.png, https://cdn.shopify.com/s/files/1/0888/8297/0937/files/IC318SNU02.jpg, https://cdn.shopify.com/s/files/1/0888/8297/0937/files/IC318SNU03.jpg, https://cdn.shopify.com/s/files/1/0888/8297/0937/files/IC318SNU04.jpg, https://cdn.shopify.com/s/files/1/0888/8297/0937/files/IC318SNU05.jpg, https://cdn.shopify.com/s/files/1/0888/8297/0937/files/IC318SNU06.jpg, https://cdn.shopify.com/s/files/1/0888/8297/0937/files/IC318SNU07.jpg, https://cdn.shopify.com/s/files/1/0888/8297/0937/files/IC318SNU08.jpg, https://cdn.shopify.com/s/files/1/0888/8297/0937/files/IC318SNU09.jpg"
simple,IC312SNU,INVERTER AC | S SERIES |  1 TON |  3 STAR | 2025 BEE LABEL,1,0,visible,,,1,100,47700.00,33490.00,Air Conditioners,"https://cdn.shopify.com/s/files/1/0888/8297/0937/files/1_IC312SNU-IDUFrontView.png, https://cdn.shopify.com/s/files/1/0888/8297/0937/files/2_IC312SNU-IDULeftView.jpg, https://cdn.shopify.com/s/files/1/0888/8297/0937/files/3_IC312SNU-IDURightView.jpg, https://cdn.shopify.com/s/files/1/0888/8297/0937/files/4_IC312SNU-ODUFrontView.jpg, https://cdn.shopify.com/s/files/1/0888/8297/0937/files/5_IC312SNU-ODULeftView.jpg, https://cdn.shopify.com/s/files/1/0888/8297/0937/files/6_IC312SNU-ODURightView.jpg, https://cdn.shopify.com/s/files/1/0888/8297/0937/files/7_IC312SNU-Remote.jpg, https://cdn.shopify.com/s/files/1/0888/8297/0937/files/8_IC312SNU-ENERGYLABEL.jpg"
simple,WFE318P,FIXED SPEED WINDOW AC | P SERIES |  1.5 TON |  3 STAR | 2025 BEE LABEL,1,0,visible,,,1,100,36400.00,28190.00,Air Conditioners,"https://cdn.shopify.com/s/files/1/0888/8297/0937/files/WFE318P01.png, https://cdn.shopify.com/s/files/1/0888/8297/0937/files/WFE318P02.jpg, https://cdn.shopify.com/s/files/1/0888/8297/0937/files/WFE318P03.jpg"
simple,WFE312L,FIXED SPEED WINDOW AC | L SERIES |  1 TON | 3 STAR | 2025 BEE LABEL,1,0,visible,,,1,100,30400.00,24890.00,Air Conditioners,"https://cdn.shopify.com/s/files/1/0888/8297/0937/files/WFE312L01.png, https://cdn.shopify.com/s/files/1/0888/8297/0937/files/WFE312L02.jpg, https://cdn.shopify.com/s/files/1/0888/8297/0937/files/WFE312L03.jpg"
simple,WIE318L,INVERTER WINDOW AC | L SERIES |  1.5 TON |  3 STAR | 2025 BEE LABEL,1,0,visible,,,1,100,41400.00,31390.00,Air Conditioners,"https://cdn.shopify.com/s/files/1/0888/8297/0937/files/WIE318L01.png, https://cdn.shopify.com/s/files/1/0888/8297/0937/files/WIE318L02.jpg, https://cdn.shopify.com/s/files/1/0888/8297/0937/files/WIE318L03.jpg"
simple,ID512QNUR-M,INVERTER AC | Q SERIES - MAROON | 1 TON |  5 STAR | 2025 BEE LABEL,1,0,visible,,,1,100,59400.00,37490.00,Air Conditioners,"https://cdn.shopify.com/s/files/1/0888/8297/0937/files/ID512QNUR-M01.png, https://cdn.shopify.com/s/files/1/0888/8297/0937/files/ID512QNUR-M02.jpg, https://cdn.shopify.com/s/files/1/0888/8297/0937/files/ID512QNUR-M03.jpg, https://cdn.shopify.com/s/files/1/0888/8297/0937/files/ID512QNUR-M04.jpg, https://cdn.shopify.com/s/files/1/0888/8297/0937/files/ID512QNUR-M05.jpg, https://cdn.shopify.com/s/files/1/0888/8297/0937/files/ID512QNUR-M06.jpg, https://cdn.shopify.com/s/files/1/0888/8297/0937/files/ID512QNUR-M07.jpg, https://cdn.shopify.com/s/files/1/0888/8297/0937/files/ID512QNUR-M08.jpg"
simple,IC318GNUS,INVERTER AC | G SERIES SMART WI-FI | 1.5 TON |  3 STAR | 2025 BEE LABEL,1,0,visible,,,1,100,59600.00,37290.00,Air Conditioners,"https://cdn.shopify.com/s/files/1/0888/8297/0937/files/1_IC318GNUS-IDUFrontView.png, https://cdn.shopify.com/s/files/1/0888/8297/0937/files/2_IC318GNUS-ODUFrontView.jpg, https://cdn.shopify.com/s/files/1/0888/8297/0937/files/3_IC318GNUS-ODULeftView.jpg, https://cdn.shopify.com/s/files/1/0888/8297/0937/files/4_IC318GNUS-ODURightView.jpg, https://cdn.shopify.com/s/files/1/0888/8297/0937/files/5_IC318GNUS-Remote.jpg, https://cdn.shopify.com/s/files/1/0888/8297/0937/files/6_IC318GNUS-ENERGYLABEL.jpg"
simple,IC312GNUS,INVERTER AC | G SMART WI-FI SERIES | 1 TON |  3 STAR | 2025 BEE LABEL,1,0,visible,,,1,100,48800.00,33990.00,Air Conditioners,"https://cdn.shopify.com/s/files/1/0888/8297/0937/files/IC312GNUS01_8146d34a-3c37-4d28-8a2d-2f30495253f4.png, https://cdn.shopify.com/s/files/1/0888/8297/0937/files/IC312GNUS02.jpg, https://cdn.shopify.com/s/files/1/0888/8297/0937/files/IC312GNUS03.jpg, https://cdn.shopify.com/s/files/1/0888/8297/0937/files/IC312GNUS04.jpg, https://cdn.shopify.com/s/files/1/0888/8297/0937/files/IC312GNUS05.jpg, https://cdn.shopify.com/s/files/1/0888/8297/0937/files/IC312GNUS06.jpg, https://cdn.shopify.com/s/files/1/0888/8297/0937/files/IC312GNUS07.jpg"
simple,ID518GNURS,INVERTER AC | G SERIES SMART WI-FI | 1.5 TON |  5 STAR | 2025 BEE LABEL,1,0,visible,,,1,100,69600.00,43690.00,Air Conditioners,"https://cdn.shopify.com/s/files/1/0888/8297/0937/files/1_ID512GNURS-IDUFrontView.png, https://cdn.shopify.com/s/files/1/0888/8297/0937/files/2_ID512GNURS-ODUFrontView.jpg, https://cdn.shopify.com/s/files/1/0888/8297/0937/files/3_ID512GNURS-ODULeftView.jpg, https://cdn.shopify.com/s/files/1/0888/8297/0937/files/4_ID512GNURS-ODURightView.jpg, https://cdn.shopify.com/s/files/1/0888/8297/0937/files/5_ID512GNURS-Remote.jpg, https://cdn.shopify.com/s/files/1/0888/8297/0937/files/6_ID518GNURS_-_ENERGY_LABEL.jpg"
simple,ID512NNURS,INVERTER AC | N SMART WI-FI SERIES | 1 TON |  5 STAR | 2025 BEE LABEL,1,0,visible,,,1,100,59400.00,37490.00,Air Conditioners,"https://cdn.shopify.com/s/files/1/0888/8297/0937/files/1_ID512NNURS-IDUFrontView.png, https://cdn.shopify.com/s/files/1/0888/8297/0937/files/2_ID512NNURS-IDULeftView.jpg, https://cdn.shopify.com/s/files/1/0888/8297/0937/files/3_ID512NNURS-IDURightView.jpg, https://cdn.shopify.com/s/files/1/0888/8297/0937/files/4_ID512NNURS-ODUFrontView.jpg, https://cdn.shopify.com/s/files/1/0888/8297/0937/files/5_ID512NNURS-ODULeftView.jpg, https://cdn.shopify.com/s/files/1/0888/8297/0937/files/6_ID512NNURS-ODURightView.jpg, https://cdn.shopify.com/s/files/1/0888/8297/0937/files/7_ID512NNURS-Remote.jpg, https://cdn.shopify.com/s/files/1/0888/8297/0937/files/8_ID512NNURS-ENERGYLABEL.jpg"
simple,ID518QNURS,INVERTER AC | Q SMART WI-FI SERIES | 1.5 TON |  5 STAR | 2025 BEE LABEL,1,0,visible,,,1,100,69600.00,43690.00,Air Conditioners,"https://cdn.shopify.com/s/files/1/0888/8297/0937/files/1_ID518QNURS-IDUFrontView.png, https://cdn.shopify.com/s/files/1/0888/8297/0937/files/2_ID518QNURS-IDULeftView.jpg, https://cdn.shopify.com/s/files/1/0888/8297/0937/files/3_ID518QNURS-IDURightView.jpg, https://cdn.shopify.com/s/files/1/0888/8297/0937/files/4_ID518QNURS-ODUFrontView.jpg, https://cdn.shopify.com/s/files/1/0888/8297/0937/files/5_ID518QNURS-ODULeftView.jpg, https://cdn.shopify.com/s/files/1/0888/8297/0937/files/6_ID518QNURS-ODURightView.jpg, https://cdn.shopify.com/s/files/1/0888/8297/0937/files/7_ID518QNURS-Remote.jpg, https://cdn.shopify.com/s/files/1/0888/8297/0937/files/8_ID518QNURS-ENERGYLABEL.jpg"
simple,IC312QNUS,INVERTER AC | Q SMART WI-FI SERIES |  1 TON |  3 STAR | 2025 BEE LABEL,1,0,visible,,,1,100,48800.00,33990.00,Air Conditioners,"https://cdn.shopify.com/s/files/1/0888/8297/0937/files/IC312QNUS01.png, https://cdn.shopify.com/s/files/1/0888/8297/0937/files/IC312QNUS02.jpg, https://cdn.shopify.com/s/files/1/0888/8297/0937/files/IC312QNUS03.jpg, https://cdn.shopify.com/s/files/1/0888/8297/0937/files/IC312QNUS04.jpg, https://cdn.shopify.com/s/files/1/0888/8297/0937/files/IC312QNUS05.jpg, https://cdn.shopify.com/s/files/1/0888/8297/0937/files/IC312QNUS06.jpg, https://cdn.shopify.com/s/files/1/0888/8297/0937/files/IC312QNUS07.jpg, https://cdn.shopify.com/s/files/1/0888/8297/0937/files/IC312QNUS08.jpg, https://cdn.shopify.com/s/files/1/0888/8297/0937/files/IC312QNUS09.jpg"
simple,IE318PNU,INVERTER AC | P SERIES | 1.5 TON |  3 STAR | 2025 BEE LABEL,1,0,visible,,,1,100,58700.00,36490.00,Air Conditioners,"https://cdn.shopify.com/s/files/1/0888/8297/0937/files/IE318PNU01.png, https://cdn.shopify.com/s/files/1/0888/8297/0937/files/IE318PNU02.jpg, https://cdn.shopify.com/s/files/1/0888/8297/0937/files/IE318PNU03.jpg, https://cdn.shopify.com/s/files/1/0888/8297/0937/files/IE318PNU04.jpg, https://cdn.shopify.com/s/files/1/0888/8297/0937/files/IE318PNU05.jpg, https://cdn.shopify.com/s/files/1/0888/8297/0937/files/IE318PNU06.jpg, https://cdn.shopify.com/s/files/1/0888/8297/0937/files/IE318PNU07.jpg, https://cdn.shopify.com/s/files/1/0888/8297/0937/files/IE318PNU08.jpg"
simple,IE312PNU,INVERTER AC | P SERIES | 1 TON |  3 STAR | 2025 BEE LABEL,1,0,visible,,,1,100,47900.00,33490.00,Air Conditioners,"https://cdn.shopify.com/s/files/1/0888/8297/0937/files/IE312PNU01.png, https://cdn.shopify.com/s/files/1/0888/8297/0937/files/IE312PNU02.jpg, https://cdn.shopify.com/s/files/1/0888/8297/0937/files/IE312PNU03.jpg, https://cdn.shopify.com/s/files/1/0888/8297/0937/files/IE312PNU04.jpg, https://cdn.shopify.com/s/files/1/0888/8297/0937/files/IE312PNU05.jpg, https://cdn.shopify.com/s/files/1/0888/8297/0937/files/IE312PNU06.jpg, https://cdn.shopify.com/s/files/1/0888/8297/0937/files/IE312PNU07.jpg, https://cdn.shopify.com/s/files/1/0888/8297/0937/files/IE312PNU08.jpg"
simple,IC318VNU,INVERTER AC | V SERIES |  1.5 TON |  3 STAR | 2025 BEE LABEL,1,0,visible,,"<p><span data-sheets-value=""{"" smart ready star inverter ac brings you impressive features such as anti-microbial filters convertible turbo cool nano bluprotect technology and many more. data-sheets-userformat=""{"">This smart ready 3 star inverter AC brings you impressive features such as anti-microbial filters, 5-in-1 convertible, turbo cool, nano bluprotect technology and many more.</span></p>",1,100,58500.00,36490.00,Air Conditioners,"https://cdn.shopify.com/s/files/1/0888/8297/0937/files/ic318vnu_ic318vnu-gallery-images-01.png, https://cdn.shopify.com/s/files/1/0888/8297/0937/files/ic318vnu_ic318vnu-gallery-images-02.jpg, https://cdn.shopify.com/s/files/1/0888/8297/0937/files/ic318vnu_ic318vnu-gallery-images-03.jpg, https://cdn.shopify.com/s/files/1/0888/8297/0937/files/ic318vnu_ic318vnu-gallery-images-04.jpg, https://cdn.shopify.com/s/files/1/0888/8297/0937/files/ic318vnu_ic318vnu-gallery-images-05.jpg, https://cdn.shopify.com/s/files/1/0888/8297/0937/files/ic318vnu_ic318vnu-gallery-images-06.jpg, https://cdn.shopify.com/s/files/1/0888/8297/0937/files/ic318vnu_ic318vnu-gallery-images-07.jpg, https://cdn.shopify.com/s/files/1/0888/8297/0937/files/IC318VNU.jpg"
simple,WFE318L,FIXED SPEED WINDOW AC | L SERIES |  1.5 TON |  3 STAR | 2025 BEE LABEL,1,0,visible,,,1,100,36400.00,28190.00,Air Conditioners,"https://cdn.shopify.com/s/files/1/0888/8297/0937/files/WFE318L01.png, https://cdn.shopify.com/s/files/1/0888/8297/0937/files/WFE318L02.jpg, https://cdn.shopify.com/s/files/1/0888/8297/0937/files/WFE318L03.jpg"
simple,WIE518L,INVERTER WINDOW AC | L SERIES |  1.5 TON |  5 STAR | 2025 BEE LABEL,1,0,visible,,,1,100,46000.00,34490.00,Air Conditioners,"https://cdn.shopify.com/s/files/1/0888/8297/0937/files/WIE518L01.png, https://cdn.shopify.com/s/files/1/0888/8297/0937/files/WIE518L02.jpg, https://cdn.shopify.com/s/files/1/0888/8297/0937/files/WIE518L03.jpg"
simple,FA312TNU,FIXED SPEED AC | T SERIES |   1 TON | 3 STAR | 2025 BEE LABEL,1,0,visible,,,1,100,42600.00,31990.00,Air Conditioners,"https://cdn.shopify.com/s/files/1/0888/8297/0937/files/FA312TNU01.png, https://cdn.shopify.com/s/files/1/0888/8297/0937/files/FA312TNU02.jpg, https://cdn.shopify.com/s/files/1/0888/8297/0937/files/FA312TNU03.jpg, https://cdn.shopify.com/s/files/1/0888/8297/0937/files/FA312TNU04.jpg, https://cdn.shopify.com/s/files/1/0888/8297/0937/files/FA312TNU05.jpg, https://cdn.shopify.com/s/files/1/0888/8297/0937/files/FA312TNU06.jpg, https://cdn.shopify.com/s/files/1/0888/8297/0937/files/FA312TNU07.jpg, https://cdn.shopify.com/s/files/1/0888/8297/0937/files/FA312TNU08.jpg"
simple,FA318TNU,FIXED SPEED AC | T SERIES |   1.5 TON | 3 STAR | 2025 BEE LABEL,1,0,visible,,,1,100,50700.00,38690.00,Air Conditioners,"https://cdn.shopify.com/s/files/1/0888/8297/0937/files/T-series.png, https://cdn.shopify.com/s/files/1/0888/8297/0937/files/T-Series-IDU-Angle-02_4.png, https://cdn.shopify.com/s/files/1/0888/8297/0937/files/T-Series-IDU-Angle-01_4.png, https://cdn.shopify.com/s/files/1/0888/8297/0937/files/7..Remote_1_8a320efb-4028-4eaf-a664-84f8905db741.png, https://cdn.shopify.com/s/files/1/0888/8297/0937/files/FA318TNU_08.jpg"
simple,FC318VNU,FIXED SPEED AC | V SERIES |   1.5 TON | 3 STAR | 2025 BEE LABEL,1,0,visible,,,1,100,50700.00,38690.00,Air Conditioners,"https://cdn.shopify.com/s/files/1/0888/8297/0937/files/fc318vnu_gallery-images-01_10_11.png, https://cdn.shopify.com/s/files/1/0888/8297/0937/files/fc318vnu_gallery-images-02_12_11.jpg, https://cdn.shopify.com/s/files/1/0888/8297/0937/files/fc318vnu_gallery-images-03_10_9.jpg, https://cdn.shopify.com/s/files/1/0888/8297/0937/files/fc318vnu_gallery-images-04_9_3.jpg, https://cdn.shopify.com/s/files/1/0888/8297/0937/files/fc318vnu_gallery-images-05_9_3.jpg, https://cdn.shopify.com/s/files/1/0888/8297/0937/files/fc318vnu_gallery-images-06_9_3.jpg, https://cdn.shopify.com/s/files/1/0888/8297/0937/files/fc318vnu_gallery-images-07_9_3.jpg, https://cdn.shopify.com/s/files/1/0888/8297/0937/files/FC318VNU_01.jpg"
simple,FB218DNU,FIXED SPEED AC | D SERIES |   1.5 TON | 2 STAR | 2025 BEE LABEL,1,0,visible,,<p>This robust and powerful 2-star fixed speed AC is packed with exceptional features such as turbo cool;   energy saver;   comfort sleep;   hidden display;  100% copper and anti-corrosive blue fins for protection.</p>,1,100,48300.00,33490.00,Air Conditioners,"https://cdn.shopify.com/s/files/1/0888/8297/0937/files/Gallery_Image_01_c4e92acf-c801-4e8f-9633-1a8d28267afa.png, https://cdn.shopify.com/s/files/1/0888/8297/0937/files/Gallery_Image_02_cf57be91-b7ee-4204-9b13-7fd54097fbfa.jpg, https://cdn.shopify.com/s/files/1/0888/8297/0937/files/Gallery_Image_03_5fd91974-8391-432f-bfb7-e9460da81f3d.jpg, https://cdn.shopify.com/s/files/1/0888/8297/0937/files/fb218dnu_fb218dnu-gallery-images-04_1.jpg, https://cdn.shopify.com/s/files/1/0888/8297/0937/files/fb218dnu_fb218dnu-gallery-images-05_1.jpg, https://cdn.shopify.com/s/files/1/0888/8297/0937/files/fb218dnu_fb218dnu-gallery-images-06_1.jpg, https://cdn.shopify.com/s/files/1/0888/8297/0937/files/fb218dnu_fb218dnu-gallery-images-07_1.jpg, https://cdn.shopify.com/s/files/1/0888/8297/0937/files/Gallery_Image_05_6b8213b8-72f7-467f-a551-04b25b76c172.jpg"
simple,FB212DNU,FIXED SPEED AC | D SERIES |   1 TON | 2 STAR | 2025 BEE LABEL,1,0,visible,,<p>This robust and powerful 2-star fixed speed AC is packed with exceptional features such as turbo cool;   energy saver;   comfort sleep;   hidden display;  100% copper and anti-corrosive blue fins for protection.</p>,1,100,40700.00,28190.00,Air Conditioners,"https://cdn.shopify.com/s/files/1/0888/8297/0937/files/Gallery_Image_01.png, https://cdn.shopify.com/s/files/1/0888/8297/0937/files/Gallery_Image_02.jpg, https://cdn.shopify.com/s/files/1/0888/8297/0937/files/Gallery_Image_03.jpg, https://cdn.shopify.com/s/files/1/0888/8297/0937/files/fb212dnu_fb212dnu-gallery-images-04.jpg, https://cdn.shopify.com/s/files/1/0888/8297/0937/files/fb212dnu_fb212dnu-gallery-images-05.jpg, https://cdn.shopify.com/s/files/1/0888/8297/0937/files/fb212dnu_fb212dnu-gallery-images-06.jpg, https://cdn.shopify.com/s/files/1/0888/8297/0937/files/fb212dnu_fb212dnu-gallery-images-07.jpg, https://cdn.shopify.com/s/files/1/0888/8297/0937/files/Gallery_Image_05.jpg"
simple,FB324DNU,FIXED SPEED AC | D SERIES |   2 TON | 3 STAR | 2025 BEE LABEL,1,0,visible,,<p>A classy combination of exceptional and robust features this 3 star fixed speed AC includes high cooling performance;   turbo cool;   anti corrosive blue fins for protection and many more.</p>,1,100,59000.00,48990.00,Air Conditioners,"https://cdn.shopify.com/s/files/1/0888/8297/0937/files/Gallery_Image_01_34dedeb0-0b0f-4b52-943c-663947a8555b.png, https://cdn.shopify.com/s/files/1/0888/8297/0937/files/Gallery_Image_02_bf30d636-5319-4fce-a1d3-5f64faa6d319.jpg, https://cdn.shopify.com/s/files/1/0888/8297/0937/files/Gallery_Image_03_c0a03500-edd6-4274-87f6-4f4aa33872be.jpg, https://cdn.shopify.com/s/files/1/0888/8297/0937/files/Gallery_ODU_2_52d99dd0-db45-4d3d-a546-86cdca2fa0e7.jpg, https://cdn.shopify.com/s/files/1/0888/8297/0937/files/Gallery_ODU_3_f91b873a-ee0b-471e-978f-d164ff4cb9e9.jpg, https://cdn.shopify.com/s/files/1/0888/8297/0937/files/Gallery_ODU_1_008d974d-5bfc-424e-bcc4-97a01fc50dea.jpg, https://cdn.shopify.com/s/files/1/0888/8297/0937/files/Gallery_Image_07.jpg, https://cdn.shopify.com/s/files/1/0888/8297/0937/files/Gallery_Image_08_FB324DNU.jpg"
simple,FB312DNU,FIXED SPEED AC | D SERIES |   1 TON | 3 STAR | 2025 BEE LABEL,1,0,visible,,<p>A classy combination of exceptional and robust features this 3 star fixed speed AC includes high cooling performance;   turbo cool;   anti corrosive blue fins for protection and many more.</p>,1,100,42600.00,31990.00,Air Conditioners,"https://cdn.shopify.com/s/files/1/0888/8297/0937/files/GalleryImage01_fa0b5ea4-63f9-4b4f-9871-71d4d4d7d992.png, https://cdn.shopify.com/s/files/1/0888/8297/0937/files/GalleryImage02_65c08803-c701-4b4c-89da-72c6b2434263.jpg, https://cdn.shopify.com/s/files/1/0888/8297/0937/files/GalleryImage03_8094ef7c-c551-446d-a9a4-288c24a122df.jpg, https://cdn.shopify.com/s/files/1/0888/8297/0937/files/GalleryODU1.jpg, https://cdn.shopify.com/s/files/1/0888/8297/0937/files/GalleryODU2.jpg, https://cdn.shopify.com/s/files/1/0888/8297/0937/files/GalleryODU3.jpg, https://cdn.shopify.com/s/files/1/0888/8297/0937/files/GalleryImage07_f109ec15-ef1a-417f-b7b6-da902b573f11.jpg, https://cdn.shopify.com/s/files/1/0888/8297/0937/files/GalleryImage08FB312DNU.jpg"
simple,IC512RNUR,INVERTER AC | R SERIES | 1 TON |  5 STAR | 2025 BEE LABEL,1,0,visible,,,1,100,58000.00,36990.00,Air Conditioners,"https://cdn.shopify.com/s/files/1/0888/8297/0937/files/IC512RNUR01.png, https://cdn.shopify.com/s/files/1/0888/8297/0937/files/IC512RNUR02.png, https://cdn.shopify.com/s/files/1/0888/8297/0937/files/IC512RNUR03.png, https://cdn.shopify.com/s/files/1/0888/8297/0937/files/IC512RNUR04.png, https://cdn.shopify.com/s/files/1/0888/8297/0937/files/IC512RNUR05.png, https://cdn.shopify.com/s/files/1/0888/8297/0937/files/IC512RNUR06.png, https://cdn.shopify.com/s/files/1/0888/8297/0937/files/IC512RNUR08.png, https://cdn.shopify.com/s/files/1/0888/8297/0937/files/IC512RNUR07.png"
simple,IE312DNU-S,INVERTER AC | D SERIES - SILVER | 1 TON |  3 STAR | 2025 BEE LABEL,1,0,visible,,,1,100,48300.00,33990.00,Air Conditioners,"https://cdn.shopify.com/s/files/1/0888/8297/0937/files/1_IE312DNU-S-IDUFrontView.png, https://cdn.shopify.com/s/files/1/0888/8297/0937/files/2_IE312DNU-S-IDULeftView.jpg, https://cdn.shopify.com/s/files/1/0888/8297/0937/files/3_IE312DNU-S-IDURightView.jpg, https://cdn.shopify.com/s/files/1/0888/8297/0937/files/4_IE312DNU-S-ODUFrontView.jpg, https://cdn.shopify.com/s/files/1/0888/8297/0937/files/5_IE312DNU-S-ODULeftView.jpg, https://cdn.shopify.com/s/files/1/0888/8297/0937/files/6_IE312DNU-S-ODURightView.jpg, https://cdn.shopify.com/s/files/1/0888/8297/0937/files/7_IE312DNU-S-Remote.jpg, https://cdn.shopify.com/s/files/1/0888/8297/0937/files/8_IE312DNU-S-ENERGYLABEL.jpg"
simple,IC312QNU,INVERTER AC | Q SERIES |  1 TON |  3 STAR | 2025 BEE LABEL,1,0,visible,,,1,100,47900.00,33490.00,Air Conditioners,"https://cdn.shopify.com/s/files/1/0888/8297/0937/files/1_IC312QNU-IDUFrontView.png, https://cdn.shopify.com/s/files/1/0888/8297/0937/files/2_IC312QNU-IDULeftView.jpg, https://cdn.shopify.com/s/files/1/0888/8297/0937/files/3_IC312QNU-IDURightView.jpg, https://cdn.shopify.com/s/files/1/0888/8297/0937/files/4_IC312QNU-ODUFrontView.jpg, https://cdn.shopify.com/s/files/1/0888/8297/0937/files/5_IC312QNU-ODULeftView.jpg, https://cdn.shopify.com/s/files/1/0888/8297/0937/files/6_IC312QNU-ODURightView.jpg, https://cdn.shopify.com/s/files/1/0888/8297/0937/files/7_IC312QNU-Remote.jpg, https://cdn.shopify.com/s/files/1/0888/8297/0937/files/8_IC312QNU-ENERGYLABEL.jpg"
simple,IC518QNUR-W,INVERTER AC | Q SERIES - WOODEN | 1.5 TON |  5 STAR | 2025 BEE LABEL,1,0,visible,,,1,100,70500.00,43690.00,Air Conditioners,"https://cdn.shopify.com/s/files/1/0888/8297/0937/files/IC518QNUR-W01.png, https://cdn.shopify.com/s/files/1/0888/8297/0937/files/IC518QNUR-W02.jpg, https://cdn.shopify.com/s/files/1/0888/8297/0937/files/IC518QNUR-W03.jpg, https://cdn.shopify.com/s/files/1/0888/8297/0937/files/IC518QNUR-W04.jpg, https://cdn.shopify.com/s/files/1/0888/8297/0937/files/IC518QNUR-W05.jpg, https://cdn.shopify.com/s/files/1/0888/8297/0937/files/IC518QNUR-W06.jpg, https://cdn.shopify.com/s/files/1/0888/8297/0937/files/IC518QNUR-W07.jpg, https://cdn.shopify.com/s/files/1/0888/8297/0937/files/IC518QNUR-W08.jpg"
simple,IC518QNUR-B,INVERTER AC | Q SERIES - BLACK | 1.5 TON |  5 STAR | 2025 BEE LABEL,1,0,visible,,,1,100,70500.00,43390.00,Air Conditioners,"https://cdn.shopify.com/s/files/1/0888/8297/0937/files/IC518QNUR-B01.png, https://cdn.shopify.com/s/files/1/0888/8297/0937/files/IC518QNUR-B02.jpg, https://cdn.shopify.com/s/files/1/0888/8297/0937/files/IC518QNUR-B03.jpg, https://cdn.shopify.com/s/files/1/0888/8297/0937/files/IC518QNUR-B04.jpg, https://cdn.shopify.com/s/files/1/0888/8297/0937/files/IC518QNUR-B05.jpg, https://cdn.shopify.com/s/files/1/0888/8297/0937/files/IC518QNUR-B06.jpg, https://cdn.shopify.com/s/files/1/0888/8297/0937/files/IC518QNUR-B07.jpg, https://cdn.shopify.com/s/files/1/0888/8297/0937/files/IC518QNUR-B08.jpg"
simple,IC518QNUR-M,INVERTER AC | Q SERIES - MAROON | 1.5 TON |  5 STAR | 2025 BEE LABEL,1,0,visible,,,1,100,69600.00,43390.00,Air Conditioners,"https://cdn.shopify.com/s/files/1/0888/8297/0937/files/IC518QNUR-M01.png, https://cdn.shopify.com/s/files/1/0888/8297/0937/files/IC518QNUR-M02.jpg, https://cdn.shopify.com/s/files/1/0888/8297/0937/files/IC518QNUR-M03.jpg, https://cdn.shopify.com/s/files/1/0888/8297/0937/files/IC518QNUR-M04.jpg, https://cdn.shopify.com/s/files/1/0888/8297/0937/files/IC518QNUR-M06.jpg, https://cdn.shopify.com/s/files/1/0888/8297/0937/files/IC518QNUR-M07.jpg, https://cdn.shopify.com/s/files/1/0888/8297/0937/files/IC518QNUR-M08.jpg, https://cdn.shopify.com/s/files/1/0888/8297/0937/files/IC518QNUR-Me05.jpg"
simple,IC318DNU-S,INVERTER AC | D SERIES - SILVER |  1.5 TON |  3 STAR | 2025 BEE LABEL,1,0,visible,,<p>This powerful 3 star inverter AC includes impressive features such as anti-microbial filters;   stabiliser-free operation;   turbo cool mode;   energy saver and anti-corrosive blue fins for protection.</p>,1,100,59200.00,37290.00,Air Conditioners,"https://cdn.shopify.com/s/files/1/0888/8297/0937/files/IC318DNU-S01.png, https://cdn.shopify.com/s/files/1/0888/8297/0937/files/IC318DNU-S02.jpg, https://cdn.shopify.com/s/files/1/0888/8297/0937/files/IC318DNU-S03.jpg, https://cdn.shopify.com/s/files/1/0888/8297/0937/files/IC318DNU-S04.jpg, https://cdn.shopify.com/s/files/1/0888/8297/0937/files/IC318DNU-S05.jpg, https://cdn.shopify.com/s/files/1/0888/8297/0937/files/IC318DNU-S06.jpg, https://cdn.shopify.com/s/files/1/0888/8297/0937/files/IC318DNU-S07.jpg, https://cdn.shopify.com/s/files/1/0888/8297/0937/files/IC318DNU-S08.jpg"
simple,IC524BKURWK,INVERTER AC | B SERIES | 2 TON |  5 STAR | 2025 BEE LABEL,1,0,visible,,,1,100,76000.00,52990.00,Air Conditioners,"https://cdn.shopify.com/s/files/1/0888/8297/0937/files/IC524BKURWK01.png, https://cdn.shopify.com/s/files/1/0888/8297/0937/files/IC524BKURWK02.jpg, https://cdn.shopify.com/s/files/1/0888/8297/0937/files/IC524BKURWK03.jpg, https://cdn.shopify.com/s/files/1/0888/8297/0937/files/IC524BKURWK04.jpg, https://cdn.shopify.com/s/files/1/0888/8297/0937/files/IC524BKURWK05.jpg, https://cdn.shopify.com/s/files/1/0888/8297/0937/files/IC524BKURWK06.jpg, https://cdn.shopify.com/s/files/1/0888/8297/0937/files/IC524BKURWK07.jpg, https://cdn.shopify.com/s/files/1/0888/8297/0937/files/IC524BKURWK08.jpg, https://cdn.shopify.com/s/files/1/0888/8297/0937/files/IC524BKURWK09.jpg"
simple,IC518BNURWK,INVERTER AC | B SERIES | 1.5 TON |  5 STAR | 2025 BEE LABEL,1,0,visible,,,1,100,68200.00,42990.00,Air Conditioners,"https://cdn.shopify.com/s/files/1/0888/8297/0937/files/IC518BNURWK01.png, https://cdn.shopify.com/s/files/1/0888/8297/0937/files/IC518BNURWK02.jpg, https://cdn.shopify.com/s/files/1/0888/8297/0937/files/IC518BNURWK03.jpg, https://cdn.shopify.com/s/files/1/0888/8297/0937/files/IC518BNURWK04.jpg, https://cdn.shopify.com/s/files/1/0888/8297/0937/files/IC518BNURWK05.jpg, https://cdn.shopify.com/s/files/1/0888/8297/0937/files/IC518BNURWK06.jpg, https://cdn.shopify.com/s/files/1/0888/8297/0937/files/IC518BNURWK07.jpg, https://cdn.shopify.com/s/files/1/0888/8297/0937/files/IC518BNURWK08.jpg, https://cdn.shopify.com/s/files/1/0888/8297/0937/files/IC518BNURWK09.jpg"
simple,IA309BNUWK,INVERTER AC | B SERIES | 0.8 TON |  3 STAR | 2025 BEE LABEL,1,0,visible,,,1,100,39600.00,26990.00,Air Conditioners,"https://cdn.shopify.com/s/files/1/0888/8297/0937/files/1_IA309BNUWK-IDUFrontView.png, https://cdn.shopify.com/s/files/1/0888/8297/0937/files/2_IA309BNUWK-IDULeftView.jpg, https://cdn.shopify.com/s/files/1/0888/8297/0937/files/3_IA309BNUWK-IDURightView.jpg, https://cdn.shopify.com/s/files/1/0888/8297/0937/files/4_IA309BNUWK-ODUFrontView.jpg, https://cdn.shopify.com/s/files/1/0888/8297/0937/files/5_IA309BNUWK-ODULeftView.jpg, https://cdn.shopify.com/s/files/1/0888/8297/0937/files/6_IA309BNUWK-ODURightView.jpg, https://cdn.shopify.com/s/files/1/0888/8297/0937/files/7_IA309BNUWK-Remote.jpg, https://cdn.shopify.com/s/files/1/0888/8297/0937/files/8_IA309BNUWK-ENERGYLABEL.jpg"
simple,IB324BKUWK,INVERTER AC | B SERIES | 2 TON |  3 STAR | 2025 BEE LABEL,1,0,visible,,,1,100,66300.00,45990.00,Air Conditioners,"https://cdn.shopify.com/s/files/1/0888/8297/0937/files/IB324BKUWK01.png, https://cdn.shopify.com/s/files/1/0888/8297/0937/files/IB324BKUWK02.jpg, https://cdn.shopify.com/s/files/1/0888/8297/0937/files/IB324BKUWK03.jpg, https://cdn.shopify.com/s/files/1/0888/8297/0937/files/IB324BKUWK04.jpg, https://cdn.shopify.com/s/files/1/0888/8297/0937/files/IB324BKUWK05.jpg, https://cdn.shopify.com/s/files/1/0888/8297/0937/files/IB324BKUWK06.jpg, https://cdn.shopify.com/s/files/1/0888/8297/0937/files/IB324BKUWK07.jpg, https://cdn.shopify.com/s/files/1/0888/8297/0937/files/IB324BKUWK08.jpg, https://cdn.shopify.com/s/files/1/0888/8297/0937/files/IB324BKUWK09.jpg"
simple,IC318BKUWK,INVERTER AC | B SERIES | 1.5 TON |  3 STAR | 2025 BEE LABEL,1,0,visible,,,1,100,57100.00,36490.00,Air Conditioners,"https://cdn.shopify.com/s/files/1/0888/8297/0937/files/IC318BKUWK01.png, https://cdn.shopify.com/s/files/1/0888/8297/0937/files/IC318BKUWK02.jpg, https://cdn.shopify.com/s/files/1/0888/8297/0937/files/IC318BKUWK03.jpg, https://cdn.shopify.com/s/files/1/0888/8297/0937/files/IC318BKUWK04.jpg, https://cdn.shopify.com/s/files/1/0888/8297/0937/files/IC318BKUWK05.jpg, https://cdn.shopify.com/s/files/1/0888/8297/0937/files/IC318BKUWK06.jpg, https://cdn.shopify.com/s/files/1/0888/8297/0937/files/IC318BKUWK07.jpg, https://cdn.shopify.com/s/files/1/0888/8297/0937/files/IC318BKUWK08.jpg, https://cdn.shopify.com/s/files/1/0888/8297/0937/files/IC318BKUWK09.jpg"
simple,IB312BKUWK,INVERTER AC | B SERIES | 1 TON |  3 STAR | 2025 BEE LABEL,1,0,visible,,,1,100,47000.00,33490.00,Air Conditioners,"https://cdn.shopify.com/s/files/1/0888/8297/0937/files/IB312BKUWK01.png, https://cdn.shopify.com/s/files/1/0888/8297/0937/files/IB312BKUWK02.jpg, https://cdn.shopify.com/s/files/1/0888/8297/0937/files/IB312BKUWK03.jpg, https://cdn.shopify.com/s/files/1/0888/8297/0937/files/IB312BKUWK04.jpg, https://cdn.shopify.com/s/files/1/0888/8297/0937/files/IB312BKUWK05.jpg, https://cdn.shopify.com/s/files/1/0888/8297/0937/files/IB312BKUWK06.jpg, https://cdn.shopify.com/s/files/1/0888/8297/0937/files/IB312BKUWK07.jpg, https://cdn.shopify.com/s/files/1/0888/8297/0937/files/IB312BKUWK08.jpg, https://cdn.shopify.com/s/files/1/0888/8297/0937/files/IB312BKUWK09.jpg"
simple,IC315YNU,INVERTER AC | Y SERIES | 1.3 TON |  3 STAR | 2025 BEE LABEL,1,0,visible,,"<p>This outstanding 3 star inverter AC comes with best in class features like 5-in-1 convertible, turbo cool, anti-corrosive blue fins for protection and comfort sleep along with many more.</p>",1,100,53000.00,32390.00,Air Conditioners,"https://cdn.shopify.com/s/files/1/0888/8297/0937/files/IC315YNU.png, https://cdn.shopify.com/s/files/1/0888/8297/0937/files/Y-Angle-A_59f30fde-05d9-4022-a613-8df8fb47d86b.png, https://cdn.shopify.com/s/files/1/0888/8297/0937/files/Y-Angle-B_54af39f2-e074-4995-beaa-2673a0e78534.png, https://cdn.shopify.com/s/files/1/0888/8297/0937/files/Y-F_b6a38169-7adc-495a-bf1d-9c9549da3165.jpg, https://cdn.shopify.com/s/files/1/0888/8297/0937/files/Y-L_26a319c7-fc77-485f-8079-08f3a55c8855.jpg, https://cdn.shopify.com/s/files/1/0888/8297/0937/files/Y-R_0cfec962-bd5e-4f50-b405-4be4f32f086b.jpg, https://cdn.shopify.com/s/files/1/0888/8297/0937/files/Remote-01_dcd4d73b-3cb4-48de-b283-61235037eb51.png, https://cdn.shopify.com/s/files/1/0888/8297/0937/files/IC315YNU.jpg"
simple,IE518RNUR,INVERTER AC | R SERIES | 1.5 TON |  5 STAR | 2025 BEE LABEL,1,0,visible,,,1,100,68200.00,42990.00,Air Conditioners,"https://cdn.shopify.com/s/files/1/0888/8297/0937/files/IE518RNUR01.png, https://cdn.shopify.com/s/files/1/0888/8297/0937/files/IE518RNUR02.jpg, https://cdn.shopify.com/s/files/1/0888/8297/0937/files/IE518RNUR03.jpg, https://cdn.shopify.com/s/files/1/0888/8297/0937/files/IE518RNUR04.jpg, https://cdn.shopify.com/s/files/1/0888/8297/0937/files/IE518RNUR05.jpg, https://cdn.shopify.com/s/files/1/0888/8297/0937/files/IE518RNUR06.jpg, https://cdn.shopify.com/s/files/1/0888/8297/0937/files/IE518RNUR07.jpg, https://cdn.shopify.com/s/files/1/0888/8297/0937/files/IE518RNUR08.jpg"
simple,IC312TNU,INVERTER AC | T SERIES |  1 TON |  3 STAR | 2025 BEE LABEL,1,0,visible,,,1,100,47700.00,33490.00,Air Conditioners,"https://cdn.shopify.com/s/files/1/0888/8297/0937/files/1_IC312TNU-IDUFrontView.png, https://cdn.shopify.com/s/files/1/0888/8297/0937/files/2_IC312TNU-IDULeftView.jpg, https://cdn.shopify.com/s/files/1/0888/8297/0937/files/3_IC312TNU-IDURightView.jpg, https://cdn.shopify.com/s/files/1/0888/8297/0937/files/4_IC312TNU-ODUFrontView.jpg, https://cdn.shopify.com/s/files/1/0888/8297/0937/files/5_IC312TNU-ODULeftView.jpg, https://cdn.shopify.com/s/files/1/0888/8297/0937/files/6_IC312TNU-ODURightView.jpg, https://cdn.shopify.com/s/files/1/0888/8297/0937/files/7_IC312TNU-Remote.jpg, https://cdn.shopify.com/s/files/1/0888/8297/0937/files/8_IC312TNU-ENERGYLABEL.jpg"
simple,IE518ONURS,INVERTER AC | O SMART WI-FI SERIES | 1.5 TON |  5 STAR | 2025 BEE LABEL,1,0,visible,,,1,100,69600.00,43690.00,Air Conditioners,"https://cdn.shopify.com/s/files/1/0888/8297/0937/files/1_IE518ONURS-IDUFrontView.png, https://cdn.shopify.com/s/files/1/0888/8297/0937/files/2_IE518ONURS-IDULeftView.jpg, https://cdn.shopify.com/s/files/1/0888/8297/0937/files/3_IE518ONURS-IDURightView.jpg, https://cdn.shopify.com/s/files/1/0888/8297/0937/files/4_IE518ONURS-ODUFrontView.jpg, https://cdn.shopify.com/s/files/1/0888/8297/0937/files/5_IE518ONURS-ODULeftView.jpg, https://cdn.shopify.com/s/files/1/0888/8297/0937/files/6_IE518ONURS-ODURightView.jpg, https://cdn.shopify.com/s/files/1/0888/8297/0937/files/7_IE518ONURS-Remote.jpg, https://cdn.shopify.com/s/files/1/0888/8297/0937/files/8_IE518ONURS-ENERGYLABEL.jpg"
simple,IA309TNU,INVERTER AC | T SERIES | 0.8 TON |  3 STAR | 2025 BEE LABEL,1,0,visible,,,1,100,39100.00,27990.00,Air Conditioners,"https://cdn.shopify.com/s/files/1/0888/8297/0937/files/ia318tku_ia318tku-gallery-images-01_07fb5a0d-2856-4e4e-9a4b-8d16303d7256.png, https://cdn.shopify.com/s/files/1/0888/8297/0937/files/2.T-Series-IDU-Angle-01.png, https://cdn.shopify.com/s/files/1/0888/8297/0937/files/3.T-Series-IDU-Angle-02.png, https://cdn.shopify.com/s/files/1/0888/8297/0937/files/4.T-Series-ODU-Angle-01.png, https://cdn.shopify.com/s/files/1/0888/8297/0937/files/5.T-Series-ODU-Angle-02.png, https://cdn.shopify.com/s/files/1/0888/8297/0937/files/6.T-Series-ODU-Back-Panel.png, https://cdn.shopify.com/s/files/1/0888/8297/0937/files/7.T-Series-ODU-Front-Panel.png, https://cdn.shopify.com/s/files/1/0888/8297/0937/files/8..T_QRemote.png, https://cdn.shopify.com/s/files/1/0888/8297/0937/files/IA309TNU_08.jpg"
simple,IC524DNUR,INVERTER AC | D SERIES | 2 TON |  5 STAR | 2025 BEE LABEL,1,0,visible,,,1,100,78300.00,54990.00,Air Conditioners,"https://cdn.shopify.com/s/files/1/0888/8297/0937/files/Gallery_Images_01_580e195f-913a-47c5-95f5-a159c52caeb2.png, https://cdn.shopify.com/s/files/1/0888/8297/0937/files/Gallery_Images_02_ccfef52f-f62f-4c62-9fbb-3fdf189cff8e.jpg, https://cdn.shopify.com/s/files/1/0888/8297/0937/files/Gallery_Images_03_d3f0f746-a5e5-4e4a-9e53-c5d1c3bda236.jpg, https://cdn.shopify.com/s/files/1/0888/8297/0937/files/Gallery_Images_04_f6933209-62a7-4ca8-8f72-e11a38ea65b5.jpg, https://cdn.shopify.com/s/files/1/0888/8297/0937/files/Gallery_Images_05_7bf579e0-deb9-4d4b-88fb-9656bd3683f9.jpg, https://cdn.shopify.com/s/files/1/0888/8297/0937/files/Gallery_Images_06_14510008-31f3-49e0-a63b-c2ea3d7047aa.jpg, https://cdn.shopify.com/s/files/1/0888/8297/0937/files/Gallery_Images_07_6e2e14dc-8f70-4fb9-be62-e4c5bfd259dc.jpg, https://cdn.shopify.com/s/files/1/0888/8297/0937/files/Gallery_Images_08_60be8852-c793-423b-b5d5-69fcab1b44e0.jpg"
simple,IC318HKU,INVERTER AC | H SERIES | 1.5 TON |  3 STAR | 2025 BEE LABEL,1,0,visible,,,1,100,56600.00,36490.00,Air Conditioners,"https://cdn.shopify.com/s/files/1/0888/8297/0937/files/IC318HKU01.png, https://cdn.shopify.com/s/files/1/0888/8297/0937/files/IC318HKU02.jpg, https://cdn.shopify.com/s/files/1/0888/8297/0937/files/IC318HKU03.jpg, https://cdn.shopify.com/s/files/1/0888/8297/0937/files/IC318HKU04.jpg, https://cdn.shopify.com/s/files/1/0888/8297/0937/files/IC318HKU05.jpg, https://cdn.shopify.com/s/files/1/0888/8297/0937/files/IC318HKU06.jpg, https://cdn.shopify.com/s/files/1/0888/8297/0937/files/IC318HKU07.jpg, https://cdn.shopify.com/s/files/1/0888/8297/0937/files/IC318HKU08.jpg, https://cdn.shopify.com/s/files/1/0888/8297/0937/files/IC318HKU09.jpg"
simple,IC312HKU,INVERTER AC | H SERIES | 1 TON |  3 STAR | 2025 BEE LABEL,1,0,visible,,,1,100,46700.00,33490.00,Air Conditioners,"https://cdn.shopify.com/s/files/1/0888/8297/0937/files/IC312HKU01.png, https://cdn.shopify.com/s/files/1/0888/8297/0937/files/IC312HKU02.jpg, https://cdn.shopify.com/s/files/1/0888/8297/0937/files/IC312HKU03.jpg, https://cdn.shopify.com/s/files/1/0888/8297/0937/files/IC312HKU04.jpg, https://cdn.shopify.com/s/files/1/0888/8297/0937/files/IC312HKU05.jpg, https://cdn.shopify.com/s/files/1/0888/8297/0937/files/IC312HKU06.jpg, https://cdn.shopify.com/s/files/1/0888/8297/0937/files/IC312HKU07.jpg, https://cdn.shopify.com/s/files/1/0888/8297/0937/files/IC312HKU08.jpg, https://cdn.shopify.com/s/files/1/0888/8297/0937/files/IC312HKU09.jpg"
simple,IC518ZNURS,INVERTER AC | Z SMART WI-FI SERIES | 1.5 TON |  5 STAR | 2025 BEE LABEL,1,0,visible,,,1,100,69100.00,43690.00,Air Conditioners,"https://cdn.shopify.com/s/files/1/0888/8297/0937/files/1_IC518ZNURS-IDUFrontView.png, https://cdn.shopify.com/s/files/1/0888/8297/0937/files/2_IC518ZNURS-ODUFrontView.jpg, https://cdn.shopify.com/s/files/1/0888/8297/0937/files/3_IC518ZNURS-ODULeftView.jpg, https://cdn.shopify.com/s/files/1/0888/8297/0937/files/4_IC518ZNURS-ODURightView.jpg, https://cdn.shopify.com/s/files/1/0888/8297/0937/files/5_IC518ZNURS-Remote.jpg, https://cdn.shopify.com/s/files/1/0888/8297/0937/files/6_IC518ZNURS-ENERGYLABEL.jpg"
simple,ID512ZNURS,INVERTER AC | Z SMART WI-FI SERIES | 1 TON |  5 STAR | 2025 BEE LABEL,1,0,visible,,,1,100,59000.00,37490.00,Air Conditioners,"https://cdn.shopify.com/s/files/1/0888/8297/0937/files/1_ID512ZNURS-IDUFrontView.png, https://cdn.shopify.com/s/files/1/0888/8297/0937/files/2_ID512ZNURS-ODUFrontView.jpg, https://cdn.shopify.com/s/files/1/0888/8297/0937/files/3_ID512ZNURS-ODULeftView.jpg, https://cdn.shopify.com/s/files/1/0888/8297/0937/files/4_ID512ZNURS-ODURightView.jpg, https://cdn.shopify.com/s/files/1/0888/8297/0937/files/5_ID512ZNURS-Remote.jpg, https://cdn.shopify.com/s/files/1/0888/8297/0937/files/6_ID512ZNURS-ENERGYLABEL.jpg"
simple,IC518SNUR,INVERTER AC | S SERIES |  1.5 TON |  5 STAR | 2025 BEE LABEL,1,0,visible,,,1,100,68400.00,42990.00,Air Conditioners,"https://cdn.shopify.com/s/files/1/0888/8297/0937/files/ic518snur_gallery-images-01_10_13.png, https://cdn.shopify.com/s/files/1/0888/8297/0937/files/ic518snur_gallery-images-02_12_13.jpg, https://cdn.shopify.com/s/files/1/0888/8297/0937/files/ic518snur_gallery-images-03_10_13.jpg, https://cdn.shopify.com/s/files/1/0888/8297/0937/files/ic518snur_gallery-images-04_9_5.jpg, https://cdn.shopify.com/s/files/1/0888/8297/0937/files/ic518snur_gallery-images-05_9_5.jpg, https://cdn.shopify.com/s/files/1/0888/8297/0937/files/ic518snur_gallery-images-06_9_5.jpg, https://cdn.shopify.com/s/files/1/0888/8297/0937/files/ic518snur_gallery-images-07_9_5.jpg, https://cdn.shopify.com/s/files/1/0888/8297/0937/files/ic518snur_gallery-images-08_6_23.jpg, https://cdn.shopify.com/s/files/1/0888/8297/0937/files/IC518SNUR_08.jpg"
simple,IC318TNU,INVERTER AC | T SERIES | 1.5 TON |  3 STAR | 2025 BEE LABEL,1,0,visible,,,1,100,58500.00,36490.00,Air Conditioners,"https://cdn.shopify.com/s/files/1/0888/8297/0937/files/IC318TNU01.png, https://cdn.shopify.com/s/files/1/0888/8297/0937/files/IC318TNU02.jpg, https://cdn.shopify.com/s/files/1/0888/8297/0937/files/IC318TNU03.jpg, https://cdn.shopify.com/s/files/1/0888/8297/0937/files/IC318TNU04.jpg, https://cdn.shopify.com/s/files/1/0888/8297/0937/files/IC318TNU05.jpg, https://cdn.shopify.com/s/files/1/0888/8297/0937/files/IC318TNU06.jpg, https://cdn.shopify.com/s/files/1/0888/8297/0937/files/IC318TNU07.jpg, https://cdn.shopify.com/s/files/1/0888/8297/0937/files/IC318TNU08.jpg, https://cdn.shopify.com/s/files/1/0888/8297/0937/files/IC318TNU09.jpg"
simple,IC518TNUR,INVERTER AC | T SERIES | 1.5 TON |  5 STAR | 2025 BEE LABEL,1,0,visible,,,1,100,68400.00,42990.00,Air Conditioners,"https://cdn.shopify.com/s/files/1/0888/8297/0937/files/ic518tnur_gallery-images-01_7_11.png, https://cdn.shopify.com/s/files/1/0888/8297/0937/files/ic518tnur_gallery-images-02_8_10.jpg, https://cdn.shopify.com/s/files/1/0888/8297/0937/files/ic518tnur_gallery-images-03_7_10.jpg, https://cdn.shopify.com/s/files/1/0888/8297/0937/files/ic518tnur_gallery-images-04_6_16.jpg, https://cdn.shopify.com/s/files/1/0888/8297/0937/files/ic518tnur_gallery-images-05_6_16.jpg, https://cdn.shopify.com/s/files/1/0888/8297/0937/files/ic518tnur_gallery-images-06_6_16.jpg, https://cdn.shopify.com/s/files/1/0888/8297/0937/files/ic518tnur_gallery-images-07_6_16.jpg, https://cdn.shopify.com/s/files/1/0888/8297/0937/files/ic518tnur_gallery-images-08_6_16.jpg, https://cdn.shopify.com/s/files/1/0888/8297/0937/files/IC518TNUR_08.jpg"
simple,ID512TNUR,INVERTER AC | T SERIES | 1 TON |  5 STAR | 2025 BEE LABEL,1,0,visible,,,1,100,58300.00,36990.00,Air Conditioners,"https://cdn.shopify.com/s/files/1/0888/8297/0937/files/1_ID512TNUR-IDUFrontView.png, https://cdn.shopify.com/s/files/1/0888/8297/0937/files/2_ID512TNUR-IDULeftView.jpg, https://cdn.shopify.com/s/files/1/0888/8297/0937/files/3_ID512TNUR-IDURightView.jpg, https://cdn.shopify.com/s/files/1/0888/8297/0937/files/4_ID512TNUR-ODUFrontView.jpg, https://cdn.shopify.com/s/files/1/0888/8297/0937/files/5_ID512TNUR-ODULeftView.jpg, https://cdn.shopify.com/s/files/1/0888/8297/0937/files/6_ID512TNUR-ODURightView.jpg, https://cdn.shopify.com/s/files/1/0888/8297/0937/files/7_ID512TNUR-Remote.jpg, https://cdn.shopify.com/s/files/1/0888/8297/0937/files/8_ID512TNUR-ENERGYLABEL.jpg"
simple,IE512ONURS,INVERTER AC | O SMART WI-FI SERIES | 1 TON |  5 STAR | 2025 BEE LABEL,1,0,visible,,,1,100,59400.00,37490.00,Air Conditioners,"https://cdn.shopify.com/s/files/1/0888/8297/0937/files/1_IE512ONURS-IDUFrontView.png, https://cdn.shopify.com/s/files/1/0888/8297/0937/files/2_IE512ONURS-IDULeftView.jpg, https://cdn.shopify.com/s/files/1/0888/8297/0937/files/3_IE512ONURS-IDURightView.jpg, https://cdn.shopify.com/s/files/1/0888/8297/0937/files/4_IE512ONURS-ODUFrontView.jpg, https://cdn.shopify.com/s/files/1/0888/8297/0937/files/5_IE512ONURS-ODULeftView.jpg, https://cdn.shopify.com/s/files/1/0888/8297/0937/files/6_IE512ONURS-ODURightView.jpg, https://cdn.shopify.com/s/files/1/0888/8297/0937/files/7_IE512ONURS-Remote.jpg, https://cdn.shopify.com/s/files/1/0888/8297/0937/files/8_IE512ONURS-ENERGYLABEL.jpg"
simple,ID512GNURS,INVERTER AC | G SMART WI-FI SERIES | 1 TON |  5 STAR | 2025 BEE LABEL,1,0,visible,,,1,100,59400.00,37490.00,Air Conditioners,"https://cdn.shopify.com/s/files/1/0888/8297/0937/files/1_ID512GNURS-IDUFrontView.png, https://cdn.shopify.com/s/files/1/0888/8297/0937/files/2_ID512GNURS-ODUFrontView.jpg, https://cdn.shopify.com/s/files/1/0888/8297/0937/files/3_ID512GNURS-ODULeftView.jpg, https://cdn.shopify.com/s/files/1/0888/8297/0937/files/4_ID512GNURS-ODURightView.jpg, https://cdn.shopify.com/s/files/1/0888/8297/0937/files/5_ID512GNURS-Remote.jpg, https://cdn.shopify.com/s/files/1/0888/8297/0937/files/6_ID512GNURS-ENERGYLABEL.jpg"
simple,IC318NNU,INVERTER AC | N SERIES | 1.5 TON | 3 STAR | 2025 BEE LABEL,1,0,visible,,,1,100,58500.00,36490.00,Air Conditioners,"https://cdn.shopify.com/s/files/1/0888/8297/0937/files/1_IC312NNU-IDUFrontView_01c686d5-6428-4e4d-b206-60cdb9c7789d.png, https://cdn.shopify.com/s/files/1/0888/8297/0937/files/2_IC312NNU-IDULeftView_cc1fbfbe-63c0-4598-af06-4df7cdd997d6.jpg, https://cdn.shopify.com/s/files/1/0888/8297/0937/files/3_IC312NNU-IDURightView_9531f5a2-7c8b-4917-aa5a-54d44ccf168e.jpg, https://cdn.shopify.com/s/files/1/0888/8297/0937/files/4_IC312NNU-ODUFrontView_6ed75187-875f-483a-b953-96c41df7c94d.jpg, https://cdn.shopify.com/s/files/1/0888/8297/0937/files/5_IC312NNU-ODULeftView_0a260c33-d23d-48fc-939f-fec7e5ea262c.jpg, https://cdn.shopify.com/s/files/1/0888/8297/0937/files/6_IC312NNU-ODURightView_c553ab54-e93d-452c-9483-8ce78bcb0e96.jpg, https://cdn.shopify.com/s/files/1/0888/8297/0937/files/7_IC312NNU-Remote_e0260e83-0350-4dd7-9fd5-c9cb33d4c3e0.jpg, https://cdn.shopify.com/s/files/1/0888/8297/0937/files/IC318NNU.jpg"
simple,IC312NNU,INVERTER AC | N SERIES |  1 TON |  3 STAR | 2025 BEE LABEL,1,0,visible,,,1,100,47900.00,33490.00,Air Conditioners,"https://cdn.shopify.com/s/files/1/0888/8297/0937/files/1_IC312NNU-IDUFrontView.png, https://cdn.shopify.com/s/files/1/0888/8297/0937/files/2_IC312NNU-IDULeftView.jpg, https://cdn.shopify.com/s/files/1/0888/8297/0937/files/3_IC312NNU-IDURightView.jpg, https://cdn.shopify.com/s/files/1/0888/8297/0937/files/4_IC312NNU-ODUFrontView.jpg, https://cdn.shopify.com/s/files/1/0888/8297/0937/files/5_IC312NNU-ODULeftView.jpg, https://cdn.shopify.com/s/files/1/0888/8297/0937/files/6_IC312NNU-ODURightView.jpg, https://cdn.shopify.com/s/files/1/0888/8297/0937/files/7_IC312NNU-Remote.jpg, https://cdn.shopify.com/s/files/1/0888/8297/0937/files/8_IC312NNU-ENERGYLABEL.jpg"
simple,IE518VNURS,INVERTER AC | V SMART WI-FI SERIES | 1.5 TON |  5 STAR | 2025 BEE LABEL,1,0,visible,,,1,100,69300.00,43690.00,Air Conditioners,"https://cdn.shopify.com/s/files/1/0888/8297/0937/files/1_IE518VNURS-IDUFrontView.png, https://cdn.shopify.com/s/files/1/0888/8297/0937/files/2_IE518VNURS-IDULeftView.jpg, https://cdn.shopify.com/s/files/1/0888/8297/0937/files/3_IE518VNURS-IDURightView.jpg, https://cdn.shopify.com/s/files/1/0888/8297/0937/files/4_IE518VNURS-ODUFrontView.jpg, https://cdn.shopify.com/s/files/1/0888/8297/0937/files/5_IE518VNURS-ODULeftView.jpg, https://cdn.shopify.com/s/files/1/0888/8297/0937/files/6_IE518VNURS-ODURightView.jpg, https://cdn.shopify.com/s/files/1/0888/8297/0937/files/7_IE518VNURS-Remote.jpg, https://cdn.shopify.com/s/files/1/0888/8297/0937/files/8_IE518VNURS-ENERGYLABEL.jpg"
simple,IE512VNURS,INVERTER AC | V SMART WI-FI SERIES | 1 TON |  5 STAR | 2025 BEE LABEL,1,0,visible,,,1,100,59200.00,37490.00,Air Conditioners,"https://cdn.shopify.com/s/files/1/0888/8297/0937/files/IE512VNURS01.png, https://cdn.shopify.com/s/files/1/0888/8297/0937/files/IE512VNURS02.jpg, https://cdn.shopify.com/s/files/1/0888/8297/0937/files/IE512VNURS03.jpg, https://cdn.shopify.com/s/files/1/0888/8297/0937/files/IE512VNURS04.jpg, https://cdn.shopify.com/s/files/1/0888/8297/0937/files/IE512VNURS05.jpg, https://cdn.shopify.com/s/files/1/0888/8297/0937/files/IE512VNURS06.jpg, https://cdn.shopify.com/s/files/1/0888/8297/0937/files/IE512VNURS07.jpg, https://cdn.shopify.com/s/files/1/0888/8297/0937/files/IE512VNURS08.jpg"
simple,IA312QCU,INVERTER AC | HIGH CAPACITY Q SERIES |  1 TON |  3 STAR | 2025 BEE LABEL,1,0,visible,,,1,100,49700.00,33490.00,Air Conditioners,"https://cdn.shopify.com/s/files/1/0888/8297/0937/files/1IA312QCU01.png, https://cdn.shopify.com/s/files/1/0888/8297/0937/files/IA312QC02.jpg, https://cdn.shopify.com/s/files/1/0888/8297/0937/files/IA312QC03.jpg, https://cdn.shopify.com/s/files/1/0888/8297/0937/files/IA312QC04.jpg, https://cdn.shopify.com/s/files/1/0888/8297/0937/files/IA312QC05.jpg, https://cdn.shopify.com/s/files/1/0888/8297/0937/files/IA312QC06.jpg, https://cdn.shopify.com/s/files/1/0888/8297/0937/files/IA312QC07.jpg, https://cdn.shopify.com/s/files/1/0888/8297/0937/files/IA312QC08.jpg, https://cdn.shopify.com/s/files/1/0888/8297/0937/files/IA312QC09.jpg"
simple,IA318QCU,INVERTER AC | HIGH CAPACITY Q SERIES |  1.5 TON |  3 STAR | 2025 BEE LABEL,1,0,visible,,,1,100,59600.00,36490.00,Air Conditioners,"https://cdn.shopify.com/s/files/1/0888/8297/0937/files/IA318QCU01.png, https://cdn.shopify.com/s/files/1/0888/8297/0937/files/IA318QCU02.jpg, https://cdn.shopify.com/s/files/1/0888/8297/0937/files/IA318QCU03.jpg, https://cdn.shopify.com/s/files/1/0888/8297/0937/files/IA318QCU04.jpg, https://cdn.shopify.com/s/files/1/0888/8297/0937/files/IA318QCU05.jpg, https://cdn.shopify.com/s/files/1/0888/8297/0937/files/IA318QCU06.jpg, https://cdn.shopify.com/s/files/1/0888/8297/0937/files/IA318QCU07.jpg, https://cdn.shopify.com/s/files/1/0888/8297/0937/files/IA318QCU08.jpg, https://cdn.shopify.com/s/files/1/0888/8297/0937/files/IA318QCU09.jpg"
simple,IC318QNU,INVERTER AC | Q SERIES |  1.5 TON |  3 STAR | 2025 BEE LABEL,1,0,visible,,,1,100,58700.00,36490.00,Air Conditioners,"https://cdn.shopify.com/s/files/1/0888/8297/0937/files/IC318QNU01.png, https://cdn.shopify.com/s/files/1/0888/8297/0937/files/IC318QNU02.jpg, https://cdn.shopify.com/s/files/1/0888/8297/0937/files/IC318QNU03.jpg, https://cdn.shopify.com/s/files/1/0888/8297/0937/files/IC318QNU04.jpg, https://cdn.shopify.com/s/files/1/0888/8297/0937/files/IC318QNU05.jpg, https://cdn.shopify.com/s/files/1/0888/8297/0937/files/IC318QNU06.jpg, https://cdn.shopify.com/s/files/1/0888/8297/0937/files/IC318QNU07.jpg, https://cdn.shopify.com/s/files/1/0888/8297/0937/files/IC318QNU08.jpg"
simple,ID512QNURS,INVERTER AC | Q SMART WI-FI SERIES | 1 TON |  5 STAR | 2025 BEE LABEL,1,0,visible,,,1,100,59400.00,37490.00,Air Conditioners,"https://cdn.shopify.com/s/files/1/0888/8297/0937/files/ID512QNURS01.png, https://cdn.shopify.com/s/files/1/0888/8297/0937/files/ID512QNURS02.jpg, https://cdn.shopify.com/s/files/1/0888/8297/0937/files/ID512QNURS03.jpg, https://cdn.shopify.com/s/files/1/0888/8297/0937/files/ID512QNURS04.jpg, https://cdn.shopify.com/s/files/1/0888/8297/0937/files/ID512QNURS05.jpg, https://cdn.shopify.com/s/files/1/0888/8297/0937/files/ID512QNURS06.jpg, https://cdn.shopify.com/s/files/1/0888/8297/0937/files/ID512QNURS07.jpg, https://cdn.shopify.com/s/files/1/0888/8297/0937/files/ID512QNURS08.jpg, https://cdn.shopify.com/s/files/1/0888/8297/0937/files/ID512QNURS09.jpg"
simple,ID318DNUHC,HOT & COLD INVERTER AC | D SERIES -2°C to 52°C |  1.5 TON |  3 STAR | 2025 BEE LABEL,1,0,visible,,,1,100,63800.00,42990.00,Air Conditioners,"https://cdn.shopify.com/s/files/1/0888/8297/0937/files/ID318DNUHC_Gallery_Images_01.png, https://cdn.shopify.com/s/files/1/0888/8297/0937/files/ID318DNUHC_Gallery_Images_02.jpg, https://cdn.shopify.com/s/files/1/0888/8297/0937/files/ID318DNUHC_Gallery_Images_03.jpg, https://cdn.shopify.com/s/files/1/0888/8297/0937/files/ID318DNUHC_Gallery_Images_04.jpg, https://cdn.shopify.com/s/files/1/0888/8297/0937/files/ID318DNUHC_Gallery_Images_05.jpg, https://cdn.shopify.com/s/files/1/0888/8297/0937/files/ID318DNUHC_Gallery_Images_06.jpg, https://cdn.shopify.com/s/files/1/0888/8297/0937/files/ID318DNUHC_Gallery_Images_07.jpg, https://cdn.shopify.com/s/files/1/0888/8297/0937/files/ID318DNUHC_Gallery_Images_08_3a47df78-655e-42e9-9a91-2786da71cf8a.jpg"
simple,IC325DCUHD,HEAVY DUTY INVERTER AC | D SERIES |  2.1 TON |  3 STAR | 2025 BEE LABEL,1,0,visible,,,1,100,71900.00,56990.00,Air Conditioners,"https://cdn.shopify.com/s/files/1/0888/8297/0937/files/Front_d2172925-91c5-43ce-8fa5-e54c63a94578.png, https://cdn.shopify.com/s/files/1/0888/8297/0937/files/Left_de71b28a-9fe3-4a94-97d8-d117139719b6.jpg, https://cdn.shopify.com/s/files/1/0888/8297/0937/files/Right_ebc74ba7-f3d9-4294-9e67-f844b3348852.jpg, https://cdn.shopify.com/s/files/1/0888/8297/0937/files/IC325DCUHD04.jpg, https://cdn.shopify.com/s/files/1/0888/8297/0937/files/IC325DCUHD05.jpg, https://cdn.shopify.com/s/files/1/0888/8297/0937/files/IC325DCUHD06.jpg, https://cdn.shopify.com/s/files/1/0888/8297/0937/files/IC325DCUHD07.jpg, https://cdn.shopify.com/s/files/1/0888/8297/0937/files/IC325DCUHD08.jpg"
simple,IC324DNUHC,HOT & COLD INVERTER AC | D SERIES -2°C to 52°C |  2 TON |  3 STAR | 2025 BEE LABEL,1,0,visible,,,1,100,73700.00,54990.00,Air Conditioners,"https://cdn.shopify.com/s/files/1/0888/8297/0937/files/ID318DNUHC_Gallery_Images_01_b75936c5-1419-45e9-aff5-e0475e6c2adc.png, https://cdn.shopify.com/s/files/1/0888/8297/0937/files/ID318DNUHC_Gallery_Images_02_9a65f5b9-03a9-4431-a24c-29ef90736e6b.jpg, https://cdn.shopify.com/s/files/1/0888/8297/0937/files/ID318DNUHC_Gallery_Images_03_6d077276-c9db-4091-b328-cdc3962706f7.jpg, https://cdn.shopify.com/s/files/1/0888/8297/0937/files/4_IC324DNUHC_-_ODU_Front_View.jpg, https://cdn.shopify.com/s/files/1/0888/8297/0937/files/5_IC324DNUHC_-_ODU_Left_View.jpg, https://cdn.shopify.com/s/files/1/0888/8297/0937/files/6_IC324DNUHC_-_ODU_Right_View.jpg, https://cdn.shopify.com/s/files/1/0888/8297/0937/files/7_IC324DNUHC_-_Remote.jpg, https://cdn.shopify.com/s/files/1/0888/8297/0937/files/IC324DNUHC_Gallery_Images_08.jpg"
simple,IC312DNUHC,HOT & COLD INVERTER AC | D SERIES -2°C to 52°C |  1 TON |  3 STAR | 2025 BEE LABEL,1,0,visible,,,1,100,51100.00,33490.00,Air Conditioners,"https://cdn.shopify.com/s/files/1/0888/8297/0937/files/ID318DNUHC_Gallery_Images_01_e137eb11-f81a-43f0-acf0-a3ff26f1441e.png, https://cdn.shopify.com/s/files/1/0888/8297/0937/files/ID318DNUHC_Gallery_Images_02_5abb08b6-25bb-4d0b-8382-114d47ad329e.jpg, https://cdn.shopify.com/s/files/1/0888/8297/0937/files/ID318DNUHC_Gallery_Images_03_729ef370-87bb-4efc-98e5-47877c354082.jpg, https://cdn.shopify.com/s/files/1/0888/8297/0937/files/IC318DCUHC04_5da3d327-48be-4aee-972d-b41d49d69567.jpg, https://cdn.shopify.com/s/files/1/0888/8297/0937/files/IC318DCUHC05_6eda5c63-ef02-41f4-8fa4-f59aabcb299c.jpg, https://cdn.shopify.com/s/files/1/0888/8297/0937/files/IC318DCUHC06_c5f40c23-3e8f-4025-bc94-279cb7cb23ce.jpg, https://cdn.shopify.com/s/files/1/0888/8297/0937/files/IC318DCUHC07_e52d700e-f309-4968-9512-17fff2b0f5c1.jpg, https://cdn.shopify.com/s/files/1/0888/8297/0937/files/IC312DNUHC__Gallery_Images_08.jpg"
simple,IC318DCUHC,HOT & COLD INVERTER AC | D SERIES  -10°C to 50°C |  1.5 TON |  3 STAR | 2025 BEE LABEL,1,0,visible,,,1,100,66800.00,47990.00,Air Conditioners,"https://cdn.shopify.com/s/files/1/0888/8297/0937/files/ID318DNUHC_Gallery_Images_01_c62ac97a-fef0-4d58-8acc-7c1c5bafd59d.png, https://cdn.shopify.com/s/files/1/0888/8297/0937/files/ID318DNUHC_Gallery_Images_02_415c8442-c320-481f-b158-e60d9cea4872.jpg, https://cdn.shopify.com/s/files/1/0888/8297/0937/files/ID318DNUHC_Gallery_Images_03_eb693703-ccb5-4721-9650-370f8f52600e.jpg, https://cdn.shopify.com/s/files/1/0888/8297/0937/files/IC318DCUHC04.jpg, https://cdn.shopify.com/s/files/1/0888/8297/0937/files/IC318DCUHC05.jpg, https://cdn.shopify.com/s/files/1/0888/8297/0937/files/IC318DCUHC06.jpg, https://cdn.shopify.com/s/files/1/0888/8297/0937/files/IC318DCUHC07.jpg, https://cdn.shopify.com/s/files/1/0888/8297/0937/files/IC318DCUHC08.jpg"
simple,IC318YNUS,INVERTER AC | Y SMART WI-FI SERIES |  1.5 TON |  3 STAR | 2025 BEE LABEL,1,0,visible,,,1,100,59200.00,37290.00,Air Conditioners,"https://cdn.shopify.com/s/files/1/0888/8297/0937/files/1.Y-Front.png, https://cdn.shopify.com/s/files/1/0888/8297/0937/files/Y-Angle-A.png, https://cdn.shopify.com/s/files/1/0888/8297/0937/files/Y-Angle-B.png, https://cdn.shopify.com/s/files/1/0888/8297/0937/files/Y-F.jpg, https://cdn.shopify.com/s/files/1/0888/8297/0937/files/Y-L.jpg, https://cdn.shopify.com/s/files/1/0888/8297/0937/files/Y-R.jpg, https://cdn.shopify.com/s/files/1/0888/8297/0937/files/Remote-01.png, https://cdn.shopify.com/s/files/1/0888/8297/0937/files/IC318YNUS_08.jpg"
simple,IC318MNU,INVERTER AC | M SERIES | 1.5 TON |  3 STAR | 2025 BEE LABEL,1,0,visible,,<p>This superior 3 star AC provides smart and effective cooling due to top class features like 5-in-1 convertible;   turbo cool;   smart ready and PM2.5 filter with activated carbon which makes sure that you breathe clean air.</p>,1,100,58500.00,36490.00,Air Conditioners,"https://cdn.shopify.com/s/files/1/0888/8297/0937/files/ic318mnu_ic318mku-gallery-images-01.png, https://cdn.shopify.com/s/files/1/0888/8297/0937/files/M-Series-Angle-01_1.png, https://cdn.shopify.com/s/files/1/0888/8297/0937/files/M-Series-Angle-02_1.png, https://cdn.shopify.com/s/files/1/0888/8297/0937/files/HPInvODU_Front_2_12.jpg, https://cdn.shopify.com/s/files/1/0888/8297/0937/files/HPInvODU_Left_4_11.jpg, https://cdn.shopify.com/s/files/1/0888/8297/0937/files/HPInvODU_Right_4_11.jpg, https://cdn.shopify.com/s/files/1/0888/8297/0937/files/Remote-01A_1_1.png, https://cdn.shopify.com/s/files/1/0888/8297/0937/files/IC318MNU_08.jpg"
simple,IC318QNUS,INVERTER AC | Q SMART WI-FI SERIES | 1.5 TON |  3 STAR | 2025 BEE LABEL,1,0,visible,,,1,100,59600.00,37290.00,Air Conditioners,"https://cdn.shopify.com/s/files/1/0888/8297/0937/files/ic318qnus_gallery-images-01_7_1.png, https://cdn.shopify.com/s/files/1/0888/8297/0937/files/ic318qnus_gallery-images-02_8.jpg, https://cdn.shopify.com/s/files/1/0888/8297/0937/files/ic318qnus_gallery-images-03_7.jpg, https://cdn.shopify.com/s/files/1/0888/8297/0937/files/IC318QNUS_08.jpg"
simple,FA226ACUHD,HEAVY DUTY FIXED SPEED AC | A SERIES |  2.2 TON |  2 STAR | 2025 BEE LABEL,1,0,visible,,"<ul class=""details-page-custom-attr"">
<li>High Cooling Performance</li>
<li>Wide Coverage Area</li>
<li>Powerful Air Throw up to 55 Ft</li>
<li>49 Inch Large IDU</li>
<li>Turbo Cool</li>
<li>High Energy Efficiency Rotary Compressor</li>
</ul>
<!---->",1,100,78300.00,64590.00,Air Conditioners,"https://cdn.shopify.com/s/files/1/0888/8297/0937/files/fa226acuhd_gallery-images-01_2_2.png, https://cdn.shopify.com/s/files/1/0888/8297/0937/files/fa226acuhd_gallery-images-05_2_2.jpg, https://cdn.shopify.com/s/files/1/0888/8297/0937/files/HP_FS_ODU_Front_0.jpg, https://cdn.shopify.com/s/files/1/0888/8297/0937/files/HP_FS_ODU_Left_2_1.jpg, https://cdn.shopify.com/s/files/1/0888/8297/0937/files/HP_FS_ODU_Right_2_1.jpg, https://cdn.shopify.com/s/files/1/0888/8297/0937/files/FA226ACUHD.jpg"
simple,IC718QCUS,SUPER ENERGY EFFICIENT INVERTER AC | Q SERIES |  1.5 TON |  5 STAR | 2025 BEE LABEL,1,0,visible,,,1,100,73700.00,54990.00,Air Conditioners,"https://cdn.shopify.com/s/files/1/0888/8297/0937/files/GalleryImage01_IC718QCUS.png, https://cdn.shopify.com/s/files/1/0888/8297/0937/files/Gallery_Image_02_IC718QCUS.jpg, https://cdn.shopify.com/s/files/1/0888/8297/0937/files/Gallery_Image_03_IC718QCUS.jpg, https://cdn.shopify.com/s/files/1/0888/8297/0937/files/Gallery_Image_04_IC718QCUS.jpg, https://cdn.shopify.com/s/files/1/0888/8297/0937/files/Gallery_Image_05_IC718QCUS.jpg, https://cdn.shopify.com/s/files/1/0888/8297/0937/files/Gallery_Image_06_IC718QCUS.jpg, https://cdn.shopify.com/s/files/1/0888/8297/0937/files/Gallery_Image_07_IC718QCUS.jpg, https://cdn.shopify.com/s/files/1/0888/8297/0937/files/IC718QCUS.jpg"
simple,CA120PMH,MEGA | HIGH CAPACITY DESERT COOLER | 120 LITRES,1,0,visible,,,1,100,24490.00,16490.00,Air coolers,"https://cdn.shopify.com/s/files/1/0888/8297/0937/files/CA120PMHFrontView.png, https://cdn.shopify.com/s/files/1/0888/8297/0937/files/CA120PMH_Left_View.jpg, https://cdn.shopify.com/s/files/1/0888/8297/0937/files/CA120PMH_Right_View.jpg"
simple,CA140PMH,MEGA | HIGH CAPACITY DESERT COOLER | 140 LITRES,1,0,visible,,,1,100,26490.00,18990.00,Air coolers,"https://cdn.shopify.com/s/files/1/0888/8297/0937/files/CA140PMHFrontView.png, https://cdn.shopify.com/s/files/1/0888/8297/0937/files/CA140PMH_Left_View.jpg, https://cdn.shopify.com/s/files/1/0888/8297/0937/files/CA140PMH_Right_View.jpg"
simple,MR60-GG,MR60-GG | Mini Bar | 47 Litres | 2 Star | 2025 BEE LABEL,1,0,visible,,,1,100,11990.00,9490.00,Mini Bar,"https://cdn.shopify.com/s/files/1/0888/8297/0937/files/MR60-GG.png, https://cdn.shopify.com/s/files/1/0888/8297/0937/files/MR60-GG_Side1.png, https://cdn.shopify.com/s/files/1/0888/8297/0937/files/MR60-GG_Side2.png, https://cdn.shopify.com/s/files/1/0888/8297/0937/files/MR60-GG_IsoLeft_19b1da53-1535-45a9-a03e-8b4810fbe8a4.png, https://cdn.shopify.com/s/files/1/0888/8297/0937/files/MR60-GG_IsoRight_b76891bc-2db5-4dc4-9ea3-868767835bcd.png, https://cdn.shopify.com/s/files/1/0888/8297/0937/files/MR60-GG_Back.png, https://cdn.shopify.com/s/files/1/0888/8297/0937/files/MR60-GG_Open.png"
simple,CF3-400MEW,M Series| Hard Top | Deep Freezer |    401 Litres | 3 Star | 2025 BEE LABEL,1,0,visible,,,1,100,42600.00,30990.00,Deep Freezers,"https://cdn.shopify.com/s/files/1/0888/8297/0937/files/GalleryImages01_24fa1df8-caf1-40c9-b4ab-288491a52826.png, https://cdn.shopify.com/s/files/1/0888/8297/0937/files/GalleryImages02_8bdf6e84-8c2c-451d-9052-85e6e813d4ae.jpg, https://cdn.shopify.com/s/files/1/0888/8297/0937/files/GalleryImages03_5e376050-48dc-4fb7-a90d-876ae109515b.jpg"
simple,EC452-ALD,Capacitor,1,0,visible,,"<table border=""0"" cellpadding=""0"" cellspacing=""0"" width=""179"" style=""border-collapse: collapse; width: 134pt;"">
<colgroup>
<col width=""179"" style=""mso-width-source: userset; mso-width-alt: 6371; width: 134pt;""> </colgroup>
<tbody>
<tr height=""19"" style=""height: 14.4pt;"">
<td height=""19"" class=""xl65"" width=""179"" style=""height: 14.4pt; width: 134pt;"">Blue Star Capacitor For AC</td>
</tr>
</tbody>
</table>",1,100,,200.00,,"https://cdn.shopify.com/s/files/1/0888/8297/0937/files/Capacitor.1.jpg, https://cdn.shopify.com/s/files/1/0888/8297/0937/files/Capacitor.jpg"
simple,SC300F,SC Series  | Floor Standing  |  Visi Cooler | 285 Litres,1,0,visible,,,1,100,44800.00,33999.00,Visi Coolers,"https://cdn.shopify.com/s/files/1/0888/8297/0937/files/SC300F.png, https://cdn.shopify.com/s/files/1/0888/8297/0937/files/SC300_Left_2.jpg, https://cdn.shopify.com/s/files/1/0888/8297/0937/files/SC300_Right_2.jpg"
simple,SC375F,SC Series  | Floor Standing  |  Visi Cooler | 358 Litres,1,0,visible,,,1,100,51400.00,42499.00,Visi Coolers,"https://cdn.shopify.com/s/files/1/0888/8297/0937/files/SC375_74b1966b-be7e-4ce5-818c-672054881d44.png, https://cdn.shopify.com/s/files/1/0888/8297/0937/files/SC300_Left_1.jpg, https://cdn.shopify.com/s/files/1/0888/8297/0937/files/SC300_Right_1.jpg"
simple,SC500F,SC Series  | Floor Standing  |  Visi Cooler | 448 Litres,1,0,visible,,,1,100,75600.00,48999.00,Visi Coolers,"https://cdn.shopify.com/s/files/1/0888/8297/0937/files/SC500F.png, https://cdn.shopify.com/s/files/1/0888/8297/0937/files/SC600_Left.jpg, https://cdn.shopify.com/s/files/1/0888/8297/0937/files/SC600_Right.jpg"
simple,SC650F,SC Series  | Floor Standing  |  Visi Cooler | 595 Litres,1,0,visible,,,1,100,89500.00,59999.00,Visi Coolers,"https://cdn.shopify.com/s/files/1/0888/8297/0937/files/SC600F.png, https://cdn.shopify.com/s/files/1/0888/8297/0937/files/SC600_Left_0.jpg, https://cdn.shopify.com/s/files/1/0888/8297/0937/files/SC600_Right_0.jpg"
simple,VC65D,D Series | Table Top  |  Visi Cooler | 55 Litres,1,0,visible,,<p>Specially designed to cool uniformly and help you display the products inside. While the display increases product visibility;   the visibility increases sales and this variant is available in a capacity of 55 Litres.</p>,1,100,19600.00,13500.00,Visi Coolers,"https://cdn.shopify.com/s/files/1/0888/8297/0937/files/VC65D.png, https://cdn.shopify.com/s/files/1/0888/8297/0937/files/vc65d_visicooler-vc65d-gallery-2.jpg, https://cdn.shopify.com/s/files/1/0888/8297/0937/files/vc65d_visicooler-vc65d-gallery-3.jpg, https://cdn.shopify.com/s/files/1/0888/8297/0937/files/vc65d_visicooler-vc65d-gallery-4.jpg"
simple,BWD3TTGA,GA Series-White | Table Top  |  Bottled Water Dispenser,1,0,visible,,,1,100,11900.00,8499.00,Dispenser,https://cdn.shopify.com/s/files/1/0888/8297/0937/files/BWD-Product.png
simple,BWD3FMCGA,GA Series | Floor Standing  |  Bottled Water Dispenser,1,0,visible,,,1,100,12900.00,9190.00,Dispenser,"https://cdn.shopify.com/s/files/1/0888/8297/0937/files/BWD3FMCGA.png, https://cdn.shopify.com/s/files/1/0888/8297/0937/files/BWD3FMCGA-LEFT.png, https://cdn.shopify.com/s/files/1/0888/8297/0937/files/BWD3FMCGA-RIGHT.png"
simple,BWD3FMRGA,GA Series With Refrigerator-White| Floor Standing  |  Bottled Water Dispenser,1,0,visible,,,1,100,14600.00,10100.00,Dispenser,https://cdn.shopify.com/s/files/1/0888/8297/0937/files/BWD3FMRGA.png
simple,BWD3FMRGA-M,GA Series With Refrigerator-Maroon | Floor Standing  |  Bottled Water Dispenser,1,0,visible,,<p>This floor standing dispenser provides clean drinking water and also comes with a cooling cabinet at the bottom.</p>,1,100,15000.00,10290.00,Dispenser,"https://cdn.shopify.com/s/files/1/0888/8297/0937/files/bwd3fmrga-m_1_bwd3fmrga_maroon_straight_view.png, https://cdn.shopify.com/s/files/1/0888/8297/0937/files/bwd3fmrga-m_2_bwd3fmrga_maroon_left_side_view.jpg, https://cdn.shopify.com/s/files/1/0888/8297/0937/files/bwd3fmrga-m_3_bwd3fmrga_maroon_right_side_view.jpg"
simple,BWD3FMRGA-G,GA Series With Refrigerator-Grey | Floor Standing  |  Bottled Water Dispenser,1,0,visible,,<p>This floor standing dispenser provides clean drinking water and also comes with a cooling cabinet at the bottom.</p>,1,100,15000.00,10290.00,Dispenser,"https://cdn.shopify.com/s/files/1/0888/8297/0937/files/bwd3fmrga-g_1_bwd3fmrga_grey_straight_view.png, https://cdn.shopify.com/s/files/1/0888/8297/0937/files/bwd3fmrga-g_2_bwd3fmrga_grey_left_side_view.jpg, https://cdn.shopify.com/s/files/1/0888/8297/0937/files/bwd3fmrga-g_3_bwd3fmrga_grey_right_side_view.jpg"
simple,CF5-330NEYW,N Series | Hard Top | Deep Freezer | 310 Litres | 5 Star | 2025 BEE LABEL,1,0,visible,,,1,100,41900.00,26490.00,Deep Freezers,"https://cdn.shopify.com/s/files/1/0888/8297/0937/files/GalleryImages01_9b1bbfd9-9f4b-4bce-98aa-a5bb111309a7.png, https://cdn.shopify.com/s/files/1/0888/8297/0937/files/GalleryImages02_cde547c2-20aa-4721-9a71-367524764c8b.jpg, https://cdn.shopify.com/s/files/1/0888/8297/0937/files/GalleryImages03_c28c71c9-a32b-4e75-8a33-fba7860f7acf.jpg"
simple,GT5-410NP,NP Series | Glass Top | Deep Freezer | 365 Litres | 5 Star | 2025 BEE LABEL,1,0,visible,,,1,100,45300.00,38000.00,Deep Freezers,"https://cdn.shopify.com/s/files/1/0888/8297/0937/files/GalleryImage01_fa7f2a32-c60d-4b42-a710-a157719b39a7.png, https://cdn.shopify.com/s/files/1/0888/8297/0937/files/GalleryImage02_c28d00c9-1022-4536-bff8-1996ce798bfd.jpg, https://cdn.shopify.com/s/files/1/0888/8297/0937/files/GalleryImage03_0e4cfe00-eabb-4f55-8c5e-62af32d71e9c.jpg"
simple,GT5-590NP,NP Series | Glass Top | Deep Freezer | 530 Litres | 5 Star | 2025 BEE LABEL,1,0,visible,,,1,100,55600.00,46500.00,Deep Freezers,"https://cdn.shopify.com/s/files/1/0888/8297/0937/files/GalleryImage01_ea8c4ff9-1764-43ad-be5d-58084d43697d.png, https://cdn.shopify.com/s/files/1/0888/8297/0937/files/GalleryImage02_f2b5dccc-e513-43ee-ba03-ba6f6dab3afd.jpg, https://cdn.shopify.com/s/files/1/0888/8297/0937/files/GalleryImage03_b2bbf45e-7bd3-41be-bb77-91a85d2d39fc.jpg"
simple,CF2-90NEYW,N Series | Hard Top | Deep Freezer | 71 Litres  | 2 Star | 2025 BEE LABEL,1,0,visible,,,1,100,22700.00,15000.00,Deep Freezers,"https://cdn.shopify.com/s/files/1/0888/8297/0937/files/GalleryImages01_2ea89327-e91f-4030-aea5-4c24b9bb9471.png, https://cdn.shopify.com/s/files/1/0888/8297/0937/files/GalleryImages02_6bd52f7c-1fb9-43f9-a4d1-73f23f83c7b7.jpg, https://cdn.shopify.com/s/files/1/0888/8297/0937/files/GalleryImages03_ec28dfb5-833f-4e32-9973-45cf143f15ba.jpg, https://cdn.shopify.com/s/files/1/0888/8297/0937/files/GalleryImages04_14a99f5b-7ebf-4ba9-80d6-275abc7760f0.jpg"
simple,CF4-180NEYW,N Series | Hard Top | Deep Freezer |161 Litres  | 4 Star | 2025 BEE LABEL,1,0,visible,,,1,100,28700.00,18990.00,Deep Freezers,"https://cdn.shopify.com/s/files/1/0888/8297/0937/files/GalleryImages01_0bb79efb-240c-44c9-ad62-61656d24edba.png, https://cdn.shopify.com/s/files/1/0888/8297/0937/files/GalleryImages02_5bc01116-aca3-4d57-8336-0297aca9e072.jpg, https://cdn.shopify.com/s/files/1/0888/8297/0937/files/GalleryImages03_34320d27-5e30-4140-b71a-1f59ea2bfd21.jpg"
simple,CF4-230NEYW,N Series | Hard Top | Deep Freezer | 215 litres | 4 Star | 2025 BEE LABEL,1,0,visible,,,1,100,33200.00,20990.00,Deep Freezers,"https://cdn.shopify.com/s/files/1/0888/8297/0937/files/GalleryImages01_e46acafc-6710-474b-afee-787b7f0842a5.png, https://cdn.shopify.com/s/files/1/0888/8297/0937/files/GalleryImages02_39a8326a-2587-468f-9385-2779bc5a92f4.jpg, https://cdn.shopify.com/s/files/1/0888/8297/0937/files/GalleryImages03_282ec6e7-e814-4818-acef-923346a02829.jpg"
simple,CF5-396NEYW,N Series | Hard Top | Deep Freezer | 360 Litres | 5 Star | 2025 BEE LABEL,1,0,visible,,,1,100,45300.00,29299.00,Deep Freezers,"https://cdn.shopify.com/s/files/1/0888/8297/0937/files/GalleryImages01.jpg, https://cdn.shopify.com/s/files/1/0888/8297/0937/files/GalleryImages02_52a3dd3a-fd89-4b60-ba12-b1afb7b9a582.jpg"
simple,CF3-300MEW,M Series | Hard Top | Deep Freezer | 301 Litres | 3 Star | 2025 BEE LABEL,1,0,visible,,,1,100,38200.00,25490.00,Deep Freezers,"https://cdn.shopify.com/s/files/1/0888/8297/0937/files/GalleryImages01_77b74b4e-4459-4600-a26c-d799b45330f9.png, https://cdn.shopify.com/s/files/1/0888/8297/0937/files/GalleryImages02_adf9a664-d647-47b7-a0db-6aad0f6ed74a.jpg, https://cdn.shopify.com/s/files/1/0888/8297/0937/files/GalleryImages03_3c7388b1-bc38-4a53-b3c5-b911169c1d69.jpg"
simple,CF3-130NEYW,N Series | Hard Top | Deep Freezer | 108 Litres  | 3 Star | 2025 BEE LABEL,1,0,visible,,,1,100,25800.00,16990.00,Deep Freezers,"https://cdn.shopify.com/s/files/1/0888/8297/0937/files/GalleryImages01_cb2bb17c-10ef-4806-a502-f56890339069.png, https://cdn.shopify.com/s/files/1/0888/8297/0937/files/GalleryImages02_8d34ad84-8eb5-4347-8600-445df1e3976b.jpg, https://cdn.shopify.com/s/files/1/0888/8297/0937/files/GalleryImages03_fd5f230f-de79-47b2-96c8-18c94cf6b93e.jpg, https://cdn.shopify.com/s/files/1/0888/8297/0937/files/GalleryImages04_d510f3fc-e371-42d4-bf43-57fef6417a73.jpg"
simple,CF5-460NEYW,N Series| Hard Top | Deep Freezer |410 Litres | 5 Star | 2025 BEE LABEL,1,0,visible,,,1,100,49500.00,32990.00,Deep Freezers,"https://cdn.shopify.com/s/files/1/0888/8297/0937/files/GalleryImages01_2faa245c-605d-4d6c-b512-2758743ea242.png, https://cdn.shopify.com/s/files/1/0888/8297/0937/files/GalleryImages02_428fdbe9-85a0-481b-a50e-9b8146c7c1a5.jpg, https://cdn.shopify.com/s/files/1/0888/8297/0937/files/GalleryImages03_0be743e0-7c77-40b5-82bc-503681c8e038.jpg"
simple,CF5-575NEYW,N Series | Hard Top | Deep Freezer | 515 litres | 5 Star | 2025 BEE LABEL,1,0,visible,,,1,100,53600.00,35499.00,Deep Freezers,"https://cdn.shopify.com/s/files/1/0888/8297/0937/files/GalleryImages01_c798f744-ed07-47de-8074-4b3b6213d49d.png, https://cdn.shopify.com/s/files/1/0888/8297/0937/files/GalleryImages02_583c57a7-3417-4c06-acc3-81714d7d88dc.jpg, https://cdn.shopify.com/s/files/1/0888/8297/0937/files/GalleryImages03_a9309a22-d378-4d05-96a4-8baf952a237e.jpg"
simple,CF3-500MEW,M Series| Hard Top | Deep Freezer |    484 Litres | 3 Star | 2025 BEE LABEL,1,0,visible,,,1,100,45800.00,32990.00,Deep Freezers,"https://cdn.shopify.com/s/files/1/0888/8297/0937/files/GalleryImages01_f44f4243-b8ff-4c2b-9d2e-2bbe48bede6e.png, https://cdn.shopify.com/s/files/1/0888/8297/0937/files/GalleryImages02_9e704353-77b2-42da-98d2-c983864ee297.jpg, https://cdn.shopify.com/s/files/1/0888/8297/0937/files/GalleryImages03_7d4e1900-9ae9-4d49-a057-02949aee9215.jpg"
simple,GT5-230NP,NP Series | Glass Top | Deep Freezer | 215 Litres | 5 Star | 2025 BEE LABEL,1,0,visible,,,1,100,39200.00,34000.00,Deep Freezers,"https://cdn.shopify.com/s/files/1/0888/8297/0937/files/Gallery_Image_01_1fa59f45-e37b-4a1b-a8bf-e99d5c3eab39.png, https://cdn.shopify.com/s/files/1/0888/8297/0937/files/Gallery_Image_02_18dd00ff-8cc7-414c-bc26-37196476e70e.jpg, https://cdn.shopify.com/s/files/1/0888/8297/0937/files/Gallery_Image_03_f51f6f34-69c8-4717-92a0-011b55213f81.jpg"
simple,GT5-350NP,NP Series | Glass Top | Deep Freezer | 315 Litres | 5 Star | 2025 BEE LABEL,1,0,visible,,,1,100,41700.00,36000.00,Deep Freezers,"https://cdn.shopify.com/s/files/1/0888/8297/0937/files/GalleryImage01_fbd8dd4a-4385-402a-9773-071762fc7252.png, https://cdn.shopify.com/s/files/1/0888/8297/0937/files/GalleryImage02_ea3404bd-b3f3-45ce-94b8-c92d9051188e.jpg, https://cdn.shopify.com/s/files/1/0888/8297/0937/files/GalleryImage03_fa7f7cef-45ca-4d97-bd17-51137813c72c.jpg"
simple,GT5-475NP,NP Series | Glass Top | Deep Freezer | 421 Litres | 5 Star | 2025 BEE LABEL,1,0,visible,,,1,100,49500.00,42000.00,Deep Freezers,"https://cdn.shopify.com/s/files/1/0888/8297/0937/files/GalleryImage01_df3f0d97-4883-48d6-b47f-efae63fd02c9.png, https://cdn.shopify.com/s/files/1/0888/8297/0937/files/GalleryImage02_6bd2dd7f-8f59-4d95-8c43-970966522040.jpg, https://cdn.shopify.com/s/files/1/0888/8297/0937/files/GalleryImage03_5a7ed73c-b3d9-40bf-9e90-1eb869b9240e.jpg"
simple,IB312QKU,INVERTER AC | Q SERIES |  1 TON |  3 STAR | 2025 BEE LABEL,1,0,visible,,,1,100,47000.00,33490.00,Air Conditioners,"https://cdn.shopify.com/s/files/1/0888/8297/0937/files/ib312qku_gallery-images-01_13_4.png, https://cdn.shopify.com/s/files/1/0888/8297/0937/files/ib312qku_gallery-images-02_15_3.jpg, https://cdn.shopify.com/s/files/1/0888/8297/0937/files/ib312qku_gallery-images-03_13_3.jpg, https://cdn.shopify.com/s/files/1/0888/8297/0937/files/ib312qku_gallery-images-04_12_3.jpg, https://cdn.shopify.com/s/files/1/0888/8297/0937/files/ib312qku_gallery-images-05_12_3.jpg, https://cdn.shopify.com/s/files/1/0888/8297/0937/files/ib312qku_gallery-images-06_12_3.jpg, https://cdn.shopify.com/s/files/1/0888/8297/0937/files/ib312qku_gallery-images-07_12_3.jpg, https://cdn.shopify.com/s/files/1/0888/8297/0937/files/ib312qku_gallery-images-08_9_3.jpg, https://cdn.shopify.com/s/files/1/0888/8297/0937/files/ib312qku_gallery-images-09_8_2.jpg"
simple,IB318SNU,INVERTER AC | S SERIES |  1.5 TON |  3 STAR | 2025 BEE LABEL,1,0,visible,,,1,100,58500.00,36490.00,Air Conditioners,"https://cdn.shopify.com/s/files/1/0888/8297/0937/files/ib318snu_gallery-images-01_12.png, https://cdn.shopify.com/s/files/1/0888/8297/0937/files/ib318snu_gallery-images-02_14.jpg, https://cdn.shopify.com/s/files/1/0888/8297/0937/files/ib318snu_gallery-images-03_12.jpg, https://cdn.shopify.com/s/files/1/0888/8297/0937/files/ib318snu_gallery-images-04_11.jpg, https://cdn.shopify.com/s/files/1/0888/8297/0937/files/ib318snu_gallery-images-05_11_1.jpg, https://cdn.shopify.com/s/files/1/0888/8297/0937/files/ib318snu_gallery-images-06_11.jpg, https://cdn.shopify.com/s/files/1/0888/8297/0937/files/ib318snu_gallery-images-07_11.jpg, https://cdn.shopify.com/s/files/1/0888/8297/0937/files/ib318snu_gallery-images-08_8.jpg, https://cdn.shopify.com/s/files/1/0888/8297/0937/files/ib318snu_gallery-images-09_7_12.jpg"
simple,IB312SNU,INVERTER AC | S SERIES |  1 TON |  3 STAR | 2025 BEE LABEL,1,0,visible,,,1,100,47700.00,33490.00,Air Conditioners,"https://cdn.shopify.com/s/files/1/0888/8297/0937/files/ib312snu_gallery-images-01_10_12.png, https://cdn.shopify.com/s/files/1/0888/8297/0937/files/ib312snu_gallery-images-02_12_12.jpg, https://cdn.shopify.com/s/files/1/0888/8297/0937/files/ib312snu_gallery-images-03_10_12.jpg, https://cdn.shopify.com/s/files/1/0888/8297/0937/files/ib312snu_gallery-images-04_9_4.jpg, https://cdn.shopify.com/s/files/1/0888/8297/0937/files/ib312snu_gallery-images-05_9_4.jpg, https://cdn.shopify.com/s/files/1/0888/8297/0937/files/ib312snu_gallery-images-06_9_4.jpg, https://cdn.shopify.com/s/files/1/0888/8297/0937/files/ib312snu_gallery-images-07_9_4.jpg, https://cdn.shopify.com/s/files/1/0888/8297/0937/files/ib312snu_gallery-images-08_6_22.jpg, https://cdn.shopify.com/s/files/1/0888/8297/0937/files/ib312snu_gallery-images-09_7_2.jpg"
simple,IC518ONUR,INVERTER AC | O SERIES |  1.5 TON |  5 STAR | 2025 BEE LABEL,1,0,visible,,,1,100,68600.00,42990.00,Air Conditioners,"https://cdn.shopify.com/s/files/1/0888/8297/0937/files/ic518onur_gallery-image-01_15.png, https://cdn.shopify.com/s/files/1/0888/8297/0937/files/ic518onur_gallery-image-02_14.jpg, https://cdn.shopify.com/s/files/1/0888/8297/0937/files/ic518onur_gallery-image-03_14.jpg, https://cdn.shopify.com/s/files/1/0888/8297/0937/files/ic518onur_gallery-image-04_6.jpg, https://cdn.shopify.com/s/files/1/0888/8297/0937/files/ic518onur_gallery-image-05_6.jpg, https://cdn.shopify.com/s/files/1/0888/8297/0937/files/ic518onur_gallery-image-06_6.jpg, https://cdn.shopify.com/s/files/1/0888/8297/0937/files/ic518onur_6a-ic512onur_1.png, https://cdn.shopify.com/s/files/1/0888/8297/0937/files/ic518onur_gallery-image-07_6.jpg, https://cdn.shopify.com/s/files/1/0888/8297/0937/files/ic518onur_gallery-image-08_4.jpg"
simple,WFD324E,FIXED SPEED WINDOW AC | E SERIES |  2 TON |  3 STAR | 2025 BEE LABEL,1,0,visible,,,1,100,46000.00,34990.00,Air Conditioners,"https://cdn.shopify.com/s/files/1/0888/8297/0937/files/Updated-Window_E-Series.png, https://cdn.shopify.com/s/files/1/0888/8297/0937/files/WACFS_Remote_4.jpg, https://cdn.shopify.com/s/files/1/0888/8297/0937/files/ENERGYLABEL_WFD324E.jpg"
simple,IC512VNUR,INVERTER AC | V SERIES |  1 TON |  5 STAR | 2025 BEE LABEL,1,0,visible,,,1,100,58300.00,36990.00,Air Conditioners,"https://cdn.shopify.com/s/files/1/0888/8297/0937/files/IC512VNUR.png, https://cdn.shopify.com/s/files/1/0888/8297/0937/files/2.VNU_Right_4.jpg, https://cdn.shopify.com/s/files/1/0888/8297/0937/files/3.VNU_Left_4.jpg, https://cdn.shopify.com/s/files/1/0888/8297/0937/files/4.IA718DCUODU_Front_3.jpg, https://cdn.shopify.com/s/files/1/0888/8297/0937/files/5in1Remote_B_1.png, https://cdn.shopify.com/s/files/1/0888/8297/0937/files/SLLB-K998-00_ENERGYLABEL_IC512VNUR.jpg"
simple,IC518NNUR,INVERTER AC | N SERIES |  1.5 TON |  5 STAR | 2025 BEE LABEL,1,0,visible,,,1,100,68600.00,42990.00,Air Conditioners,"https://cdn.shopify.com/s/files/1/0888/8297/0937/files/ic512nnurs_gallery-images-01_3_7_bacead14-48bd-440f-806c-929f2153e692.png, https://cdn.shopify.com/s/files/1/0888/8297/0937/files/NNUR-5-Star-Series-Angle-1.png, https://cdn.shopify.com/s/files/1/0888/8297/0937/files/NNUR-5-Star-Series-Angle-2.png, https://cdn.shopify.com/s/files/1/0888/8297/0937/files/4.SriCity-ODU-Angle-01.png, https://cdn.shopify.com/s/files/1/0888/8297/0937/files/5.SriCity-ODU-Angle-02.png, https://cdn.shopify.com/s/files/1/0888/8297/0937/files/6.SriCity-ODU-Back-Panel.png, https://cdn.shopify.com/s/files/1/0888/8297/0937/files/7.SriCity-ODU-Front-Panel.png, https://cdn.shopify.com/s/files/1/0888/8297/0937/files/5in1Remote_B_bcee9823-5662-4bf6-b418-597498f2cb4d.png, https://cdn.shopify.com/s/files/1/0888/8297/0937/files/SLLB-SRT170-00_ENERGYLABEL_IC518NNUR.jpg"
simple,IC512NNUR,INVERTER AC | N SERIES |  1 TON |  5 STAR | 2025 BEE LABEL,1,0,visible,,,1,100,58000.00,36990.00,Air Conditioners,"https://cdn.shopify.com/s/files/1/0888/8297/0937/files/IC512NNUR.webp, https://cdn.shopify.com/s/files/1/0888/8297/0937/files/NNUR-5-Star-Series-Angle-1_f1650b8f-a07f-4fb3-9cd4-5adde31aa22f.png, https://cdn.shopify.com/s/files/1/0888/8297/0937/files/NNUR-5-Star-Series-Angle-2_acb9493d-881c-49e1-ba6b-cdf5fc963c70.png, https://cdn.shopify.com/s/files/1/0888/8297/0937/files/4.SriCity-ODU-Angle-01_8cc43978-aa49-4bf3-a503-4a733266e43e.png, https://cdn.shopify.com/s/files/1/0888/8297/0937/files/5.SriCity-ODU-Angle-02_0908e193-b607-49fd-8693-6384cd8cf247.png, https://cdn.shopify.com/s/files/1/0888/8297/0937/files/6.SriCity-ODU-Back-Panel_ab806ae0-6cae-45f6-b503-a891a4f16323.png, https://cdn.shopify.com/s/files/1/0888/8297/0937/files/7.SriCity-ODU-Front-Panel_4420a1f8-ba16-4246-884a-00f40ec49489.png, https://cdn.shopify.com/s/files/1/0888/8297/0937/files/5in1Remote_B_4c7c0da0-112c-4f39-81cc-eb1e2b45e5f2.png, https://cdn.shopify.com/s/files/1/0888/8297/0937/files/SLLB-SRT179-00_ENERGYLABEL_IC512NNUR.jpg"
simple,ID312MNU,INVERTER AC | M SERIES |  1 TON |  3 STAR | 2025 BEE LABEL,1,0,visible,,,1,100,47700.00,33490.00,Air Conditioners,"https://cdn.shopify.com/s/files/1/0888/8297/0937/files/ID312MNU.png, https://cdn.shopify.com/s/files/1/0888/8297/0937/files/M-Series-Angle-01_3.png, https://cdn.shopify.com/s/files/1/0888/8297/0937/files/M-Series-Angle-02_3.png, https://cdn.shopify.com/s/files/1/0888/8297/0937/files/ODU_Front_0.jpg, https://cdn.shopify.com/s/files/1/0888/8297/0937/files/ODU_Left_1.jpg, https://cdn.shopify.com/s/files/1/0888/8297/0937/files/ODU_Right_62ae44b2-8661-45f7-93e3-86a00f7a20b3.jpg, https://cdn.shopify.com/s/files/1/0888/8297/0937/files/Remote-01A_7.png, https://cdn.shopify.com/s/files/1/0888/8297/0937/files/SLLB-K991-00_ENERGYLABEL_ID312MNU.jpg"
simple,ID312VNU,INVERTER AC | V SERIES |  1 TON |  3 STAR | 2025 BEE LABEL,1,0,visible,,,1,100,47700.00,33490.00,Air Conditioners,"https://cdn.shopify.com/s/files/1/0888/8297/0937/files/id312vnu_gallery-images-01_7_4.png, https://cdn.shopify.com/s/files/1/0888/8297/0937/files/id312vnu_gallery-images-02_8_3.jpg, https://cdn.shopify.com/s/files/1/0888/8297/0937/files/id312vnu_gallery-images-03_7_3.jpg, https://cdn.shopify.com/s/files/1/0888/8297/0937/files/id312vnu_gallery-images-04_6_10.jpg, https://cdn.shopify.com/s/files/1/0888/8297/0937/files/id312vnu_gallery-images-05_6_10.jpg, https://cdn.shopify.com/s/files/1/0888/8297/0937/files/id312vnu_gallery-images-06_6_10.jpg, https://cdn.shopify.com/s/files/1/0888/8297/0937/files/id312vnu_gallery-images-07_6_10.jpg, https://cdn.shopify.com/s/files/1/0888/8297/0937/files/id312vnu_gallery-images-08_6_10.jpg"
simple,IC512DNUR,INVERTER AC | D SERIES |  1 TON |  5 STAR | 2025 BEE LABEL,1,0,visible,,,1,100,58000.00,36990.00,Air Conditioners,"https://cdn.shopify.com/s/files/1/0888/8297/0937/files/ic512dnur_gallery-images-01_3_16.png, https://cdn.shopify.com/s/files/1/0888/8297/0937/files/ic512dnur_gallery-images-02_3_16.jpg, https://cdn.shopify.com/s/files/1/0888/8297/0937/files/ic512dnur_gallery-images-03_3_16.jpg, https://cdn.shopify.com/s/files/1/0888/8297/0937/files/ic512dnur_gallery-images-04_3_15.jpg, https://cdn.shopify.com/s/files/1/0888/8297/0937/files/ic512dnur_gallery-images-05_3_15.jpg, https://cdn.shopify.com/s/files/1/0888/8297/0937/files/ic512dnur_gallery-images-06_3_15.jpg, https://cdn.shopify.com/s/files/1/0888/8297/0937/files/ic512dnur_gallery-images-07_3_15.jpg, https://cdn.shopify.com/s/files/1/0888/8297/0937/files/ic512dnur_gallery-images-08_2_15.jpg"
simple,IC8018DCUHDAVS,SPECIAL EDITION  D SERIES | INVERTER AC | 1.5 TON |  5 STAR | 2025 BEE LABEL,1,0,visible,,"<p><span style=""font-weight: 400;  "">The 80 years Special Edition AC is power packed as it is Super Energy Efficient;   Heavy Duty;   also has Anti-Virus Technology and is a Smart Wi-Fi AC with Voice Command Technology. </span></p>",1,100,73700.00,52990.00,Air Conditioners,"https://cdn.shopify.com/s/files/1/0888/8297/0937/files/Gallery_Images_01_1ac5913b-f55b-45ee-a674-06a4e416e4d9.png, https://cdn.shopify.com/s/files/1/0888/8297/0937/files/Left.jpg, https://cdn.shopify.com/s/files/1/0888/8297/0937/files/Right.jpg, https://cdn.shopify.com/s/files/1/0888/8297/0937/files/ic8018dcuhdavs_gallery-images-04_3_13.jpg, https://cdn.shopify.com/s/files/1/0888/8297/0937/files/ic8018dcuhdavs_gallery-images-05_3_13.jpg, https://cdn.shopify.com/s/files/1/0888/8297/0937/files/ic8018dcuhdavs_gallery-images-06_3_13.jpg, https://cdn.shopify.com/s/files/1/0888/8297/0937/files/ic8018dcuhdavs_gallery-images-07_3_13.jpg, https://cdn.shopify.com/s/files/1/0888/8297/0937/files/ic8018dcuhdavs_gallery-images-08_9_4.jpg"
simple,IC712QCUS,SUPER ENERGY EFFICIENT INVERTER AC | Q SERIES |  1 TON |  5 STAR | 2025 BEE LABEL,1,0,visible,,,1,100,62600.00,38490.00,Air Conditioners,"https://cdn.shopify.com/s/files/1/0888/8297/0937/files/ic712qcus_gallery-images-01_14_2.png, https://cdn.shopify.com/s/files/1/0888/8297/0937/files/ic712qcus_gallery-images-02_16_2.jpg, https://cdn.shopify.com/s/files/1/0888/8297/0937/files/ic712qcus_gallery-images-03_14_2.jpg, https://cdn.shopify.com/s/files/1/0888/8297/0937/files/ic712qcus_gallery-images-04_13_2.jpg, https://cdn.shopify.com/s/files/1/0888/8297/0937/files/7._Remote-02.png, https://cdn.shopify.com/s/files/1/0888/8297/0937/files/IC712QCUS.jpg"
simple,IC518NNURS,INVERTER AC | N SMART WI-FI SERIES |  1.5 TON |  5 STAR | 2025 BEE LABEL,1,0,visible,,,1,100,69600.00,43690.00,Air Conditioners,"https://cdn.shopify.com/s/files/1/0888/8297/0937/files/ic512nnurs_gallery-images-01_3_7_bacead14-48bd-440f-806c-929f2153e692.png, https://cdn.shopify.com/s/files/1/0888/8297/0937/files/NNUR-5-Star-Series-Angle-2_e095a162-2d21-4118-ab81-5faf50139f8c.png, https://cdn.shopify.com/s/files/1/0888/8297/0937/files/NNUR-5-Star-Series-Angle-1_3c7c78f3-72cb-4a95-9074-95e268e0bfce.png, https://cdn.shopify.com/s/files/1/0888/8297/0937/files/4.SriCity-ODU-Angle-01_94350ce6-51fb-4301-8905-423bbac5c749.png, https://cdn.shopify.com/s/files/1/0888/8297/0937/files/5.SriCity-ODU-Angle-02_11ab1a83-094b-4037-b2f5-32852dc8fe8d.png, https://cdn.shopify.com/s/files/1/0888/8297/0937/files/6.SriCity-ODU-Back-Panel_116811e6-806a-41c3-902f-50f32ab1b1a6.png, https://cdn.shopify.com/s/files/1/0888/8297/0937/files/7.SriCity-ODU-Front-Panel_8ee88914-3d09-4b1e-9dbf-20f2d2a0e1f1.png, https://cdn.shopify.com/s/files/1/0888/8297/0937/files/5in1Remote_B_dd6fb986-63cd-44ec-bade-374a2d781b8f.png, https://cdn.shopify.com/s/files/1/0888/8297/0937/files/SLLB-SRT171-00_ENERGYLABEL_IC518NNURS.jpg"
simple,IC518QNURS,INVERTER AC | Q SMART WI-FI SERIES |  1.5 TON |  5 STAR | 2025 BEE LABEL,1,0,visible,,,1,100,69600.00,43690.00,Air Conditioners,"https://cdn.shopify.com/s/files/1/0888/8297/0937/files/ic518qnurs_gallery-images-01_3_6.png, https://cdn.shopify.com/s/files/1/0888/8297/0937/files/ic518qnurs_gallery-images-02_3_6.jpg, https://cdn.shopify.com/s/files/1/0888/8297/0937/files/ic518qnurs_gallery-images-03_3_6.jpg, https://cdn.shopify.com/s/files/1/0888/8297/0937/files/ic518qnurs_gallery-images-04_3_6.jpg, https://cdn.shopify.com/s/files/1/0888/8297/0937/files/ic518qnurs_gallery-images-05_3_6.jpg, https://cdn.shopify.com/s/files/1/0888/8297/0937/files/ic518qnurs_gallery-images-06_3_6.jpg, https://cdn.shopify.com/s/files/1/0888/8297/0937/files/ic518qnurs_gallery-images-07_3_6.jpg, https://cdn.shopify.com/s/files/1/0888/8297/0937/files/ic518qnurs_gallery-images-08_2_6.jpg, https://cdn.shopify.com/s/files/1/0888/8297/0937/files/ic518qnurs_gallery-images-09_2_3.jpg"
simple,IC512QNURAV,ANTI-VIRUS INVERTER AC | Q SERIES |  1 TON |  5 STAR | 2025 BEE LABEL,1,0,visible,,,1,100,61300.00,37490.00,Air Conditioners,"https://cdn.shopify.com/s/files/1/0888/8297/0937/files/ic512qnurav_gallery-images-01_6_3.png, https://cdn.shopify.com/s/files/1/0888/8297/0937/files/ic512qnurav_gallery-images-02_6_3.jpg, https://cdn.shopify.com/s/files/1/0888/8297/0937/files/ic512qnurav_gallery-images-03_6_3.jpg, https://cdn.shopify.com/s/files/1/0888/8297/0937/files/ic512qnurav_gallery-images-04_6_3.jpg, https://cdn.shopify.com/s/files/1/0888/8297/0937/files/ic512qnurav_gallery-images-05_6_3.jpg, https://cdn.shopify.com/s/files/1/0888/8297/0937/files/ic512qnurav_gallery-images-06_6_3.jpg, https://cdn.shopify.com/s/files/1/0888/8297/0937/files/ic512qnurav_gallery-images-07_6_3.jpg, https://cdn.shopify.com/s/files/1/0888/8297/0937/files/ic512qnurav_gallery-images-08_6_3.jpg, https://cdn.shopify.com/s/files/1/0888/8297/0937/files/ic512qnurav_gallery-images-09_7_3.jpg"
simple,IC518VNURAV,ANTI-VIRUS  INVERTER AC | V SERIES |  1.5 TON |  5 STAR | 2025 BEE LABEL,1,0,visible,,,1,100,71400.00,43690.00,Air Conditioners,"https://cdn.shopify.com/s/files/1/0888/8297/0937/files/ic518vnurav_gallery-images-01_2_4.png, https://cdn.shopify.com/s/files/1/0888/8297/0937/files/ic518vnurav_gallery-images-02_2_4.jpg, https://cdn.shopify.com/s/files/1/0888/8297/0937/files/ic518vnurav_gallery-images-03_2_4.jpg, https://cdn.shopify.com/s/files/1/0888/8297/0937/files/ic518vnurav_gallery-images-04_2_4.jpg, https://cdn.shopify.com/s/files/1/0888/8297/0937/files/ic518vnurav_gallery-images-05_2_4.jpg, https://cdn.shopify.com/s/files/1/0888/8297/0937/files/ic518vnurav_gallery-images-06_2_4.jpg, https://cdn.shopify.com/s/files/1/0888/8297/0937/files/ic518vnurav_gallery-images-07_2_3.jpg, https://cdn.shopify.com/s/files/1/0888/8297/0937/files/ic518vnurav_gallery-images-08_8_2.jpg"
simple,IC718DCUHD,HEAVY DUTY INVERTER AC | D SERIES |  1.5 TON |  5 STAR | 2025 BEE LABEL,1,0,visible,,,1,100,72800.00,52990.00,Air Conditioners,"https://cdn.shopify.com/s/files/1/0888/8297/0937/files/Front_99f592ba-6d0b-4915-ac81-e9002abfdc70.png, https://cdn.shopify.com/s/files/1/0888/8297/0937/files/Left_bbb78f67-2bfd-4ef1-ba15-cf25e9e18d1d.jpg, https://cdn.shopify.com/s/files/1/0888/8297/0937/files/Right_c2e98d6d-0352-4c60-a24d-84da7609bd07.jpg, https://cdn.shopify.com/s/files/1/0888/8297/0937/files/ic718dcuhd_gallery-images-06_2_1.jpg, https://cdn.shopify.com/s/files/1/0888/8297/0937/files/ic718dcuhd_gallery-images-04_2_1.jpg, https://cdn.shopify.com/s/files/1/0888/8297/0937/files/ic718dcuhd_gallery-images-05_2_1.jpg, https://cdn.shopify.com/s/files/1/0888/8297/0937/files/ic718dcuhd_gallery-images-07_2_1.jpg, https://cdn.shopify.com/s/files/1/0888/8297/0937/files/IC718DCUHD_62432114-15a4-46ad-9dea-cf9c24aae0f9.jpg"
simple,DA55MMA,ULTIMA | DESERT COOLER | 55 LITRES,1,0,visible,,,1,100,12990.00,9990.00,Air coolers,"https://cdn.shopify.com/s/files/1/0888/8297/0937/files/da55mma_gallery-image-01.png, https://cdn.shopify.com/s/files/1/0888/8297/0937/files/da55mma_gallery-image-02.jpg, https://cdn.shopify.com/s/files/1/0888/8297/0937/files/da55mma_gallery-image-03_8.jpg"
simple,DA35MMA,ULTIMA | DESERT COOLER | 35 LITRES,1,0,visible,,,1,100,9990.00,8790.00,Air coolers,"https://cdn.shopify.com/s/files/1/0888/8297/0937/files/da35mma_gallery-image-01_1.png, https://cdn.shopify.com/s/files/1/0888/8297/0937/files/da35mma_gallery-image-02_1.jpg, https://cdn.shopify.com/s/files/1/0888/8297/0937/files/da35mma_gallery-image-03_1.jpg"
simple,DA20MMA,ULTIMA | DESERT COOLER | 20 LITRES,1,0,visible,,,1,100,8990.00,6890.00,Air coolers,"https://cdn.shopify.com/s/files/1/0888/8297/0937/files/da20mma_gallery-image-01_2.png, https://cdn.shopify.com/s/files/1/0888/8297/0937/files/da20mma_gallery-image-02_2.jpg, https://cdn.shopify.com/s/files/1/0888/8297/0937/files/da20mma_gallery-image-03_2.jpg"
simple,PA35MMA,ASTRA |  PERSONAL COOLER | 35 LITRES,1,0,visible,,,1,100,8490.00,6890.00,Air coolers,"https://cdn.shopify.com/s/files/1/0888/8297/0937/files/pa35mma_gallery-image-01_3.png, https://cdn.shopify.com/s/files/1/0888/8297/0937/files/pa35mma_gallery-image-02_3.jpg, https://cdn.shopify.com/s/files/1/0888/8297/0937/files/pa35mma_gallery-image-03_3.jpg"
simple,PA20MMA,ASTRA |  PERSONAL COOLER | 20 LITRES,1,0,visible,,,1,100,7790.00,5990.00,Air coolers,"https://cdn.shopify.com/s/files/1/0888/8297/0937/files/pa20mma_gallery-image-01_4.png, https://cdn.shopify.com/s/files/1/0888/8297/0937/files/pa20mma_gallery-image-02_4.jpg, https://cdn.shopify.com/s/files/1/0888/8297/0937/files/pa20mma_gallery-image-03_4.jpg"
simple,DB90PMA,MAXIMA | DESERT COOLER | 90 LITRES,1,0,visible,,,1,100,16790.00,12890.00,Air coolers,"https://cdn.shopify.com/s/files/1/0888/8297/0937/files/db90pma_gallery-image-01_5.png, https://cdn.shopify.com/s/files/1/0888/8297/0937/files/db90pma_gallery-image-02_5.jpg, https://cdn.shopify.com/s/files/1/0888/8297/0937/files/db90pma_gallery-image-03_5.jpg"
simple,DB75PMA,MAXIMA | DESERT COOLER | 75 LITRES,1,0,visible,,,1,100,15790.00,12190.00,Air coolers,"https://cdn.shopify.com/s/files/1/0888/8297/0937/files/db75pma_gallery-image-01_6.png, https://cdn.shopify.com/s/files/1/0888/8297/0937/files/db75pma_gallery-image-02_6.jpg, https://cdn.shopify.com/s/files/1/0888/8297/0937/files/db75pma_gallery-image-03_6.jpg"
simple,DA90PEC,AURA DUO | DESERT COOLER | 90 LITRES,1,0,visible,,,1,100,19990.00,14990.00,Air coolers,"https://cdn.shopify.com/s/files/1/0888/8297/0937/files/da90pec_aura_duo_da90pec.png, https://cdn.shopify.com/s/files/1/0888/8297/0937/files/da90pec_gallery-image-01_7.png, https://cdn.shopify.com/s/files/1/0888/8297/0937/files/da90pec_gallery-image-02_7.jpg, https://cdn.shopify.com/s/files/1/0888/8297/0937/files/da90pec_gallery-image-03_7.jpg"
simple,DA60PMH,AURA NEO | DESERT COOLER | 60 LITRES,1,0,visible,,,1,100,15490.00,11490.00,Air coolers,"https://cdn.shopify.com/s/files/1/0888/8297/0937/files/da60pmh_1_da60pmh_front_view.png, https://cdn.shopify.com/s/files/1/0888/8297/0937/files/da60pmh_2_da60pmh_left_view.jpg, https://cdn.shopify.com/s/files/1/0888/8297/0937/files/da60pmh_3_da60pmh_right_view.jpg"
simple,DA45PMH,AURA NEO | DESERT COOLER | 45 LITRES,1,0,visible,,,1,100,10990.00,8990.00,Air coolers,"https://cdn.shopify.com/s/files/1/0888/8297/0937/files/da45pmh_1_da45pmh_front_view.png, https://cdn.shopify.com/s/files/1/0888/8297/0937/files/da45pmh_2_da45pmh_left_view.jpg, https://cdn.shopify.com/s/files/1/0888/8297/0937/files/da45pmh_3_da45pmh_right_view.jpg"
simple,TA35PMC,PREMIA | TOWER COOLER | 35 LITRES,1,0,visible,,,1,100,10990.00,8990.00,Air coolers,"https://cdn.shopify.com/s/files/1/0888/8297/0937/files/ta35pmc_1_ta35pmc_front_view.png, https://cdn.shopify.com/s/files/1/0888/8297/0937/files/ta35pmc_2_ta35pmc_left_view.jpg, https://cdn.shopify.com/s/files/1/0888/8297/0937/files/ta35pmc_3_ta35pmc_right_view.jpg"
simple,TA27PMC,PREMIA | TOWER COOLER | 27 LITRES,1,0,visible,,,1,100,10490.00,7990.00,Air coolers,"https://cdn.shopify.com/s/files/1/0888/8297/0937/files/ta27pmc_1_ta27pmc_front_view.png, https://cdn.shopify.com/s/files/1/0888/8297/0937/files/ta27pmc_2_ta27pmc_left_view.jpg, https://cdn.shopify.com/s/files/1/0888/8297/0937/files/ta27pmc_3_ta27pmc_right_view.jpg"
simple,IC318ONU,INVERTER AC | O SERIES |  1.5 TON |  3 STAR | 2025 BEE LABEL,1,0,visible,,<p>This superior 3 star inverter AC incorporates tremendous features like anti-microbial filters;   turbo cool;   100% copper;   nano bluprotect technology;   5-in-1 convertible;   comfort sleep along with many more features.</p>,1,100,58700.00,36490.00,Air Conditioners,"https://cdn.shopify.com/s/files/1/0888/8297/0937/files/ic318onu_gallery-image-01_12.png, https://cdn.shopify.com/s/files/1/0888/8297/0937/files/ic318onu_gallery-image-02_11.jpg, https://cdn.shopify.com/s/files/1/0888/8297/0937/files/ic318onu_gallery-image-03_11.jpg, https://cdn.shopify.com/s/files/1/0888/8297/0937/files/ic318onu_gallery-image-04_3.jpg, https://cdn.shopify.com/s/files/1/0888/8297/0937/files/ic318onu_gallery-image-05_3.jpg, https://cdn.shopify.com/s/files/1/0888/8297/0937/files/ic318onu_gallery-image-06_3.jpg, https://cdn.shopify.com/s/files/1/0888/8297/0937/files/ic318onu_gallery-image-07_3.jpg, https://cdn.shopify.com/s/files/1/0888/8297/0937/files/ic318onu_ic318onu-gallery-images-08.jpg"
simple,ID318VKU,INVERTER AC | V SERIES |  1.5 TON |  3 STAR | 2025 BEE LABEL,1,0,visible,,<p>This brilliant 3 star inverter AC incorporates powerful features like anti-microbial filters which deactivates microbes;   nano bluprotect technology;   5-in-1 convertible;  turbo cool along with many more features.</p>,1,100,56600.00,36490.00,Air Conditioners,"https://cdn.shopify.com/s/files/1/0888/8297/0937/files/id318vku_id318vku-gallery-images-01.png, https://cdn.shopify.com/s/files/1/0888/8297/0937/files/id318vku_id318vku-gallery-images-02.jpg, https://cdn.shopify.com/s/files/1/0888/8297/0937/files/id318vku_id318vku-gallery-images-03.jpg, https://cdn.shopify.com/s/files/1/0888/8297/0937/files/id318vku_id318vku-gallery-images-04.jpg, https://cdn.shopify.com/s/files/1/0888/8297/0937/files/id318vku_id318vku-gallery-images-05.jpg, https://cdn.shopify.com/s/files/1/0888/8297/0937/files/id318vku_id318vku-gallery-images-06.jpg, https://cdn.shopify.com/s/files/1/0888/8297/0937/files/id318vku_id318vku-gallery-images-07.jpg, https://cdn.shopify.com/s/files/1/0888/8297/0937/files/id318vku_id318vku-gallery-images-08.jpg"
simple,IC324DCUHD,HEAVY DUTY INVERTER AC | D SERIES |  2 TON |  3 STAR | 2025 BEE LABEL,1,0,visible,,,1,100,71900.00,54990.00,Air Conditioners,"https://cdn.shopify.com/s/files/1/0888/8297/0937/files/Front.png, https://cdn.shopify.com/s/files/1/0888/8297/0937/files/Left_6ef196c3-5949-4452-b58d-4236bb5220d1.jpg, https://cdn.shopify.com/s/files/1/0888/8297/0937/files/Right_b455c3cc-0c8c-4376-8e7f-8f994fc43094.jpg, https://cdn.shopify.com/s/files/1/0888/8297/0937/files/ic324dcuhd_gallery-images-04_6.jpg, https://cdn.shopify.com/s/files/1/0888/8297/0937/files/ic324dcuhd_gallery-images-05_6.jpg, https://cdn.shopify.com/s/files/1/0888/8297/0937/files/ic324dcuhd_gallery-images-06_6.jpg, https://cdn.shopify.com/s/files/1/0888/8297/0937/files/ic324dcuhd_gallery-images-07_6.jpg, https://cdn.shopify.com/s/files/1/0888/8297/0937/files/IC324DCUHD.jpg"
simple,IC319VCUHD,HEAVY DUTY INVERTER AC | V SERIES |  1.7 TON |  3 STAR | 2025 BEE LABEL,1,0,visible,,<p>This outstanding 3 star heavy duty AC offers unparalleled cooling due to powerful features like 6-in-1 convertible;   precision cooling technology;   4-way swing;   100% copper and anti-corrosive blue fins for protection.</p>,1,100,63600.00,43990.00,Air Conditioners,"https://cdn.shopify.com/s/files/1/0888/8297/0937/files/ic319vcuhd_gallery-images-01_3.png, https://cdn.shopify.com/s/files/1/0888/8297/0937/files/ic319vcuhd_gallery-images-02_5.jpg, https://cdn.shopify.com/s/files/1/0888/8297/0937/files/ic319vcuhd_gallery-images-03_5.jpg, https://cdn.shopify.com/s/files/1/0888/8297/0937/files/ic319vcuhd_gallery-images-04_5.jpg, https://cdn.shopify.com/s/files/1/0888/8297/0937/files/ic319vcuhd_gallery-images-05_5.jpg, https://cdn.shopify.com/s/files/1/0888/8297/0937/files/ic319vcuhd_gallery-images-06_5.jpg, https://cdn.shopify.com/s/files/1/0888/8297/0937/files/IC319VCUHD.jpg"
simple,IC318DNU,INVERTER AC | D SERIES |  1.5 TON |  3 STAR | 2025 BEE LABEL,1,0,visible,,<p>This powerful 3 star inverter AC includes impressive features such as anti-microbial filters;   stabiliser-free operation;   turbo cool mode;   energy saver and anti-corrosive blue fins for protection.</p>,1,100,58300.00,36490.00,Air Conditioners,"https://cdn.shopify.com/s/files/1/0888/8297/0937/files/ic318dnu_ic318dnu-gallery-images-01.png, https://cdn.shopify.com/s/files/1/0888/8297/0937/files/ic318dnu_ic318dnu-gallery-images-02.jpg, https://cdn.shopify.com/s/files/1/0888/8297/0937/files/ic318dnu_ic318dnu-gallery-images-03.jpg, https://cdn.shopify.com/s/files/1/0888/8297/0937/files/ic318dnu_ic318dnu-gallery-images-04.jpg, https://cdn.shopify.com/s/files/1/0888/8297/0937/files/ic318dnu_ic318dnu-gallery-images-05.jpg, https://cdn.shopify.com/s/files/1/0888/8297/0937/files/ic318dnu_ic318dnu-gallery-images-06.jpg, https://cdn.shopify.com/s/files/1/0888/8297/0937/files/ic318dnu_ic318dnu-gallery-images-07.jpg, https://cdn.shopify.com/s/files/1/0888/8297/0937/files/ic318dnu_ic318dnu-gallery-images-08.jpg"
simple,IA318QKU,INVERTER AC | Q SERIES |  1.5 TON |  3 STAR | 2025 BEE LABEL,1,0,visible,,<p>An outstanding combination of powerful and top class features;   this 3 star inverter AC includes PM2.5 filter with activated carbon;   turbo cool;   smart ready;   comfort sleep and 5-in-1 convertible.</p>,1,100,56900.00,36490.00,Air Conditioners,"https://cdn.shopify.com/s/files/1/0888/8297/0937/files/ia318qku_ia318qku-gallery-images-01.png, https://cdn.shopify.com/s/files/1/0888/8297/0937/files/ia318qku_ia318qku-gallery-images-02.jpg, https://cdn.shopify.com/s/files/1/0888/8297/0937/files/ia318qku_ia318qku-gallery-images-03.jpg, https://cdn.shopify.com/s/files/1/0888/8297/0937/files/ia318qku_ia318qku-gallery-images-04.jpg, https://cdn.shopify.com/s/files/1/0888/8297/0937/files/ia318qku_ia318qku-gallery-images-05.jpg, https://cdn.shopify.com/s/files/1/0888/8297/0937/files/ia318qku_ia318qku-gallery-images-06.jpg, https://cdn.shopify.com/s/files/1/0888/8297/0937/files/ia318qku_ia318qku-gallery-images-07.jpg"
simple,IA318TKU,INVERTER AC | T SERIES |  1.5 TON |  3 STAR | 2025 BEE LABEL,1,0,visible,,<p>This marvellous 3 star inverter AC brings you the power of turbo cool;   5-in-1 convertible cooling;   smart ready;   quiet performance and anti corrosive blue fins for protection.</p>,1,100,56600.00,36490.00,Air Conditioners,"https://cdn.shopify.com/s/files/1/0888/8297/0937/files/ia318tku_ia318tku-gallery-images-01.png, https://cdn.shopify.com/s/files/1/0888/8297/0937/files/ia318tku_ia318tku-gallery-images-02.jpg, https://cdn.shopify.com/s/files/1/0888/8297/0937/files/ia318tku_ia318tku-gallery-images-03.jpg, https://cdn.shopify.com/s/files/1/0888/8297/0937/files/ia318tku_ia318tku-gallery-images-04.jpg, https://cdn.shopify.com/s/files/1/0888/8297/0937/files/ia318tku_ia318tku-gallery-images-05.jpg, https://cdn.shopify.com/s/files/1/0888/8297/0937/files/ia318tku_ia318tku-gallery-images-06.jpg, https://cdn.shopify.com/s/files/1/0888/8297/0937/files/ia318tku_ia318tku-gallery-images-07.jpg, https://cdn.shopify.com/s/files/1/0888/8297/0937/files/ia318tku_ia318tku-gallery-images-08.jpg, https://cdn.shopify.com/s/files/1/0888/8297/0937/files/ia318tku_ia318tku-gallery-images-09.jpg"
simple,OA70PMW,FABIA | WINDOW COOLER | 70 LITRES,1,0,visible,,<p>Experience powerful cooling with this 70 litres Window Cooler as it comes with an 18 inch fan which provides an air flow of 5000 m3/h;   which is the highest in this class.</p>,1,100,14990.00,10990.00,Air coolers,"https://cdn.shopify.com/s/files/1/0888/8297/0937/files/oa70pmw_fabia_oa70pmw_gallery_images_01.png, https://cdn.shopify.com/s/files/1/0888/8297/0937/files/oa70pmw_fabia_oa70pmw_gallery_images_02.jpg, https://cdn.shopify.com/s/files/1/0888/8297/0937/files/oa70pmw_fabia_oa70pmw_gallery_images_03.jpg"
simple,DA90PMH,AURA NEO | DESERT COOLER | 90 LITRES,1,0,visible,,<p>A winning combination of high efficiency anti-microbial honeycomb pad and thermal overload protection along with a large 90 litres tank capacity;   will ensure that you remain cool during peak summers.</p>,1,100,17990.00,14490.00,Air coolers,"https://cdn.shopify.com/s/files/1/0888/8297/0937/files/da90pmh_aura_neo_da90pmh_gallery_images_01.png, https://cdn.shopify.com/s/files/1/0888/8297/0937/files/da90pmh_aura_neo_da_90pmh_gallery_images_02.jpg, https://cdn.shopify.com/s/files/1/0888/8297/0937/files/da90pmh_aura_neo_da_90pmh_gallery_images_03.jpg"
simple,DA75PMH,AURA NEO | DESERT COOLER | 75 LITRES,1,0,visible,,<p>A 75 litres Desert Cooler that offers a combination of powerful cooling and convenience due to features like the highly efficient honeycomb pad;   auto fill and thermal overload protection.</p>,1,100,16990.00,13990.00,Air coolers,"https://cdn.shopify.com/s/files/1/0888/8297/0937/files/da75pmh_aura_neo_da_75pmh_gallery_images_01.png, https://cdn.shopify.com/s/files/1/0888/8297/0937/files/da75pmh_aura_neo_da_75pmh_gallery_images_02.jpg, https://cdn.shopify.com/s/files/1/0888/8297/0937/files/da75pmh_aura_neo_da_75pmh_gallery_images_03.jpg"
simple,DA60PEC,AURA DUO | DESERT COOLER | 60 LITRES,1,0,visible,,<p>Enhance your cooling experience with this 60 litres electronic Desert Cooler which comes with the best in class features like touch interface;   dual cool technology and remote control operation.</p>,1,100,16490.00,12490.00,Air coolers,"https://cdn.shopify.com/s/files/1/0888/8297/0937/files/da60pec_aura_duo_da60pec.png, https://cdn.shopify.com/s/files/1/0888/8297/0937/files/da60pec_aura_duo_da60pec_gallery_images_02.jpg, https://cdn.shopify.com/s/files/1/0888/8297/0937/files/da60pec_gallery-image-01_8.png, https://cdn.shopify.com/s/files/1/0888/8297/0937/files/da60pec_aura_duo_da60pec_gallery_images_03.jpg"
simple,OA54PMW,FABIA | WINDOW COOLER | 54 LITRES,1,0,visible,,<p>A Window Cooler that provides best in class cooling experience due to features like wide angle air flow;   humidity control and thermal overload protection.</p>,1,100,9990.00,8990.00,Air coolers,"https://cdn.shopify.com/s/files/1/0888/8297/0937/files/oa54pmw_galley_image_01.png, https://cdn.shopify.com/s/files/1/0888/8297/0937/files/oa54pmw_galley_image_02.jpg, https://cdn.shopify.com/s/files/1/0888/8297/0937/files/oa54pmw_galley_image_03.jpg"
simple,PA10PMA,ASTRA |  PERSONAL COOLER | 10 LITRES,1,0,visible,,"<p><span data-sheets-value=""{"" sleek litre personal cooler is specially designed with an efficient honeycomb pad to deliver maximum cooling. data-sheets-userformat=""{"">This sleek 10 Litre Personal Cooler is specially designed with an efficient honeycomb pad to deliver maximum cooling. </span></p>",1,100,6490.00,5299.00,Air coolers,"https://cdn.shopify.com/s/files/1/0888/8297/0937/files/pa10pma_1_air_coolers_-_pa10pma-astra_straight_view.png, https://cdn.shopify.com/s/files/1/0888/8297/0937/files/pa10pma_2_air_coolers_-_pa10pma-astra_left_side_view.jpg, https://cdn.shopify.com/s/files/1/0888/8297/0937/files/pa10pma_3_air_coolers_-_pa10pma-astra_right_side_view.jpg, https://cdn.shopify.com/s/files/1/0888/8297/0937/files/pa10pma_4_air_coolers_-_pa10pma-astra_top_view.jpg"
simple,DA90PMC,AURA DUO | DESERT COOLER | 90 LITRES,1,0,visible,,"<p><span data-sheets-value=""{"" remarkable combination of dual cool technology and thermal overload protection makes this litre desert cooler the ideal choice for your home or office. data-sheets-userformat=""{"">A remarkable combination of dual cool technology and thermal overload protection makes this 90 Litre Desert Cooler the ideal choice for your home or office. </span></p>",1,100,17990.00,14990.00,Air coolers,"https://cdn.shopify.com/s/files/1/0888/8297/0937/files/da90pmc_1_air_coolers_-_da90pmc-aura_straight_view.png, https://cdn.shopify.com/s/files/1/0888/8297/0937/files/da90pmc_2_air_coolers_-_da90pmc-aura_left_side_view.jpg, https://cdn.shopify.com/s/files/1/0888/8297/0937/files/da90pmc_3_air_coolers_-_da90pmc-aura_right_side_view.jpg, https://cdn.shopify.com/s/files/1/0888/8297/0937/files/da90pmc_4_air_coolers_-_da90pmc-aura_left_side_top_view.jpg, https://cdn.shopify.com/s/files/1/0888/8297/0937/files/da90pmc_5_air_coolers_-_da90pmc-aura_top_view.jpg"
simple,DA80PMC,AURA DUO | DESERT COOLER | 80 LITRES,1,0,visible,,"<p><span data-sheets-value=""{"" robust litre desert cooler helps in beating the heat with powerful features like dual cool technology and thermal overload protection. data-sheets-userformat=""{"">This robust 80 Litre Desert Cooler helps in beating the heat with powerful features like dual cool technology and thermal overload protection. </span></p>",1,100,16990.00,14490.00,Air coolers,"https://cdn.shopify.com/s/files/1/0888/8297/0937/files/da80pmc_1_air_coolers_-_da80pmc-aura_straight_view.png, https://cdn.shopify.com/s/files/1/0888/8297/0937/files/da80pmc_2_air_coolers_-_da80pmc-aura_left_side_view.jpg, https://cdn.shopify.com/s/files/1/0888/8297/0937/files/da80pmc_3_air_coolers_-_da80pmc-aura_right_side_view.jpg, https://cdn.shopify.com/s/files/1/0888/8297/0937/files/da80pmc_4_air_coolers_-_da80pmc-aura_left_side_top_view.jpg, https://cdn.shopify.com/s/files/1/0888/8297/0937/files/da80pmc_5_air_coolers_-_da80pmc-aura_top_view.jpg"
simple,DA60PMC,AURA DUO | DESERT COOLER | 60 LITRES,1,0,visible,,"<p><span data-sheets-value=""{"" litre desert cooler that will cool your space efficiently with the thermal overload protection and dual technology. data-sheets-userformat=""{"">A 60 Litre Desert Cooler that will cool your space efficiently with the thermal overload protection and dual cool technology. </span></p>",1,100,14990.00,11990.00,Air coolers,"https://cdn.shopify.com/s/files/1/0888/8297/0937/files/da60pmc_1_air_coolers_-_da60pmc-aura_straight_view.png, https://cdn.shopify.com/s/files/1/0888/8297/0937/files/da60pmc_2_air_coolers_-_da60pmc-aura_left_side_view.jpg, https://cdn.shopify.com/s/files/1/0888/8297/0937/files/da60pmc_3_air_coolers_-_da60pmc-aura_right_side_view.jpg, https://cdn.shopify.com/s/files/1/0888/8297/0937/files/da60pmc_4_air_coolers_-_da60pmc-aura_left_side_top_view.jpg, https://cdn.shopify.com/s/files/1/0888/8297/0937/files/da60pmc_5_air_coolers_-_da60pmc-aura_top_view.jpg"
simple,B2B-1000,Oops! Something went wrong.,1,0,visible,,"We're sorry, but an unexpected error occurred. Please try again later.",1,100,,,Waterpurifiers,
simple,B2B-1001,AIR PURIFIERS,1,0,visible,,We use cookies,1,100,,,Products,"https://www.bluestarindia.com/media/205515/products-banner.jpg, https://www.bluestarindia.com/media/241084/facebook.png, https://www.bluestarindia.com/media/241081/x.png, https://www.bluestarindia.com/media/241082/linkedin.png, https://www.bluestarindia.com/media/241083/instagram.png, https://www.bluestarindia.com/media/241080/youtube.png"
simple,B2B-1002,AIR COOLERS,1,0,visible,,Cooling Simplified.,1,100,,,Products,"https://www.bluestarindia.com/media/254376/air-coolers-banner.jpg, https://www.bluestarindia.com/media/254377/air-coolers-banner-small.jpg, https://www.bluestarindia.com/img/download.png, https://www.bluestarindia.com/media/254548/air-2.jpg, https://www.bluestarindia.com/media/254531/da60eea_touch-front_s.jpg, https://www.bluestarindia.com/media/254532/da55pma_ar55dah-front_s.jpg, https://www.bluestarindia.com/media/254533/oa60lma-front_s.jpg, https://www.bluestarindia.com/media/241084/facebook.png, https://www.bluestarindia.com/media/241081/x.png, https://www.bluestarindia.com/media/241082/linkedin.png, https://www.bluestarindia.com/media/241083/instagram.png, https://www.bluestarindia.com/media/241080/youtube.png"
simple,B2B-1003,WATER COOLERS,1,0,visible,,,1,100,,,Products,"https://www.bluestarindia.com/media/404633/water-coolers-banner.jpg, https://www.bluestarindia.com/media/404634/water-coolers-banner-small.jpg, https://www.bluestarindia.com/media/404635/storage-water-cooler-26x220.png, https://www.bluestarindia.com/media/404622/bwd-26-3-21.jpeg, https://www.bluestarindia.com/media/241084/facebook.png, https://www.bluestarindia.com/media/241081/x.png, https://www.bluestarindia.com/media/241082/linkedin.png, https://www.bluestarindia.com/media/241083/instagram.png, https://www.bluestarindia.com/media/241080/youtube.png"
simple,B2B-1004,CENTRAL AIR CONDITIONING,1,0,visible,,,1,100,,,Products,"https://www.bluestarindia.com/media/56030/products-banner.jpg, https://www.bluestarindia.com/media/71005/vrf-iv-plus-100-inverter.jpg, https://www.bluestarindia.com/media/6087/acs-thumb-1.jpg, https://www.bluestarindia.com/media/203225/air-cooled-screw-chillers-1.png, https://www.bluestarindia.com/media/71015/central-unit.jpg, https://www.bluestarindia.com/media/241084/facebook.png, https://www.bluestarindia.com/media/241081/x.png, https://www.bluestarindia.com/media/241082/linkedin.png, https://www.bluestarindia.com/media/241083/instagram.png, https://www.bluestarindia.com/media/241080/youtube.png"
simple,B2B-1005,COMMERCIAL REFRIGERATION,1,0,visible,,,1,100,,,Products,"https://www.bluestarindia.com/media/55976/coldstorage-commercial-banner.jpg, https://www.bluestarindia.com/media/324826/hard-top-freezer-3.jpg, https://www.bluestarindia.com/media/324827/cooler.jpg, https://www.bluestarindia.com/media/210167/blue-star-qr-cn-3100-hd-pictures-copy.jpg, https://www.bluestarindia.com/media/324829/medical-freezer.jpeg, https://www.bluestarindia.com/media/324771/vaccine-storage-tile.jpg, https://www.bluestarindia.com/media/324830/ice-26-3-21.jpeg, https://www.bluestarindia.com/media/342759/multi-deck-plug-in.jpg, https://www.bluestarindia.com/media/241084/facebook.png, https://www.bluestarindia.com/media/241081/x.png, https://www.bluestarindia.com/media/241082/linkedin.png, https://www.bluestarindia.com/media/241083/instagram.png, https://www.bluestarindia.com/media/241080/youtube.png"
simple,B2B-1006,COLD STORAGES,1,0,visible,,Registered Office:,1,100,,,Products,"https://www.bluestarindia.com/media/55992/coldstorage-commercial-banner.jpg, https://www.bluestarindia.com/media/56426/modular-coldroom.jpg, https://www.bluestarindia.com/media/56427/banana-ripening-11-6-14.jpg, https://www.bluestarindia.com/media/56428/hermetic.jpg, https://www.bluestarindia.com/media/71010/puf-panels-thumb.jpg, https://www.bluestarindia.com/media/241084/facebook.png, https://www.bluestarindia.com/media/241081/x.png, https://www.bluestarindia.com/media/241082/linkedin.png, https://www.bluestarindia.com/media/241083/instagram.png, https://www.bluestarindia.com/media/241080/youtube.png"
simple,B2B-1007,SPECIALITY PRODUCTS,1,0,visible,,We use cookies,1,100,,,Products,"https://www.bluestarindia.com/media/56196/products-banner.jpg, https://www.bluestarindia.com/media/78785/mortuary-cabinet-02.jpg, https://www.bluestarindia.com/media/241084/facebook.png, https://www.bluestarindia.com/media/241081/x.png, https://www.bluestarindia.com/media/241082/linkedin.png, https://www.bluestarindia.com/media/241083/instagram.png, https://www.bluestarindia.com/media/241080/youtube.png"
simple,B2B-1008,BUSINESS OVERVIEW,1,0,visible,,We use cookies,1,100,,,Mep And More,"https://www.bluestarindia.com/media/56068/projects-banner.jpg, https://www.bluestarindia.com/media/241084/facebook.png, https://www.bluestarindia.com/media/241081/x.png, https://www.bluestarindia.com/media/241082/linkedin.png, https://www.bluestarindia.com/media/241083/instagram.png, https://www.bluestarindia.com/media/241080/youtube.png"
simple,B2B-1009,OVERVIEW,1,0,visible,,,1,100,,,Buildings,"https://www.bluestarindia.com/media/70944/buildings-banner.jpg, https://www.bluestarindia.com/media/70945/buildings-banner-small.jpg, https://www.bluestarindia.com/media/241084/facebook.png, https://www.bluestarindia.com/media/241081/x.png, https://www.bluestarindia.com/media/241082/linkedin.png, https://www.bluestarindia.com/media/241083/instagram.png, https://www.bluestarindia.com/media/241080/youtube.png"
simple,B2B-1010,OVERVIEW,1,0,visible,,,1,100,,,Industrial,"https://www.bluestarindia.com/media/70955/industry-banner.jpg, https://www.bluestarindia.com/media/70956/industry-banner-small.jpg, https://www.bluestarindia.com/media/241084/facebook.png, https://www.bluestarindia.com/media/241081/x.png, https://www.bluestarindia.com/media/241082/linkedin.png, https://www.bluestarindia.com/media/241083/instagram.png, https://www.bluestarindia.com/media/241080/youtube.png"
simple,B2B-1011,INFRASTRUCTURE OVERVIEW,1,0,visible,,,1,100,,,Infrastructure,"https://www.bluestarindia.com/media/56226/projects-banner.jpg, https://www.bluestarindia.com/media/241084/facebook.png, https://www.bluestarindia.com/media/241081/x.png, https://www.bluestarindia.com/media/241082/linkedin.png, https://www.bluestarindia.com/media/241083/instagram.png, https://www.bluestarindia.com/media/241080/youtube.png"
simple,B2B-1012,VRF SYSTEMS,1,0,visible,,"A VRF (Variable Refrigerant Flow) air conditioning system is an advanced central air conditioning solution in which one outdoor unit connects to multiple indoor units through refrigerant piping. The system intelligently controls refrigerant flow based on cooling demand, ensuring precise temperature control across different zones.",1,100,,,Central Air Conditioning,"https://www.bluestarindia.com/media/56031/products-banner.jpg, https://www.bluestarindia.com/media/404832/vrf-v-plus-2.jpg, https://www.bluestarindia.com/media/335160/ivrfb-08-10-12-sc-sh-2.jpg, https://www.bluestarindia.com/media/394604/6_creative_vrf-one-liner-1.png, https://www.bluestarindia.com/media/241084/facebook.png, https://www.bluestarindia.com/media/241081/x.png, https://www.bluestarindia.com/media/241082/linkedin.png, https://www.bluestarindia.com/media/241083/instagram.png, https://www.bluestarindia.com/media/241080/youtube.png"
simple,B2B-1013,ROOM AIR CONDITIONERS,1,0,visible,,The most technologically advanced and energy efficient air conditioning solutions for small spaces.,1,100,,,Www.Bluestarindia.Com,"https://www.bluestarindia.com/media/343550/7_8_water-cooler-office-v2_1920-x-648-4.png, https://www.bluestarindia.com/media/343551/7_8_water-cooler-office-v2_640-x-612-1.png, https://www.bluestarindia.com/media/404608/bluestar_summer_capaign_1920x648.jpg, https://www.bluestarindia.com/media/404609/bluestar_summer_capaign_640x612.jpg, https://www.bluestarindia.com/media/404610/1920-x-648.jpg, https://www.bluestarindia.com/media/404611/640-x-612-revised.jpg, https://www.bluestarindia.com/media/294798/close.png, https://www.bluestarindia.com/img/Home-Products/Room-AC.jpg, https://www.bluestarindia.com/img/Home-Products/Water-Purifier.jpg, https://www.bluestarindia.com/img/Home-Products/Air-Purifier.jpg, https://www.bluestarindia.com/img/Home-Products/Air-Cooler.jpg, https://www.bluestarindia.com/media/70938/empg-tile.jpg, https://www.bluestarindia.com/img/product-thumb-2.jpg, https://www.bluestarindia.com/img/product-thumb-4.jpg, https://www.bluestarindia.com/media/51023/water-coolers.png, https://www.bluestarindia.com/img/project-thumb-4.jpg, https://www.bluestarindia.com/img/project-thumb-5.jpg, https://www.bluestarindia.com/img/project-thumb-6.jpg, https://www.bluestarindia.com/img/project-thumb-7.jpg, https://www.bluestarindia.com/img/project-thumb-8.jpg, https://www.bluestarindia.com/img/project-thumb-9.jpg, https://www.bluestarindia.com/img/project-thumb-10.jpg, https://www.bluestarindia.com/img/project-thumb-11.jpg, https://www.bluestarindia.com/media/241084/facebook.png, https://www.bluestarindia.com/media/241081/x.png, https://www.bluestarindia.com/media/241082/linkedin.png, https://www.bluestarindia.com/media/241083/instagram.png, https://www.bluestarindia.com/media/241080/youtube.png"
simple,B2B-1014,ROOM AIR CONDITIONERS,1,0,visible,,The most technologically advanced and energy efficient air conditioning solutions for small spaces.,1,100,,,Www.Bluestarindia.Com,"https://www.bluestarindia.com/media/343550/7_8_water-cooler-office-v2_1920-x-648-4.png, https://www.bluestarindia.com/media/343551/7_8_water-cooler-office-v2_640-x-612-1.png, https://www.bluestarindia.com/media/404608/bluestar_summer_capaign_1920x648.jpg, https://www.bluestarindia.com/media/404609/bluestar_summer_capaign_640x612.jpg, https://www.bluestarindia.com/media/404610/1920-x-648.jpg, https://www.bluestarindia.com/media/404611/640-x-612-revised.jpg, https://www.bluestarindia.com/media/294798/close.png, https://www.bluestarindia.com/img/Home-Products/Room-AC.jpg, https://www.bluestarindia.com/img/Home-Products/Water-Purifier.jpg, https://www.bluestarindia.com/img/Home-Products/Air-Purifier.jpg, https://www.bluestarindia.com/img/Home-Products/Air-Cooler.jpg, https://www.bluestarindia.com/media/70938/empg-tile.jpg, https://www.bluestarindia.com/img/product-thumb-2.jpg, https://www.bluestarindia.com/img/product-thumb-4.jpg, https://www.bluestarindia.com/media/51023/water-coolers.png, https://www.bluestarindia.com/img/project-thumb-4.jpg, https://www.bluestarindia.com/img/project-thumb-5.jpg, https://www.bluestarindia.com/img/project-thumb-6.jpg, https://www.bluestarindia.com/img/project-thumb-7.jpg, https://www.bluestarindia.com/img/project-thumb-8.jpg, https://www.bluestarindia.com/img/project-thumb-9.jpg, https://www.bluestarindia.com/img/project-thumb-10.jpg, https://www.bluestarindia.com/img/project-thumb-11.jpg, https://www.bluestarindia.com/media/241084/facebook.png, https://www.bluestarindia.com/media/241081/x.png, https://www.bluestarindia.com/media/241082/linkedin.png, https://www.bluestarindia.com/media/241083/instagram.png, https://www.bluestarindia.com/media/241080/youtube.png"
simple,B2B-1015,ROOM AIR CONDITIONERS,1,0,visible,,The most technologically advanced and energy efficient air conditioning solutions for small spaces.,1,100,,,Www.Bluestarindia.Com,"https://www.bluestarindia.com/media/343550/7_8_water-cooler-office-v2_1920-x-648-4.png, https://www.bluestarindia.com/media/343551/7_8_water-cooler-office-v2_640-x-612-1.png, https://www.bluestarindia.com/media/404608/bluestar_summer_capaign_1920x648.jpg, https://www.bluestarindia.com/media/404609/bluestar_summer_capaign_640x612.jpg, https://www.bluestarindia.com/media/404610/1920-x-648.jpg, https://www.bluestarindia.com/media/404611/640-x-612-revised.jpg, https://www.bluestarindia.com/media/294798/close.png, https://www.bluestarindia.com/img/Home-Products/Room-AC.jpg, https://www.bluestarindia.com/img/Home-Products/Water-Purifier.jpg, https://www.bluestarindia.com/img/Home-Products/Air-Purifier.jpg, https://www.bluestarindia.com/img/Home-Products/Air-Cooler.jpg, https://www.bluestarindia.com/media/70938/empg-tile.jpg, https://www.bluestarindia.com/img/product-thumb-2.jpg, https://www.bluestarindia.com/img/product-thumb-4.jpg, https://www.bluestarindia.com/media/51023/water-coolers.png, https://www.bluestarindia.com/img/project-thumb-4.jpg, https://www.bluestarindia.com/img/project-thumb-5.jpg, https://www.bluestarindia.com/img/project-thumb-6.jpg, https://www.bluestarindia.com/img/project-thumb-7.jpg, https://www.bluestarindia.com/img/project-thumb-8.jpg, https://www.bluestarindia.com/img/project-thumb-9.jpg, https://www.bluestarindia.com/img/project-thumb-10.jpg, https://www.bluestarindia.com/img/project-thumb-11.jpg, https://www.bluestarindia.com/media/241084/facebook.png, https://www.bluestarindia.com/media/241081/x.png, https://www.bluestarindia.com/media/241082/linkedin.png, https://www.bluestarindia.com/media/241083/instagram.png, https://www.bluestarindia.com/media/241080/youtube.png"
simple,B2B-1016,Oops! Something went wrong.,1,0,visible,,"We're sorry, but an unexpected error occurred. Please try again later.",1,100,,,Waterpurifiers,
simple,B2B-1017,Oops! Something went wrong.,1,0,visible,,"We're sorry, but an unexpected error occurred. Please try again later.",1,100,,,Waterpurifiers,
simple,B2B-1018,WATER PURIFIERS,1,0,visible,,,1,100,,,Products,"https://www.bluestarindia.com/img/about-usBG.jpg, https://www.bluestarindia.com/media/241084/facebook.png, https://www.bluestarindia.com/media/241081/x.png, https://www.bluestarindia.com/media/241082/linkedin.png, https://www.bluestarindia.com/media/241083/instagram.png, https://www.bluestarindia.com/media/241080/youtube.png"
simple,B2B-1019,Oops! Something went wrong.,1,0,visible,,"We're sorry, but an unexpected error occurred. Please try again later.",1,100,,,Waterpurifiers,
simple,B2B-1020,Oops! Something went wrong.,1,0,visible,,"We're sorry, but an unexpected error occurred. Please try again later.",1,100,,,Waterpurifiers,
simple,B2B-1021,"Air
Purifiers",1,0,visible,,This site uses cookies. By clicking Accept or continuing to browse the site you are agreeing to our use of cookies. Learn more in our Privacy Policy.,1,100,,,Collections,"https://consumer.bluestarindia.com/cdn/shop/files/AC_1_432x432_923407fa-f2a0-4c07-a662-6e1e39c399cd.jpg, https://consumer.bluestarindia.com/cdn/shop/files/AC_2_432x432_52bd1a8f-d78f-4451-8518-5ccac25ef9f8.jpg, https://consumer.bluestarindia.com/cdn/shop/files/PA35MMA_432x432_5f5a6b52-1405-4b9f-9bea-a85360253b96.jpg, https://consumer.bluestarindia.com/cdn/shop/files/CA120PMH_432x432_3e07d0fb-580a-4460-9d5b-980f7da40b18.jpg, https://consumer.bluestarindia.com/cdn/shop/files/Refrigeration_Banners_900x437-231024_5bf719d4-7c1d-40a9-8d25-30c7f820f8ef.png, https://consumer.bluestarindia.com/cdn/shop/files/Untitled_design_-_2024-08-05T124909.801_1.png, https://consumer.bluestarindia.com/cdn/shop/files/Air-Purifier-LP-1800x473_1.jpg, https://consumer.bluestarindia.com/cdn/shop/files/bs-ap490lan_bs-ap490lan-1.png, https://consumer.bluestarindia.com/cdn/shop/files/bs-ap490lan_bs-ap490lan-ls.png, https://consumer.bluestarindia.com/cdn/shop/files/bs-ap490lan_bs-ap490lan-t1.png, https://consumer.bluestarindia.com/cdn/shop/files/bs-ap490lan_bs-ap490lan-rs.png, https://consumer.bluestarindia.com/cdn/shop/files/AP300DAI.png, https://consumer.bluestarindia.com/cdn/shop/files/bs-ap300dai_bs-ap300dai-ls.png, https://consumer.bluestarindia.com/cdn/shop/files/bs-ap300dai_bs-ap300dai-rs.png, https://consumer.bluestarindia.com/cdn/shop/files/bs-ap300dai_bs-ap300dai-t.png, https://consumer.bluestarindia.com/cdn/shop/files/AP420OAN.png, https://consumer.bluestarindia.com/cdn/shop/files/ap420oan_artboard_1_copy_4.png, https://consumer.bluestarindia.com/cdn/shop/files/ap420oan_artboard_1_copy_5.png, https://consumer.bluestarindia.com/cdn/shop/files/ap420oan_artboard_1_copy_3-2.png, https://consumer.bluestarindia.com/cdn/shop/files/ap700dai_hi-resolution-image-3.png, https://consumer.bluestarindia.com/cdn/shop/files/ap700dai_ap700dai-gallery-images-02.jpg, https://consumer.bluestarindia.com/cdn/shop/files/ap700dai_ap700dai-gallery-images-03.jpg"
simple,B2B-1022,AIR PURIFIERS,1,0,visible,,Goodbye to pollution. Hello to pure air.,1,100,,,Products,"https://www.bluestarindia.com/media/205515/products-banner.jpg, https://www.bluestarindia.com/media/241084/facebook.png, https://www.bluestarindia.com/media/241081/x.png, https://www.bluestarindia.com/media/241082/linkedin.png, https://www.bluestarindia.com/media/241083/instagram.png, https://www.bluestarindia.com/media/241080/youtube.png"
simple,B2B-1023,AIR PURIFIERS,1,0,visible,,Goodbye to pollution. Hello to pure air.,1,100,,,Products,"https://www.bluestarindia.com/media/205515/products-banner.jpg, https://www.bluestarindia.com/media/241084/facebook.png, https://www.bluestarindia.com/media/241081/x.png, https://www.bluestarindia.com/media/241082/linkedin.png, https://www.bluestarindia.com/media/241083/instagram.png, https://www.bluestarindia.com/media/241080/youtube.png"
simple,B2B-1024,"Air
Purifiers",1,0,visible,,This site uses cookies. By clicking Accept or continuing to browse the site you are agreeing to our use of cookies. Learn more in our Privacy Policy.,1,100,,,Collections,"https://consumer.bluestarindia.com/cdn/shop/files/AC_1_432x432_923407fa-f2a0-4c07-a662-6e1e39c399cd.jpg, https://consumer.bluestarindia.com/cdn/shop/files/AC_2_432x432_52bd1a8f-d78f-4451-8518-5ccac25ef9f8.jpg, https://consumer.bluestarindia.com/cdn/shop/files/PA35MMA_432x432_5f5a6b52-1405-4b9f-9bea-a85360253b96.jpg, https://consumer.bluestarindia.com/cdn/shop/files/CA120PMH_432x432_3e07d0fb-580a-4460-9d5b-980f7da40b18.jpg, https://consumer.bluestarindia.com/cdn/shop/files/Refrigeration_Banners_900x437-231024_5bf719d4-7c1d-40a9-8d25-30c7f820f8ef.png, https://consumer.bluestarindia.com/cdn/shop/files/Untitled_design_-_2024-08-05T124909.801_1.png, https://consumer.bluestarindia.com/cdn/shop/files/Air-Purifier-LP-1800x473_1.jpg, https://consumer.bluestarindia.com/cdn/shop/files/bs-ap490lan_bs-ap490lan-1.png, https://consumer.bluestarindia.com/cdn/shop/files/bs-ap490lan_bs-ap490lan-ls.png, https://consumer.bluestarindia.com/cdn/shop/files/bs-ap490lan_bs-ap490lan-t1.png, https://consumer.bluestarindia.com/cdn/shop/files/bs-ap490lan_bs-ap490lan-rs.png, https://consumer.bluestarindia.com/cdn/shop/files/AP300DAI.png, https://consumer.bluestarindia.com/cdn/shop/files/bs-ap300dai_bs-ap300dai-ls.png, https://consumer.bluestarindia.com/cdn/shop/files/bs-ap300dai_bs-ap300dai-rs.png, https://consumer.bluestarindia.com/cdn/shop/files/bs-ap300dai_bs-ap300dai-t.png, https://consumer.bluestarindia.com/cdn/shop/files/AP420OAN.png, https://consumer.bluestarindia.com/cdn/shop/files/ap420oan_artboard_1_copy_4.png, https://consumer.bluestarindia.com/cdn/shop/files/ap420oan_artboard_1_copy_5.png, https://consumer.bluestarindia.com/cdn/shop/files/ap420oan_artboard_1_copy_3-2.png, https://consumer.bluestarindia.com/cdn/shop/files/ap700dai_hi-resolution-image-3.png, https://consumer.bluestarindia.com/cdn/shop/files/ap700dai_ap700dai-gallery-images-02.jpg, https://consumer.bluestarindia.com/cdn/shop/files/ap700dai_ap700dai-gallery-images-03.jpg"
simple,B2B-1025,AIR COOLERS,1,0,visible,,Cooling Simplified.,1,100,,,Products,"https://www.bluestarindia.com/media/254376/air-coolers-banner.jpg, https://www.bluestarindia.com/media/254377/air-coolers-banner-small.jpg, https://www.bluestarindia.com/img/download.png, https://www.bluestarindia.com/media/254548/air-2.jpg, https://www.bluestarindia.com/media/254531/da60eea_touch-front_s.jpg, https://www.bluestarindia.com/media/254532/da55pma_ar55dah-front_s.jpg, https://www.bluestarindia.com/media/254533/oa60lma-front_s.jpg, https://www.bluestarindia.com/media/241084/facebook.png, https://www.bluestarindia.com/media/241081/x.png, https://www.bluestarindia.com/media/241082/linkedin.png, https://www.bluestarindia.com/media/241083/instagram.png, https://www.bluestarindia.com/media/241080/youtube.png"
simple,B2B-1026,DESERT AIR COOLERS,1,0,visible,,Registered Office:,1,100,,,Air Coolers,"https://www.bluestarindia.com/img/about-usBG.jpg, https://www.bluestarindia.com/media/254536/da35lma.jpg, https://www.bluestarindia.com/media/254537/da60lma.jpg, https://www.bluestarindia.com/media/254538/da60eea_touch-front_s.jpg, https://www.bluestarindia.com/media/254539/ar60dat_da60ema_manual-front_s.jpg, https://www.bluestarindia.com/media/241084/facebook.png, https://www.bluestarindia.com/media/241081/x.png, https://www.bluestarindia.com/media/241082/linkedin.png, https://www.bluestarindia.com/media/241083/instagram.png, https://www.bluestarindia.com/media/241080/youtube.png"
simple,B2B-1027,AIR COOLERS,1,0,visible,,Cooling Simplified.,1,100,,,Products,"https://www.bluestarindia.com/media/254376/air-coolers-banner.jpg, https://www.bluestarindia.com/media/254377/air-coolers-banner-small.jpg, https://www.bluestarindia.com/img/download.png, https://www.bluestarindia.com/media/254548/air-2.jpg, https://www.bluestarindia.com/media/254531/da60eea_touch-front_s.jpg, https://www.bluestarindia.com/media/254532/da55pma_ar55dah-front_s.jpg, https://www.bluestarindia.com/media/254533/oa60lma-front_s.jpg, https://www.bluestarindia.com/media/241084/facebook.png, https://www.bluestarindia.com/media/241081/x.png, https://www.bluestarindia.com/media/241082/linkedin.png, https://www.bluestarindia.com/media/241083/instagram.png, https://www.bluestarindia.com/media/241080/youtube.png"
simple,B2B-1028,DESERT AIR COOLERS,1,0,visible,,Registered Office:,1,100,,,Air Coolers,"https://www.bluestarindia.com/img/about-usBG.jpg, https://www.bluestarindia.com/media/254536/da35lma.jpg, https://www.bluestarindia.com/media/254537/da60lma.jpg, https://www.bluestarindia.com/media/254538/da60eea_touch-front_s.jpg, https://www.bluestarindia.com/media/254539/ar60dat_da60ema_manual-front_s.jpg, https://www.bluestarindia.com/media/241084/facebook.png, https://www.bluestarindia.com/media/241081/x.png, https://www.bluestarindia.com/media/241082/linkedin.png, https://www.bluestarindia.com/media/241083/instagram.png, https://www.bluestarindia.com/media/241080/youtube.png"
simple,B2B-1029,DESERT AIR COOLERS,1,0,visible,,Registered Office:,1,100,,,Air Coolers,"https://www.bluestarindia.com/img/about-usBG.jpg, https://www.bluestarindia.com/media/254536/da35lma.jpg, https://www.bluestarindia.com/media/254537/da60lma.jpg, https://www.bluestarindia.com/media/254538/da60eea_touch-front_s.jpg, https://www.bluestarindia.com/media/254539/ar60dat_da60ema_manual-front_s.jpg, https://www.bluestarindia.com/media/241084/facebook.png, https://www.bluestarindia.com/media/241081/x.png, https://www.bluestarindia.com/media/241082/linkedin.png, https://www.bluestarindia.com/media/241083/instagram.png, https://www.bluestarindia.com/media/241080/youtube.png"
simple,B2B-1030,DESERT AIR COOLERS,1,0,visible,,Registered Office:,1,100,,,Air Coolers,"https://www.bluestarindia.com/img/about-usBG.jpg, https://www.bluestarindia.com/media/254536/da35lma.jpg, https://www.bluestarindia.com/media/254537/da60lma.jpg, https://www.bluestarindia.com/media/254538/da60eea_touch-front_s.jpg, https://www.bluestarindia.com/media/254539/ar60dat_da60ema_manual-front_s.jpg, https://www.bluestarindia.com/media/241084/facebook.png, https://www.bluestarindia.com/media/241081/x.png, https://www.bluestarindia.com/media/241082/linkedin.png, https://www.bluestarindia.com/media/241083/instagram.png, https://www.bluestarindia.com/media/241080/youtube.png"
simple,B2B-1031,ROOM AIR CONDITIONERS,1,0,visible,,The most technologically advanced and energy efficient air conditioning solutions for small spaces.,1,100,,,Www.Bluestarindia.Com,"https://www.bluestarindia.com/media/343550/7_8_water-cooler-office-v2_1920-x-648-4.png, https://www.bluestarindia.com/media/343551/7_8_water-cooler-office-v2_640-x-612-1.png, https://www.bluestarindia.com/media/404608/bluestar_summer_capaign_1920x648.jpg, https://www.bluestarindia.com/media/404609/bluestar_summer_capaign_640x612.jpg, https://www.bluestarindia.com/media/404610/1920-x-648.jpg, https://www.bluestarindia.com/media/404611/640-x-612-revised.jpg, https://www.bluestarindia.com/media/294798/close.png, https://www.bluestarindia.com/img/Home-Products/Room-AC.jpg, https://www.bluestarindia.com/img/Home-Products/Water-Purifier.jpg, https://www.bluestarindia.com/img/Home-Products/Air-Purifier.jpg, https://www.bluestarindia.com/img/Home-Products/Air-Cooler.jpg, https://www.bluestarindia.com/media/70938/empg-tile.jpg, https://www.bluestarindia.com/img/product-thumb-2.jpg, https://www.bluestarindia.com/img/product-thumb-4.jpg, https://www.bluestarindia.com/media/51023/water-coolers.png, https://www.bluestarindia.com/img/project-thumb-4.jpg, https://www.bluestarindia.com/img/project-thumb-5.jpg, https://www.bluestarindia.com/img/project-thumb-6.jpg, https://www.bluestarindia.com/img/project-thumb-7.jpg, https://www.bluestarindia.com/img/project-thumb-8.jpg, https://www.bluestarindia.com/img/project-thumb-9.jpg, https://www.bluestarindia.com/img/project-thumb-10.jpg, https://www.bluestarindia.com/img/project-thumb-11.jpg, https://www.bluestarindia.com/media/241084/facebook.png, https://www.bluestarindia.com/media/241081/x.png, https://www.bluestarindia.com/media/241082/linkedin.png, https://www.bluestarindia.com/media/241083/instagram.png, https://www.bluestarindia.com/media/241080/youtube.png"
simple,B2B-1032,WATER COOLERS,1,0,visible,,,1,100,,,Products,"https://www.bluestarindia.com/media/404633/water-coolers-banner.jpg, https://www.bluestarindia.com/media/404634/water-coolers-banner-small.jpg, https://www.bluestarindia.com/media/404635/storage-water-cooler-26x220.png, https://www.bluestarindia.com/media/404622/bwd-26-3-21.jpeg, https://www.bluestarindia.com/media/241084/facebook.png, https://www.bluestarindia.com/media/241081/x.png, https://www.bluestarindia.com/media/241082/linkedin.png, https://www.bluestarindia.com/media/241083/instagram.png, https://www.bluestarindia.com/media/241080/youtube.png"
simple,B2B-1033,CENTRAL AIR CONDITIONING,1,0,visible,,,1,100,,,Products,"https://www.bluestarindia.com/media/56030/products-banner.jpg, https://www.bluestarindia.com/media/71005/vrf-iv-plus-100-inverter.jpg, https://www.bluestarindia.com/media/6087/acs-thumb-1.jpg, https://www.bluestarindia.com/media/203225/air-cooled-screw-chillers-1.png, https://www.bluestarindia.com/media/71015/central-unit.jpg, https://www.bluestarindia.com/media/241084/facebook.png, https://www.bluestarindia.com/media/241081/x.png, https://www.bluestarindia.com/media/241082/linkedin.png, https://www.bluestarindia.com/media/241083/instagram.png, https://www.bluestarindia.com/media/241080/youtube.png"
simple,B2B-1034,VRF V S - SIDE DISCHARGE VRF SYSTEM,1,0,visible,,THE NEW BENCHMARK FOR AESTHETICS AND SAVINGS,1,100,,,Vrf Systems,"https://www.bluestarindia.com/img/about-usBG.jpg, https://www.bluestarindia.com/media/335160/ivrfb-08-10-12-sc-sh-2.jpg, https://www.bluestarindia.com/img/download.png, https://www.bluestarindia.com/Handlers/Captcha.ashx, https://www.bluestarindia.com/media/241084/facebook.png, https://www.bluestarindia.com/media/241081/x.png, https://www.bluestarindia.com/media/241082/linkedin.png, https://www.bluestarindia.com/media/241083/instagram.png, https://www.bluestarindia.com/media/241080/youtube.png"
simple,B2B-1035,CENTRAL AIR CONDITIONING,1,0,visible,,,1,100,,,Products,"https://www.bluestarindia.com/media/56030/products-banner.jpg, https://www.bluestarindia.com/media/71005/vrf-iv-plus-100-inverter.jpg, https://www.bluestarindia.com/media/6087/acs-thumb-1.jpg, https://www.bluestarindia.com/media/203225/air-cooled-screw-chillers-1.png, https://www.bluestarindia.com/media/71015/central-unit.jpg, https://www.bluestarindia.com/media/241084/facebook.png, https://www.bluestarindia.com/media/241081/x.png, https://www.bluestarindia.com/media/241082/linkedin.png, https://www.bluestarindia.com/media/241083/instagram.png, https://www.bluestarindia.com/media/241080/youtube.png"
simple,B2B-1036,DUCTED SYSTEMS,1,0,visible,,Registered Office:,1,100,,,Central Air Conditioning,"https://www.bluestarindia.com/media/56039/products-banner.jpg, https://www.bluestarindia.com/media/324798/inverter-packaged-ducted-01.jpg, https://www.bluestarindia.com/media/343275/dsai-1321r3a-o-front-326x220.png, https://www.bluestarindia.com/media/78808/acs-thumb-1.jpg, https://www.bluestarindia.com/media/166901/water-colled.jpg, https://www.bluestarindia.com/media/71012/hiper-packaged-acs.jpg, https://www.bluestarindia.com/media/166904/consolited-split.jpg, https://www.bluestarindia.com/media/241084/facebook.png, https://www.bluestarindia.com/media/241081/x.png, https://www.bluestarindia.com/media/241082/linkedin.png, https://www.bluestarindia.com/media/241083/instagram.png, https://www.bluestarindia.com/media/241080/youtube.png"
simple,B2B-1037,PACKAGED DUCTED SPLIT AIR CONDITIONERS,1,0,visible,,NOTHING COMES CLOSE TO ITS COOLING. OR ITS WIDE RANGE.,1,100,,,Ducted Systems,"https://www.bluestarindia.com/media/56041/products-banner.jpg, https://www.bluestarindia.com/media/78808/acs-thumb-1.jpg, https://www.bluestarindia.com/img/download.png, https://www.bluestarindia.com/Handlers/Captcha.ashx, https://www.bluestarindia.com/media/241084/facebook.png, https://www.bluestarindia.com/media/241081/x.png, https://www.bluestarindia.com/media/241082/linkedin.png, https://www.bluestarindia.com/media/241083/instagram.png, https://www.bluestarindia.com/media/241080/youtube.png"
simple,B2B-1038,DUCTED SYSTEMS,1,0,visible,,Registered Office:,1,100,,,Central Air Conditioning,"https://www.bluestarindia.com/media/56039/products-banner.jpg, https://www.bluestarindia.com/media/324798/inverter-packaged-ducted-01.jpg, https://www.bluestarindia.com/media/343275/dsai-1321r3a-o-front-326x220.png, https://www.bluestarindia.com/media/78808/acs-thumb-1.jpg, https://www.bluestarindia.com/media/166901/water-colled.jpg, https://www.bluestarindia.com/media/71012/hiper-packaged-acs.jpg, https://www.bluestarindia.com/media/166904/consolited-split.jpg, https://www.bluestarindia.com/media/241084/facebook.png, https://www.bluestarindia.com/media/241081/x.png, https://www.bluestarindia.com/media/241082/linkedin.png, https://www.bluestarindia.com/media/241083/instagram.png, https://www.bluestarindia.com/media/241080/youtube.png"
simple,B2B-1039,CHILLERS,1,0,visible,,,1,100,,,Central Air Conditioning,"https://www.bluestarindia.com/media/56046/products-banner.jpg, https://www.bluestarindia.com/media/78806/processchillers.jpg, https://www.bluestarindia.com/media/78812/watercooled-scroll-chiller.jpg, https://www.bluestarindia.com/media/203224/air-cooled-screw-chillers.png, https://www.bluestarindia.com/media/394594/centrifugal_chiller_iso_1_op_2.png, https://www.bluestarindia.com/media/394595/brine-chiller_1.png, https://www.bluestarindia.com/media/394598/datacentre_chiller_0001.png, https://www.bluestarindia.com/media/241084/facebook.png, https://www.bluestarindia.com/media/241081/x.png, https://www.bluestarindia.com/media/241082/linkedin.png, https://www.bluestarindia.com/media/241083/instagram.png, https://www.bluestarindia.com/media/241080/youtube.png"
simple,B2B-1040,PROCESS CHILLERS,1,0,visible,,"Blue Star offers Process Chillers for medical, pharmaceutical industries and varied industrial applications like plastic mould cooling, printing and lamination processes. These chillers incorporate microprocessor based controls which offer intelligent cooling and are energy efficient apart from being extremely compact with a small footprint.",1,100,,,Chillers,"https://www.bluestarindia.com/media/56060/products-banner.jpg, https://www.bluestarindia.com/media/78806/processchillers.jpg, https://www.bluestarindia.com/img/download.png, https://www.bluestarindia.com/Handlers/Captcha.ashx, https://www.bluestarindia.com/media/241084/facebook.png, https://www.bluestarindia.com/media/241081/x.png, https://www.bluestarindia.com/media/241082/linkedin.png, https://www.bluestarindia.com/media/241083/instagram.png, https://www.bluestarindia.com/media/241080/youtube.png"
simple,B2B-1041,SCROLL CHILLERS,1,0,visible,,Registered Office:,1,100,,,Chillers,"https://www.bluestarindia.com/media/56054/products-banner.jpg, https://www.bluestarindia.com/media/71013/air-water-cooled-r22-r407c.jpg, https://www.bluestarindia.com/media/253295/inverter-scroll-chiller-02.png, https://www.bluestarindia.com/media/394600/air-cooled-star-rated-screw-chiller.png, https://www.bluestarindia.com/media/241084/facebook.png, https://www.bluestarindia.com/media/241081/x.png, https://www.bluestarindia.com/media/241082/linkedin.png, https://www.bluestarindia.com/media/241083/instagram.png, https://www.bluestarindia.com/media/241080/youtube.png"
simple,B2B-1042,SCREW CHILLERS,1,0,visible,,Registered Office:,1,100,,,Chillers,"https://www.bluestarindia.com/media/56047/products-banner.jpg, https://www.bluestarindia.com/media/88748/water-cooled-screw-chiller-with-vfd.png, https://www.bluestarindia.com/media/88574/water-cooled-screw-chillers-configured-series.jpg, https://www.bluestarindia.com/media/137062/untitled-1.png, https://www.bluestarindia.com/media/253294/air-cooled-chiller-with-vfd.png, https://www.bluestarindia.com/media/241084/facebook.png, https://www.bluestarindia.com/media/241081/x.png, https://www.bluestarindia.com/media/241082/linkedin.png, https://www.bluestarindia.com/media/241083/instagram.png, https://www.bluestarindia.com/media/241080/youtube.png"
simple,B2B-1043,CENTRIFUGAL CHILLERS,1,0,visible,,Capacity Range: Upto 1000TR,1,100,,,Chillers,"https://www.bluestarindia.com/img/about-usBG.jpg, https://www.bluestarindia.com/media/394594/centrifugal_chiller_iso_1_op_2.png, https://www.bluestarindia.com/img/download.png, https://www.bluestarindia.com/Handlers/Captcha.ashx, https://www.bluestarindia.com/media/241084/facebook.png, https://www.bluestarindia.com/media/241081/x.png, https://www.bluestarindia.com/media/241082/linkedin.png, https://www.bluestarindia.com/media/241083/instagram.png, https://www.bluestarindia.com/media/241080/youtube.png"
simple,B2B-1044,OTHERS,1,0,visible,,Registered Office:,1,100,,,Central Air Conditioning,"https://www.bluestarindia.com/media/56061/products-banner.jpg, https://www.bluestarindia.com/media/71014/central-unit.jpg, https://www.bluestarindia.com/media/241084/facebook.png, https://www.bluestarindia.com/media/241081/x.png, https://www.bluestarindia.com/media/241082/linkedin.png, https://www.bluestarindia.com/media/241083/instagram.png, https://www.bluestarindia.com/media/241080/youtube.png"
simple,B2B-1045,CONDENSING UNITS,1,0,visible,,SUPERIOR EFFICIENCY. SUPERIOR VALUE.,1,100,,,Others,"https://www.bluestarindia.com/media/56062/products-banner.jpg, https://www.bluestarindia.com/media/71014/central-unit.jpg, https://www.bluestarindia.com/img/download.png, https://www.bluestarindia.com/media/241084/facebook.png, https://www.bluestarindia.com/media/241081/x.png, https://www.bluestarindia.com/media/241082/linkedin.png, https://www.bluestarindia.com/media/241083/instagram.png, https://www.bluestarindia.com/media/241080/youtube.png"
simple,B2B-1046,OTHERS,1,0,visible,,Registered Office:,1,100,,,Central Air Conditioning,"https://www.bluestarindia.com/media/56061/products-banner.jpg, https://www.bluestarindia.com/media/71014/central-unit.jpg, https://www.bluestarindia.com/media/241084/facebook.png, https://www.bluestarindia.com/media/241081/x.png, https://www.bluestarindia.com/media/241082/linkedin.png, https://www.bluestarindia.com/media/241083/instagram.png, https://www.bluestarindia.com/media/241080/youtube.png"
simple,B2B-1047,FREEZERS,1,0,visible,,Registered Office:,1,100,,,Commercial Refrigeration,"https://www.bluestarindia.com/media/55977/coldstorage-commercial-banner.jpg, https://www.bluestarindia.com/media/324831/hard-top-freezer-2.jpg, https://www.bluestarindia.com/media/324832/cooler-cum-freezer-21-5-21-02.png, https://www.bluestarindia.com/media/324833/glass-top-freezer.png, https://www.bluestarindia.com/media/343483/a4_visifreezer-flyer-plate-2.jpg, https://www.bluestarindia.com/media/241084/facebook.png, https://www.bluestarindia.com/media/241081/x.png, https://www.bluestarindia.com/media/241082/linkedin.png, https://www.bluestarindia.com/media/241083/instagram.png, https://www.bluestarindia.com/media/241080/youtube.png"
simple,B2B-1048,COOLER-CUM-FREEZER,1,0,visible,,"Our Cooler-Cum-Freezers are the ultimate solution for storing a diverse range of frozen foods and chilled beverages in a single unit. It seamlessly integrates two functions by providing separate compartments for the freezer and cooling chamber. This not only maximises space but also reduces capital investment and operating costs. A seamless blend of innovation and efficiency, delivering exceptional value.",1,100,,,Freezers,"https://www.bluestarindia.com/media/55980/coldstorage-commercial-banner.jpg, https://www.bluestarindia.com/media/324832/cooler-cum-freezer-21-5-21-02.png, https://www.bluestarindia.com/img/download.png, https://www.bluestarindia.com/media/241084/facebook.png, https://www.bluestarindia.com/media/241081/x.png, https://www.bluestarindia.com/media/241082/linkedin.png, https://www.bluestarindia.com/media/241083/instagram.png, https://www.bluestarindia.com/media/241080/youtube.png"
simple,B2B-1049,GLASS TOP FREEZERS,1,0,visible,,Registered Office:,1,100,,,Freezers,"https://www.bluestarindia.com/img/about-usBG.jpg, https://www.bluestarindia.com/media/88571/glass-top-freezer.png, https://www.bluestarindia.com/media/241084/facebook.png, https://www.bluestarindia.com/media/241081/x.png, https://www.bluestarindia.com/media/241082/linkedin.png, https://www.bluestarindia.com/media/241083/instagram.png, https://www.bluestarindia.com/media/241080/youtube.png"
simple,B2B-1050,COOLERS,1,0,visible,,Registered Office:,1,100,,,Commercial Refrigeration,"https://www.bluestarindia.com/media/55981/coldstorage-commercial-banner.jpg, https://www.bluestarindia.com/media/342767/chest-cooler-with-sticker-326x220-1.png, https://www.bluestarindia.com/media/343604/mr60_black-iso-right-1-326x220.png, https://www.bluestarindia.com/media/404638/getbigthumbnail.jpg, https://www.bluestarindia.com/media/241084/facebook.png, https://www.bluestarindia.com/media/241081/x.png, https://www.bluestarindia.com/media/241082/linkedin.png, https://www.bluestarindia.com/media/241083/instagram.png, https://www.bluestarindia.com/media/241080/youtube.png"
simple,B2B-1051,COOLERS,1,0,visible,,Registered Office:,1,100,,,Commercial Refrigeration,"https://www.bluestarindia.com/media/55981/coldstorage-commercial-banner.jpg, https://www.bluestarindia.com/media/342767/chest-cooler-with-sticker-326x220-1.png, https://www.bluestarindia.com/media/343604/mr60_black-iso-right-1-326x220.png, https://www.bluestarindia.com/media/404638/getbigthumbnail.jpg, https://www.bluestarindia.com/media/241084/facebook.png, https://www.bluestarindia.com/media/241081/x.png, https://www.bluestarindia.com/media/241082/linkedin.png, https://www.bluestarindia.com/media/241083/instagram.png, https://www.bluestarindia.com/media/241080/youtube.png"
simple,B2B-1052,KITCHEN REFRIGERATION PRODUCTS,1,0,visible,,,1,100,,,Commercial Refrigeration,"https://www.bluestarindia.com/img/about-usBG.jpg, https://www.bluestarindia.com/media/404654/reachin-gp-gc-326x220.png, https://www.bluestarindia.com/media/404658/under-counter-gc-series-326x220.png, https://www.bluestarindia.com/media/342751/saladates-326x220.png, https://www.bluestarindia.com/media/342754/blast-freezer-1.jpg, https://www.bluestarindia.com/media/342757/bc350a-iso-view-326x220.png, https://www.bluestarindia.com/media/241084/facebook.png, https://www.bluestarindia.com/media/241081/x.png, https://www.bluestarindia.com/media/241082/linkedin.png, https://www.bluestarindia.com/media/241083/instagram.png, https://www.bluestarindia.com/media/241080/youtube.png"
simple,B2B-1053,REACH-IN CHILLERS AND FREEZERS,1,0,visible,,Registered Office:,1,100,,,Kitchen Refrigeration Products,"https://www.bluestarindia.com/img/about-usBG.jpg, https://www.bluestarindia.com/media/404650/reachin-gp-gc-326x220.png, https://www.bluestarindia.com/media/404652/reachin-s-series-326x220.png, https://www.bluestarindia.com/media/241084/facebook.png, https://www.bluestarindia.com/media/241081/x.png, https://www.bluestarindia.com/media/241082/linkedin.png, https://www.bluestarindia.com/media/241083/instagram.png, https://www.bluestarindia.com/media/241080/youtube.png"
simple,B2B-1054,UNDERCOUNTER CHILLERS AND FREEZERS,1,0,visible,,Registered Office:,1,100,,,Kitchen Refrigeration Products,"https://www.bluestarindia.com/img/about-usBG.jpg, https://www.bluestarindia.com/media/404655/under-counter-gc-series-326x220.png, https://www.bluestarindia.com/media/404656/under-counter-s-series-326x220.png, https://www.bluestarindia.com/media/241084/facebook.png, https://www.bluestarindia.com/media/241081/x.png, https://www.bluestarindia.com/media/241082/linkedin.png, https://www.bluestarindia.com/media/241083/instagram.png, https://www.bluestarindia.com/media/241080/youtube.png"
simple,B2B-1055,MEDICAL REFRIGERATION PRODUCTS,1,0,visible,,,1,100,,,Commercial Refrigeration,"https://www.bluestarindia.com/img/about-usBG.jpg, https://www.bluestarindia.com/media/404659/medical-freezer.jpeg, https://www.bluestarindia.com/media/404661/pharma-refrigerator.jpeg, https://www.bluestarindia.com/media/241084/facebook.png, https://www.bluestarindia.com/media/241081/x.png, https://www.bluestarindia.com/media/241082/linkedin.png, https://www.bluestarindia.com/media/241083/instagram.png, https://www.bluestarindia.com/media/241080/youtube.png"
simple,B2B-1056,ICE MACHINES,1,0,visible,,Registered Office:,1,100,,,Commercial Refrigeration,"https://www.bluestarindia.com/img/about-usBG.jpg, https://www.bluestarindia.com/media/78823/ice-machines-2.jpg, https://www.bluestarindia.com/media/241084/facebook.png, https://www.bluestarindia.com/media/241081/x.png, https://www.bluestarindia.com/media/241082/linkedin.png, https://www.bluestarindia.com/media/241083/instagram.png, https://www.bluestarindia.com/media/241080/youtube.png"
simple,B2B-1057,ICE MACHINES,1,0,visible,,"Today, ice plays many unusual roles. A style element for cocktail drinks. A cool bedding for delicacies. A preserver of life-saving drugs. The list is as long as it is diverse. And to meet your specific usage requirements of ice in the best possible way, you can always rely on the expert, Blue Star.",1,100,,,Ice Machines,"https://www.bluestarindia.com/media/55991/coldstorage-commercial-banner.jpg, https://www.bluestarindia.com/media/78823/ice-machines-2.jpg, https://www.bluestarindia.com/media/217811/ice-machines-1.jpg, https://www.bluestarindia.com/img/download.png, https://www.bluestarindia.com/media/241084/facebook.png, https://www.bluestarindia.com/media/241081/x.png, https://www.bluestarindia.com/media/241082/linkedin.png, https://www.bluestarindia.com/media/241083/instagram.png, https://www.bluestarindia.com/media/241080/youtube.png"
simple,B2B-1058,MODULAR COLD ROOMS,1,0,visible,,Modular Cold Rooms are standard preservation chambers built at site to desired dimensions and cooling specifications.,1,100,,,Cold Storages,"https://www.bluestarindia.com/media/55993/coldstorage-commercial-banner.jpg, https://www.bluestarindia.com/media/56426/modular-coldroom.jpg, https://www.bluestarindia.com/img/download.png, https://www.bluestarindia.com/media/241084/facebook.png, https://www.bluestarindia.com/media/241081/x.png, https://www.bluestarindia.com/media/241082/linkedin.png, https://www.bluestarindia.com/media/241083/instagram.png, https://www.bluestarindia.com/media/241080/youtube.png"
simple,B2B-1059,BANANA RIPENING COLD ROOMS,1,0,visible,,THE PERFECT CHOICE FOR PROFITABILITY.,1,100,,,Cold Storages,"https://www.bluestarindia.com/media/55994/coldstorage-commercial-banner.jpg, https://www.bluestarindia.com/media/56427/banana-ripening-11-6-14.jpg, https://www.bluestarindia.com/media/241084/facebook.png, https://www.bluestarindia.com/media/241081/x.png, https://www.bluestarindia.com/media/241082/linkedin.png, https://www.bluestarindia.com/media/241083/instagram.png, https://www.bluestarindia.com/media/241080/youtube.png"
simple,B2B-1060,REFRIGERATION UNITS,1,0,visible,,Registered Office:,1,100,,,Cold Storages,"https://www.bluestarindia.com/media/55995/coldstorage-commercial-banner.jpg, https://www.bluestarindia.com/media/56424/hermetic.jpg, https://www.bluestarindia.com/media/56425/air-cooled-condesing.jpg, https://www.bluestarindia.com/media/241084/facebook.png, https://www.bluestarindia.com/media/241081/x.png, https://www.bluestarindia.com/media/241082/linkedin.png, https://www.bluestarindia.com/media/241083/instagram.png, https://www.bluestarindia.com/media/241080/youtube.png"
simple,B2B-1061,REFRIGERATION SYSTEMS HERMETIC SERIES,1,0,visible,,IT'S NOT JUST PRESERVATION. IT'S THE ULTIMATE IN PRESERVATION.,1,100,,,Refrigeration Units,"https://www.bluestarindia.com/media/55996/coldstorage-commercial-banner.jpg, https://www.bluestarindia.com/media/56424/hermetic.jpg, https://www.bluestarindia.com/img/download.png, https://www.bluestarindia.com/media/241084/facebook.png, https://www.bluestarindia.com/media/241081/x.png, https://www.bluestarindia.com/media/241082/linkedin.png, https://www.bluestarindia.com/media/241083/instagram.png, https://www.bluestarindia.com/media/241080/youtube.png"
simple,B2B-1062,REFRIGERATION SYSTEMS SEMI-HERMETIC SERIES (SUPER TROPICALISED),1,0,visible,,PACKAGED FOR POWER-PACKED PERFORMANCE,1,100,,,Refrigeration Units,"https://www.bluestarindia.com/media/55997/coldstorage-commercial-banner.jpg, https://www.bluestarindia.com/media/56425/air-cooled-condesing.jpg, https://www.bluestarindia.com/media/1052/water-cooled-contensing.jpg, https://www.bluestarindia.com/media/241084/facebook.png, https://www.bluestarindia.com/media/241081/x.png, https://www.bluestarindia.com/media/241082/linkedin.png, https://www.bluestarindia.com/media/241083/instagram.png, https://www.bluestarindia.com/media/241080/youtube.png"
simple,B2B-1063,PUF INSULATED PANELS,1,0,visible,,"The efficiency, hygiene and life of a cold room depend on the panels and accessories that go into making up the structure.",1,100,,,Cold Storages,"https://www.bluestarindia.com/media/55999/coldstorage-commercial-banner.jpg, https://www.bluestarindia.com/media/71010/puf-panels-thumb.jpg, https://www.bluestarindia.com/img/download.png, https://www.bluestarindia.com/media/241084/facebook.png, https://www.bluestarindia.com/media/241081/x.png, https://www.bluestarindia.com/media/241082/linkedin.png, https://www.bluestarindia.com/media/241083/instagram.png, https://www.bluestarindia.com/media/241080/youtube.png"
simple,B2B-1064,MORTUARY CHAMBERS,1,0,visible,,BUILT TO LAST,1,100,,,Speciality Products,"https://www.bluestarindia.com/media/56198/products-banner.jpg, https://www.bluestarindia.com/media/78785/mortuary-cabinet-02.jpg, https://www.bluestarindia.com/media/241084/facebook.png, https://www.bluestarindia.com/media/241081/x.png, https://www.bluestarindia.com/media/241082/linkedin.png, https://www.bluestarindia.com/media/241083/instagram.png, https://www.bluestarindia.com/media/241080/youtube.png"
simple,B2B-1065,SPECIALITY PRODUCTS,1,0,visible,,Registered Office:,1,100,,,Products,"https://www.bluestarindia.com/media/56196/products-banner.jpg, https://www.bluestarindia.com/media/78785/mortuary-cabinet-02.jpg, https://www.bluestarindia.com/media/241084/facebook.png, https://www.bluestarindia.com/media/241081/x.png, https://www.bluestarindia.com/media/241082/linkedin.png, https://www.bluestarindia.com/media/241083/instagram.png, https://www.bluestarindia.com/media/241080/youtube.png"
simple,B2B-1066,BUSINESS OVERVIEW,1,0,visible,,"Blue Star is one of India’s leading integrated MEP service providers, with over 80 years of project experience while delivering expert HVACR solutions across the Building, Industrial, and Infrastructure segments. The Company’s Electro-Mechanical Projects Group (EMPG) has built a strong reputation over the past couple of decades as a one-stop turnkey provider of both integrated and discrete MEP services, managing large-scale projects for airports, hospitals, hotels, retail malls, commercial complexes, factories, data centres, electrical substations, railway electrification, and rural water supply. Supported by a robust global supply chain and a commitment to excellence, Blue Star’s EMPG has successfully contributed to engineering marvels across diverse geographies, earning the trust of clients worldwide.",1,100,,,Mep And More,"https://www.bluestarindia.com/media/56068/projects-banner.jpg, https://www.bluestarindia.com/media/241084/facebook.png, https://www.bluestarindia.com/media/241081/x.png, https://www.bluestarindia.com/media/241082/linkedin.png, https://www.bluestarindia.com/media/241083/instagram.png, https://www.bluestarindia.com/media/241080/youtube.png"
simple,B2B-1067,BUILDINGS SERVICES,1,0,visible,,,1,100,,,Buildings,"https://www.bluestarindia.com/media/70946/buildings-banner.jpg, https://www.bluestarindia.com/media/56213/buildings-banner-small.jpg, https://www.bluestarindia.com/media/241084/facebook.png, https://www.bluestarindia.com/media/241081/x.png, https://www.bluestarindia.com/media/241082/linkedin.png, https://www.bluestarindia.com/media/241083/instagram.png, https://www.bluestarindia.com/media/241080/youtube.png"
simple,B2B-1068,CREDENTIALS,1,0,visible,,,1,100,,,Buildings,"https://www.bluestarindia.com/media/70947/buildings-banner.jpg, https://www.bluestarindia.com/media/70948/buildings-banner-small.jpg, https://www.bluestarindia.com/media/241084/facebook.png, https://www.bluestarindia.com/media/241081/x.png, https://www.bluestarindia.com/media/241082/linkedin.png, https://www.bluestarindia.com/media/241083/instagram.png, https://www.bluestarindia.com/media/241080/youtube.png"
simple,B2B-1069,NOTABLE ORDERS,1,0,visible,,,1,100,,,Buildings,"https://www.bluestarindia.com/media/70949/buildings-banner.jpg, https://www.bluestarindia.com/media/70950/buildings-banner-small.jpg, https://www.bluestarindia.com/media/241084/facebook.png, https://www.bluestarindia.com/media/241081/x.png, https://www.bluestarindia.com/media/241082/linkedin.png, https://www.bluestarindia.com/media/241083/instagram.png, https://www.bluestarindia.com/media/241080/youtube.png"
simple,B2B-1070,CASE STUDIES,1,0,visible,,,1,100,,,Buildings,"https://www.bluestarindia.com/media/70951/buildings-banner.jpg, https://www.bluestarindia.com/media/70952/buildings-banner-small.jpg, https://www.bluestarindia.com/media/241084/facebook.png, https://www.bluestarindia.com/media/241081/x.png, https://www.bluestarindia.com/media/241082/linkedin.png, https://www.bluestarindia.com/media/241083/instagram.png, https://www.bluestarindia.com/media/241080/youtube.png"
simple,B2B-1071,INDUSTRIAL SERVICES,1,0,visible,,,1,100,,,Industrial,"https://www.bluestarindia.com/media/70957/industry-banner.jpg, https://www.bluestarindia.com/media/70958/industry-banner-small.jpg, https://www.bluestarindia.com/media/241084/facebook.png, https://www.bluestarindia.com/media/241081/x.png, https://www.bluestarindia.com/media/241082/linkedin.png, https://www.bluestarindia.com/media/241083/instagram.png, https://www.bluestarindia.com/media/241080/youtube.png"
simple,B2B-1072,FACTORIES,1,0,visible,,,1,100,,,Industrial,"https://www.bluestarindia.com/img/about-usBG.jpg, https://www.bluestarindia.com/media/241084/facebook.png, https://www.bluestarindia.com/media/241081/x.png, https://www.bluestarindia.com/media/241082/linkedin.png, https://www.bluestarindia.com/media/241083/instagram.png, https://www.bluestarindia.com/media/241080/youtube.png"
simple,B2B-1073,INFRASTRUCTURE SERVICES​,1,0,visible,,,1,100,,,Infrastructure,"https://www.bluestarindia.com/media/56228/projects-banner.jpg, https://www.bluestarindia.com/media/241084/facebook.png, https://www.bluestarindia.com/media/241081/x.png, https://www.bluestarindia.com/media/241082/linkedin.png, https://www.bluestarindia.com/media/241083/instagram.png, https://www.bluestarindia.com/media/241080/youtube.png"
simple,B2B-1074,INFRASTRUCTURE CREDENTIALS,1,0,visible,,,1,100,,,Infrastructure,"https://www.bluestarindia.com/media/56230/projects-banner.jpg, https://www.bluestarindia.com/media/241084/facebook.png, https://www.bluestarindia.com/media/241081/x.png, https://www.bluestarindia.com/media/241082/linkedin.png, https://www.bluestarindia.com/media/241083/instagram.png, https://www.bluestarindia.com/media/241080/youtube.png"
simple,B2B-1075,NOTABLE ORDERS,1,0,visible,,,1,100,,,Infrastructure,"https://www.bluestarindia.com/media/56232/projects-banner.jpg, https://www.bluestarindia.com/media/241084/facebook.png, https://www.bluestarindia.com/media/241081/x.png, https://www.bluestarindia.com/media/241082/linkedin.png, https://www.bluestarindia.com/media/241083/instagram.png, https://www.bluestarindia.com/media/241080/youtube.png"
simple,B2B-1076,CASE STUDIES,1,0,visible,,,1,100,,,Infrastructure,"https://www.bluestarindia.com/media/56234/projects-banner.jpg, https://www.bluestarindia.com/media/241084/facebook.png, https://www.bluestarindia.com/media/241081/x.png, https://www.bluestarindia.com/media/241082/linkedin.png, https://www.bluestarindia.com/media/241083/instagram.png, https://www.bluestarindia.com/media/241080/youtube.png"
simple,B2B-1077,ROOM AIR CONDITIONERS,1,0,visible,,,1,100,,,Products,"https://www.bluestarindia.com/img/about-usBG.jpg, https://www.bluestarindia.com/media/241084/facebook.png, https://www.bluestarindia.com/media/241081/x.png, https://www.bluestarindia.com/media/241082/linkedin.png, https://www.bluestarindia.com/media/241083/instagram.png, https://www.bluestarindia.com/media/241080/youtube.png"
simple,B2B-1078,WATER PURIFIERS,1,0,visible,,,1,100,,,Products,"https://www.bluestarindia.com/img/about-usBG.jpg, https://www.bluestarindia.com/media/241084/facebook.png, https://www.bluestarindia.com/media/241081/x.png, https://www.bluestarindia.com/media/241082/linkedin.png, https://www.bluestarindia.com/media/241083/instagram.png, https://www.bluestarindia.com/media/241080/youtube.png"
simple,B2B-1079,ROOM AIR CONDITIONERS,1,0,visible,,We use cookies,1,100,,,Www.Bluestarindia.Com,"https://www.bluestarindia.com/media/343550/7_8_water-cooler-office-v2_1920-x-648-4.png, https://www.bluestarindia.com/media/343551/7_8_water-cooler-office-v2_640-x-612-1.png, https://www.bluestarindia.com/media/404608/bluestar_summer_capaign_1920x648.jpg, https://www.bluestarindia.com/media/404609/bluestar_summer_capaign_640x612.jpg, https://www.bluestarindia.com/media/404610/1920-x-648.jpg, https://www.bluestarindia.com/media/404611/640-x-612-revised.jpg, https://www.bluestarindia.com/media/294798/close.png, https://www.bluestarindia.com/img/Home-Products/Room-AC.jpg, https://www.bluestarindia.com/img/Home-Products/Water-Purifier.jpg, https://www.bluestarindia.com/img/Home-Products/Air-Purifier.jpg, https://www.bluestarindia.com/img/Home-Products/Air-Cooler.jpg, https://www.bluestarindia.com/media/70938/empg-tile.jpg, https://www.bluestarindia.com/img/product-thumb-2.jpg, https://www.bluestarindia.com/img/product-thumb-4.jpg, https://www.bluestarindia.com/media/51023/water-coolers.png, https://www.bluestarindia.com/img/project-thumb-4.jpg, https://www.bluestarindia.com/img/project-thumb-5.jpg, https://www.bluestarindia.com/img/project-thumb-6.jpg, https://www.bluestarindia.com/img/project-thumb-7.jpg, https://www.bluestarindia.com/img/project-thumb-8.jpg, https://www.bluestarindia.com/img/project-thumb-9.jpg, https://www.bluestarindia.com/img/project-thumb-10.jpg, https://www.bluestarindia.com/img/project-thumb-11.jpg, https://www.bluestarindia.com/media/241084/facebook.png, https://www.bluestarindia.com/media/241081/x.png, https://www.bluestarindia.com/media/241082/linkedin.png, https://www.bluestarindia.com/media/241083/instagram.png, https://www.bluestarindia.com/media/241080/youtube.png"
simple,B2B-1080,Oops! Something went wrong.,1,0,visible,,"We're sorry, but an unexpected error occurred. Please try again later.",1,100,,,Waterpurifiers,
simple,B2B-1081,"Blue Star
Blue Star",1,0,visible,,This site uses cookies. By clicking Accept or continuing to browse the site you are agreeing to our use of cookies. Learn more in our Privacy Policy.,1,100,,,Consumer.Bluestarindia.Com,"https://consumer.bluestarindia.com/cdn/shop/files/AC_1_432x432_923407fa-f2a0-4c07-a662-6e1e39c399cd.jpg, https://consumer.bluestarindia.com/cdn/shop/files/AC_2_432x432_52bd1a8f-d78f-4451-8518-5ccac25ef9f8.jpg, https://consumer.bluestarindia.com/cdn/shop/files/PA35MMA_432x432_5f5a6b52-1405-4b9f-9bea-a85360253b96.jpg, https://consumer.bluestarindia.com/cdn/shop/files/CA120PMH_432x432_3e07d0fb-580a-4460-9d5b-980f7da40b18.jpg, https://consumer.bluestarindia.com/cdn/shop/files/Refrigeration_Banners_900x437-231024_5bf719d4-7c1d-40a9-8d25-30c7f820f8ef.png, https://consumer.bluestarindia.com/cdn/shop/files/Untitled_design_-_2024-08-05T124909.801_1.png, https://consumer.bluestarindia.com/cdn/shop/files/preview_images/5ac5f4a698694d8395279f50f91b30c6.thumbnail.0000000000.jpg, https://consumer.bluestarindia.com/cdn/shop/files/preview_images/ea260ce503964c7ab2b797c87565e501.thumbnail.0000000000.jpg, https://consumer.bluestarindia.com/cdn/shop/files/AC-Banner_790x415_2a405a3d-145e-430c-84cd-326aa93c7033.jpg, https://consumer.bluestarindia.com/cdn/shop/files/Air-Cooler-Banner_790x415_003.jpg, https://consumer.bluestarindia.com/cdn/shop/files/Air-purifier-_790x415_eb26fc94-4cb3-435e-9375-af986d0a6525.jpg, https://consumer.bluestarindia.com/cdn/shop/files/Refrigeration-Banner_790x415_da6a4efb-76fc-4476-bd6f-38869d9651dd.jpg, https://consumer.bluestarindia.com/cdn/shop/files/HD-Desktop_1800x473_08110126-182e-42ae-bd5d-6fc6c244d49b.jpg, https://consumer.bluestarindia.com/cdn/shop/files/SEE-Flagship-1_HP-1800x473_98e560b1-fcdb-4670-b165-82aff31ab730.jpg, https://consumer.bluestarindia.com/cdn/shop/files/Hot_Cold-Flagship-HP-1800x473_af74a4d9-32f8-4676-b40d-23e257bc8be0.jpg, https://consumer.bluestarindia.com/cdn/shop/files/Anti-Virus-Flagship-HP-1800x473_ee0460e1-7ce6-45e9-a529-fcb52cacc59e.jpg, https://consumer.bluestarindia.com/cdn/shop/files/ic712qcus_gallery-images-01_14_2.png, https://consumer.bluestarindia.com/cdn/shop/files/Gallery_Images_01_580e195f-913a-47c5-95f5-a159c52caeb2.png, https://consumer.bluestarindia.com/cdn/shop/files/1_IC518ZNURS-IDUFrontView.png, https://consumer.bluestarindia.com/cdn/shop/files/ic318vnus_ic318vnus-gallery-images-01.png"
