partner_name,site_name,site_phone,web_addr,address
1064930 ALAD ALTHANAIE LLC COMPANY,1064930 ALAD ALTHANAIE LLC COMPANY,+966551869685,https://www.01-tech.net,"REMB4458, RIYADH, SAUDI ARABIA"
21CK Saqiya IT,21CK SAQIYA IT,+966112760990,https://www.21ck-it.com,"1010897620, RIYADH, RIYADH, SAUDI ARABIA"
3D INTERNATIONA,3D International Technical Services Est,+966138649791,https://www.3dts.com.sa,"Al Reziza Bldg. Office #3/3, Prince Mansour Street, Cross A, Prince Mansour Street, al khobar, SAUDI ARABIA"
3M DATA,3M DATA,+966555679444,https://3mdata.tech/,"6228 SALAH AL-DIN AL-AYYUBI STREET, RIYADH, SAUDI ARABIA"
46 Tech,46 TECH,0096612295493,https://46tech.com,"RIYADH, MOBILE 0565188875, RIYADH, SAUDI ARABIA"
AALA TECH COMPANY LTD,AALA TECH COMPANY LTD,115124319,https://aala-tech.com/,"MAKKAH ALMUKARAMA BRANCH, AL OLAYA DIST, RIYADH, KSA, AL TADAMUN AL ARABI, MISHRIFAH DIST,JEDDAH, KSA, RIYADH, SAUDI ARABIA"
Aamal Almountaha AMCO,AAMAL ALMOUNTAHA AMCO,+966580130600,https://www.saudiamco.com,"ABDEL AZIZ ROAD, RIYADH, SAUDI ARABIA"
AB Tech for Information Technology Co.,AB TECH FOR INFORMATION TECHNOLOGY COMPANY,+966112059550,https://www.abtech.com.sa,"BUILDING 6556, KING SAUD UNIVERSITY, RIYADH, SAUDI ARABIA"
ABAD ALSHABAKA ALHAITHA,ABAD ALSHABAKA ALHAITHA,505235154,https://www.uss-me.com,"7034 SAIYDA STEET AL DURAIHEMIYA DISTRICT, RIYADH, SAUDI ARABIA"
Abana,ABANA ENTREPRISES GROUP CO LTD,+966920006360,https://www.abana.com.sa,"P O BOX 3879 RIYADH 11481, OLAYA K S A, RIYADH, SAUDI ARABIA"
Abdulaziz Ibrahim Al Oufy Trading Est.,ABDULAZIZ IBRAHIM AL OUFY TRADING EST,+966576610710,https://aloufytrading.com,"PRINCE NAWAF STREET 11TH CROSS AL KHOBAR - 31952, AL KHUBAR, SAUDI ARABIA"
Abdulla Fouad Holding Co.,ABDULLA FOUAD CO LTD,+96638345722,https://www.abdulla-fouad.com,"Prince Mohammed Street, PO Box 257, Dammam, SAUDI ARABIA"
ABDULLAH SAAD ABOMOATI,ABDULLAH SAAD ABOMOATI,+966114116957,https://www.Abomoati.com,"7825 IBRAHIM AT TASAN, RIYADH, SAUDI ARABIA"
Abdulrahman A. Almoussa Trading Co. LTD.,Abdulrahman A. Almoussa Trading Co. LTD.,+966114509250,https://www.threea.net,"PO BOX 90033, RIYADH, SAUDI ARABIA"
Accenture Saudi Arabia Limited,ACCENTURE LLC,96612838000,https://www.accenture.com,"6533 ALWOROUD AREA OLAYA STREET, RIYADH, SAUDI ARABIA"
ACET SOLUTIONS LLC,ACET SOLUTIONS LLC,+966501406668,https://www.acetsolutions.com,"PO BOX 2703, QURTUBAH, RIYADH 13248, KINGDOM OF SAUDI ARABIA, RIYADH, SAUDI ARABIA"
Acuative WLL,ACUATIVE WLL,+966546153727,https://www.acuative.com,"7416 uthman ibn affan branch road - At taawun Area, RIYADH, SAUDI ARABIA"
aDawliah,ADAWLIAH,+966114597847,https://www.adawliahshop.com/en,"RIYADH KING FAHAD ROAD, RIYADH, SAUDI ARABIA"
ADRENO INFORMATION TECHNOLOGY COMPANY,ADRENO INFORMATION TECHNOLOGY COMPANY,+966541287667,https://www.adreno.net,"BUILDING NO 3617,, KING FAHD STREET, MADINAT AL UMMAL, AD DAMMAM, SAUDI ARABIA"
Advanced Co. For Maintenance and Operations,Advanced Co. For Maintenance and Operations,+966112170000,,"11421 KING FAHD ROAD, RIYADH, SAUDI ARABIA"
ADVANCED COMMUNICATION & ELECTRONICS SYSTEMS COMPANY,ADVANCED COMMUNICATION & ELECTRONICS SYSTEMS COMPANY,+966547913835,https://www.aces-co.com,"AL QAMRA 6366 AROUBA UNIT NO6, RIYADH, SAUDI ARABIA"
ADVANCED CONTROL SYSTEMS CONTRACTING COMPANY,ADVANCED CONTROL SYSTEMS CONTRACTING COMPANY,+966135166111,https://www.acstco.com/,"EASTERN PROVINCE, KHOBAR, MADINAT AL UMAL , BLDG 7143, AL KHUBAR, SAUDI ARABIA"
ADVANCED DATA SYSTEMS,ADVANCED DATA SYSTEMS,+966126900056,http://www.adsys.net,"AL Humaidhi Center -Prince Sultan Street, 21492 AL Khalidiyah District, JEDDAH, SAUDI ARABIA"
ADVANCED DIAMOND TRADING COMPANY,ADVANCED DIAMOND TRADING COMPANY,+966553347725,https://www.adtc.com.sa,"BUILDING NO 3800 STREET NO 8 OLAYA DISTRICT, RIYADH, SAUDI ARABIA"
Advanced Electronics Company Limited,SAMI ADVANCED ELECTRONICS COMPANY,96612201350,https://www.aecl.com,"BUILDING # 8062, KING KHALID INTERNATIONAL AIRPORT, Secondary # 2720, RIYADH, SAUDI ARABIA"
ADVANCED EXPERTS FOR INFORMATION TECHNOLOGY COMPANY,ADVANCED EXPERTS FOR INFORMATION TECHNOLOGY COMPANY,+966548222806,https://www.itzain.com,"AL ALIAA TOWER, AL QUBBAH ST, ISHBILIYAH, RIYADH 13225, SAUDI ARABIA, RIYADH, SAUDI ARABIA"
Advanced Gate Contracting Est.,Advanced Gate Contracting Est .,+966112255129,https://asysg.com.sa/,"RIYADH, ISHBILIYAH Dist. IMAM SAUD ROAD, RIYADH, SAUDI ARABIA"
ADVANCED INTELLIGENCE COMPUTING COMPANY,ADVANCED INTELLIGENCE COMPUTING COMPANY,+966530036566,https://www.aic2.com,"OLAYA CENTER, KING FAHAD, RIYADH, SAUDI ARABIA, RIYADH, SAUDI ARABIA"
ADVANCED MICRO TECHNOLOGIES COMPANY,ADVANCED MICRO TECHNOLOGIES,+966138100547,https://www.amt-arabia.net,"6455 KING FAHD ROAD, AL KHUBAR, SAUDI ARABIA"
ADVANCED SYSTEMS COMPANY LTD,ADVANCED SYSTEMS COMPANY LTD,+966114443535,https://www.atsc-sa.com,"PO BOX 7416 UTHMAN BIN AFFAN ROAD, AT-TAAWUN DISTRICT, RIYADH, SAUDI ARABIA"
ADVANCED SYSTEMS JOINT COMPANY ASJ,ADVANCED SYSTEMS JOINT COMPANY ASJ,+966112080085,https://www.asjksa.com,"6439 AL NAHDA ROAD, AR RABWAH RIYAD, RIYADH, SAUDI ARABIA"
ADVANCED SYSTEMS PIONEERS FOR COMMUNICATION AND INFORMATION TECHNOLOGY,ADVANCED SYSTEMS PIONEERS FOR COMMUNICATION AND INFORMATION TECHNOLOGY,+966505119160,https://www.asp-sa.com,"8621 YANBU STREET DHAHRAT LABAN DISTRICT, BUILDING 3048, RIYADH, SAUDI ARABIA"
ADVANCED TECHNIQUES COMPANY,ADVANCED TECHNIQUES COMPANY,+966112330005,https://www.adtcs-sa.com/,"3321 PRINCE MAMDUH BIN ABDULAZIZ ST AS SULIMANIYAH, RIYADH, SAUDI ARABIA"
Advanced Technology Solutions Est,ADVANCED TECHNOLOGY SOLUTIONS COMPANY,+966112920184,https://advanced-technology.sa,"D7 BINLADEN COMPLEX FARAZDAQ STREET MALAZ, RIYADH, SAUDI ARABIA"
ADVANCED TELECOMMUNICATION SOLUTIONS AND SERVICES COMPANY,ADVANCED TELECOMMUNICATION SOLUTIONS AND SERVICES COMPANY,+966567518545,https://www.atss.sa/,"AL MALEK SAUD, AL SULAIMANIYAH DIST, RIYADH, SAUDI ARABIA"
Afaq Advanced Solution for Communication and Information Technology,AAFAQ ADVANCED SOLUTIONS,+966114549191,http://www.aafaqtech.com,"KHALID BIN AL WALEED ST AL HAMRA AREA, RIYADH, SAUDI ARABIA"
AFAQ AL MALAZ TRADING COMPANY,AFAQ AL MALAZ TRADING COMPANY,+966566593767,https://www.afaqmalaz.com/carre-creative/,"22 HOUSHANI TOWER, RIYADH, SAUDI ARABIA"
AFDAL TAQANI FOR GENERAL CONTRACT,AFDAL TAQANI FOR GENERAL CONTRACT,+966126165551,http://atc-ksa.com,"ZAITUNA CENTER GROUND FLOOR OFFICE -4, JEDDAH, SAUDI ARABIA"
AFLAK ELECTRONIC INDUSTRIES CO.LTD,AFLAK ELECTRONIC INDUSTRIES CO.LTD,+966126736677,https://www.aflak.com.sa,"PRINCE SULTAN ROAD, JEDDAH, SAUDI ARABIA"
Aflak Solutions for Communications & IT,AFLAK SOLUTIONS FOR COMMUNICATIONS & IT,+966920009947,http://www.aflaksolutions.com/Home,"MALAZ, RIYADH, SAUDI ARABIA"
Ahmad Hamad Al Shutaili Est,AHMAD HAMAD AL SHUTAILI EST,+966114888583,https://2point0concepts.com,"3 AKARIA, OFFICE 513, RIYADH, SAUDI ARABIA"
AI SILK LTD COMPANY,AI SILK LTD COMPANY,+966554030703,https://www.hoistgroup.com,"KING SAUD IBN ABDULAZIZ SAUD, AL MURABBA DIST, RIYADH, SAUDI ARABIA"
AI TECHNOLOGIES SAUDI ARABIA,AI TECHNOLOGIES SAUDI ARABIA,+966541851818,https://www.aitechso.sa,"44 IBN KATHEER ST KING ABDUL AZIZ ROAD, RIYADH, SAUDI ARABIA"
AJYAL FOR COMMUNICATION AND INFORMATION TECHNOLOGY,AJYAL FOR COMMUNICATION AND INFORMATION TECHNOLOGY,+966554405750,https://ajyal-co.com,"ALYASMEEN DIST ANAS IBN MALIK STREET, FLOOR 1, RIYADH, SAUDI ARABIA"
AL AFKAR AL MUBHERA FOR INFORMATION TECHNOLOGY,AL AFKAR AL MUBHERA FOR INFORMATION TECHNOLOGY,+966539219996,https://mubhera.com/,"AL ARUBA, RIYADH, SAUDI ARABIA"
Al Arabiya Systems Engineering,AL ARABIYA SYSTEMS ENGINEERING,+966114600507,https://www.ase.sa/,"MMPQ5VW, AL OLAYA, RIYADH 12221, RIYADH, SAUDI ARABIA"
AL ATKAAL COMPANY LTD,AL ATKAAL COMPANY LTD,+966553075372,https://atkaal.com.sa/,"5TH FLOOR AL-MEFLAH BUILDING AL KHOBAR KINGDOM OF, AL KHUBAR, SAUDI ARABIA"
AL AWADI UNITED TRADING COMPANY,AL AWADI UNITED TRADING COMPANY,+966133488062,https://awadiunited.com,"OLD MAKKAH STREET, BUILDING NO3489, JEDDAH, SAUDI ARABIA"
AL ESNAD EST FOR MILITARY SUPPLIES,AL ESNAD EST FOR MILITARY SUPPLIES,+966114770721,https://al-esnad.com.sa/,"6856 ALQADI ALYAS MALAZ RIYADH SAUDI ARABIA, RIYADH, SAUDI ARABIA"
Al Faris National Company for Information Technology,AL FARIS NATIONAL COMPANY FOR INFORMATION TECHNOLOGY,+966504435140,https://optimiza.me/,"8162 - KING FAHAD BRANCH STREET, 3701 - AL Olaya District, RIYADH, SAUDI ARABIA"
AL FUTTAIM ENGINEERING & TECHNO COMPANY,AL FUTTAIM ENGINEERING & TECHNO COMPANY,+966122252800,https://afet.com/,"AL MADINA ROAD WESAL BUILDING 7575 NORTH GATE FIFT, JEDDAH, SAUDI ARABIA"
AL HAIL INFORMATION TECHNOLOGY SYSTEM COMPANY,AL HAIL INFORMATION TECHNOLOGY SYSTEM COMPANY,+966552764261,https://techtrixsystem.sa,"2399 ABI ZAKARIYA IBN AL AWWAM UTAIQAH, RIYADH, SAUDI ARABIA"
AL HASHEMIAH CONTRACTING COMPANY,AL HASHEMIAH CONTRACTING COMPANY HATCO,+966114647419,https://www.hatco.com.sa,"7759 PRINCE ABDUL AZIZ IBN MUSAID IBN JALAWI STREE, RIYADH, SAUDI ARABIA"
Al huluol al taqniyya al mutatiwwera al arabiyya,AL HULUOL AL TAQNIYYA AL MUTATIWWERA AL ARABIYYA,+966-115121989,https://www.al-huloul.com,"AL-ROSSAIS COMMERCIAL CENTER, 3857 OLAYA STREET, AL OLAYA, RIYADH, SAUDI ARABIA"
AL ITSALAT AL SAHLA FOR COMMUNICATIONS AND INFORMATION TECHNOLOGY,AL ITSALAT AL SAHLA FOR COMMUNICATIONS AND INFORMATION TECHNOLOGY,599258995,https://www.easylink-ksa.com/,"طريق أنس ابن مالك، 98, RIYADH 13326, SAUDI ARABIA, RIYADH, SAUDI ARABIA"
AL KHALEEJ COMPUTERS & ELECTRONICS SYSTEMS,AL-KHALEEJ COMPUTERS & ELECTRONICS SYSTEMS,+966114632143,https://alkhaleej.com.sa,"OLAYA MAIN STREET, RIYADH, SAUDI ARABIA"
AL KHALEEJ TRAINING AND EDUCATION COMPANY,AL-KHALEEJ TRAINING AND EDUCATION COMPANY,+966115108510,https://www.alkhaleej.com.sa,"PO BOX 295300, RIYADH, SAUDI ARABIA"
AL KHALIJ AL THIAR,AL KHALIJ AL THIAR,+966557544028,https://www.gscl.com.sa,"8011 MUSAB BIN UMAIR, RIYADH, SAUDI ARABIA"
Al Mada Smart Compnay,AL MADA SMART COMPNAY,+966558334433,https://www.almada.net.sa,"MADINA ROAD, JEDDAH, SAUDI ARABIA"
AL MANNAI INFORMATION TECHNOLOGY LLC,AL MANNAI INFORMATION TECHNOLOGY LLC,+966115062013,https://mannai-ict.com/,"OFFICE BLDG NO 2975- AL WOROUD DIST, RIYADH, SAUDI ARABIA"
AL MARHALA AL TALIYA,AL MARHALA AL TALIYA,+966920009606,https://www.neveltech.sa,"7703 OTHMAN BIN AFFAN STREET, RIYADH, SAUDI ARABIA"
Al Matbouli Sound & Communications,AL MATBOULI SOUND & COMMUNICATIONS,96612252225,https://www.umg.com.sa,"MATBOULI PLAZA, 2ND FLOOR, AL MAADY ST. RUWAIS DIST., JEDDAH, SAUDI ARABIA"
Al Mehwar Net for Technology & Communications Co.,Al-Mehwar Net For Technology & Communications Co,96611476633,https://www.al-mehwar.net,"Mani Al Muraidi – Irqah-Unit No-9, Building No: 3964, RIYADH, SAUDI ARABIA"
AL MUKHTAR AL AWFAR TRADING COMPANY,AL MUKHTAR AL AWFAR TRADING COMPANY,+966537827445,https://unifiedplanet-sa.com,"AMIR MAJED ROAD INTERSECTION AL TADAMOUN STREET, JEDDAH, SAUDI ARABIA"
AL MULLA ARABIAN CONTRACTING COMPANY,AL MULLA ARABIAN CONTRACTING COMPANY,+966138113164,https://www.almullagroup.com,"2857-2925 PRINCE SULTAN ROAD AL ANDALUS AL KHOBAR, 34437, AL KHUBAR, SAUDI ARABIA"
AL MUTLAQ UNITED COMPANY,AL MUTLAQ UNITED COMPANY,+966138579206,https://www.almutlaqunited.com,"DAMMAM KHOBAR HIGHWAY, OPP. TO DAMMAM DRIVING SCHOOL, DAMMAM, SAUDI ARABIA"
AL RAJHI TELECOM COMPANY,AL RAJHI TELECOM,+966583319977,http://www.alrajhitel.com,"7687 King Fahad Branch Road Al Murabba Dist Unit No:147, RIYADH, SAUDI ARABIA"
AL RANA TOWERS FOR TELECOM & IT YOTTA,AL RANA TOWERS FOR TELECOM & IT (YOTTA),920017105,https://www.yotta.co,"7644 SALAHUDDIN AL AYYUBI 4382 KING ABDULAZIZ DIST, RIYADH, SAUDI ARABIA"
Al Riqa Establishment,AL RIQA INTERNATIONAL COMPANY LTD,+966561124727,https://sfda.gov.sa,"JEDDAH, JEDDAH, SAUDI ARABIA"
Al Rushaid Technologies Co.,AL RUSHAID TECHNOLOGIES COMPANY,+96638914084,https://www.artco.co/,"KING SAUD ROAD, AL DHAHRAN, SAUDI ARABIA"
AL Saddaqa Information Solutions Trading,AL SADDAQA INFORMATION SOLUTIONS TRADING,+966126760020,https://www.alsadaqa.com.sa,"KING MOHAMMAD BIN ABDULAZIZ STREET, JEDDAH, SAUDI ARABIA"
Al Sawab Trading Est Right IT,RIGHT COMPUTER  ALSAWAB COMP,+966143226630,http://rightitgroup.com/,"KING ABDULAZEEZ STREET, YANBU', SAUDI ARABIA"
al tall alawal,AL TALL AL AWAL TRADING EST,+966594044499,https://al-tall.com,"11455, RIYADH, RIYADH, SAUDI ARABIA"
AL THOLATHYA AL AMMAH INFORMATION TECHNOLOGY ATIT,AL THOLATHYA AL AMMAH INFORMATION TECHNOLOGY ATIT,+966118274146,https://www.atit-sa.net,"BUILDING S4 RIYADH BUSINESS FRONT, AIRPORT RD, RIYADH, SAUDI ARABIA, RIYADH, SAUDI ARABIA"
AL WASAEL AL DHAKIA FOR INFORMATION TECHNOLOGY,AL WASAEL AL DHAKIA FOR INFORMATION TECHNOLOGY,+966503122535,https://smarttools-sa.com/,"SAUDI ARABIA, RIYADH, RIYADH, SAUDI ARABIA"
AL WATANIA INFORMATION SYSTEMS,AL WATANIA INFORMATION SYSTEMS,96659549679,https://www.wisys.com.sa,"RIYADH MAIN STREET, RIYADH, SAUDI ARABIA"
AL-ENJAZ AL-MUTAMAYIZ INFORMATION TECHNOLOGY ESTABLISHMENT,AL-ENJAZ AL-MUTAMAYIZ INFORMATION TECHNOLOGY ESTABLISHMENT,537517707,https://www.enjaz.com,"NORTH MATHER DIST - FATEH ALLAH ALSHAFEE, RIYADH, SAUDI ARABIA"
Al-Fares Advanced Contracting Company,Al-Fares Advanced Contracting Company,+966599504857,https://www.alfaressa.com,"PRINCE KHALED IBN BANDAR IBN ABDUL AZIZ ST AL-ARID, RIYADH, SAUDI ARABIA"
AL-HAKBANI INFORMATION TECHNOLOGY,AL-HAKBANI INFORMATION TECHNOLOGY,+966114808085,https://www.nutechits.com,"AL HAKBANI BUSINESS COMPLEX BLDG 1, RIYADH, SAUDI ARABIA"
Al-Kam Telecommunication,Al-Kam Telecommunication,+966138877207,,"PRINCE TURKEY STREET, AL KHUBAR, SAUDI ARABIA"
AL-MAYSSAN TECHNICAL SERVICES,ALMAYSSAN TECHNICAL SERVICES,+96626676251,https://www.almayssan.com,"PO BOX 9539, JEDDAH, SAUDI ARABIA"
AL-NAWRAS INTERNATIONAL CO. for IT,AL-NAWRAS INTERNATIONAL CO. for IT,+966507631254,https://infobel.com,"KHALID BIN ALWALEED STREET, JEDDAH, SAUDI ARABIA"
ALANTECH INFORMATION TECHNOLOGY COMPANY,ALANTECH INFORMATION TECHNOLOGY COMPANY,+966543410254,https://alantechnology.com/,"OFFICE NO04,GROUND FLOOR,FRAIJI BUILDING,JARIR STREET,AL MALAZ,RIYADH,KSA, RIYADH, SAUDI ARABIA"
ALEHA CONTRACTING COMPANY,ALEHA CONTRACTING COMPANY,+966542782786,https://www.alehaa.com,"3810 6221ST, SAYHAT, SAUDI ARABIA"
ALFA GULF TECHNOLOGIES AND CONSTRUCTION COMPANY,ALFA GULF TECHNOLOGIES AND CONSTRUCTION COMPANY,+966534979774,https://www.alfa-gulf.com,"12 DOOR, FLOOR 4, AL KHUBAR, SAUDI ARABIA"
Alfalak Electronic Equipment & Supplies Co.,ALFALAK ELECTRONIC EQUIPMENT & SUPPLIES COMPANY,+966138591990,https://www.alfalak.com,"ASWAD IBN YAZID STREET, BUILDING 3976, AL KHUBAR, SAUDI ARABIA"
alfanar IT,ALFANAR COMPANY,+966920006111,https://alfanar.com,"5 AND 6 ALFANAR BUILDING NORTHERN RING ROAD, RIYADH, SAUDI ARABIA"
Alfaneyah Electromechanical Company Ltd.,ALFANEYAH ELECTROMECHANICAL COMPANY LTD,+966126529000,https://alfaneyah.com,"SUITE NO 902 903 1101 1102 1103 HAIL COMMERCIAL TO, JEDDAH, SAUDI ARABIA"
ALHULUL ALIHTIRAFIYA ALMUTAQADIMA ALSHAMILA COMPANY,ALHULUL ALIHTIRAFIYA ALMUTAQADIMA ALSHAMILA COMPANY,+966566177655,https://www.pais-int.com,"SAUDI ARABIA - RIYADH - POSTAL CODE 13242 - DAMMAM, RIYADH, SAUDI ARABIA"
ALIA ICT,ALIA ICT,0564354666,https://www.aliaict.com,"ALIA BUSINESS PLAZA AR RABI, RIYADH, SAUDI ARABIA"
ALIBTIKAR WALHULUL ALMUMTAZAH,ALIBTIKAR WALHULUL ALMUMTAZAH,+966541626039,https://www.ihm.com.sa,"MOHAMED AL SHAER AL SULIMANYA RIYADH KSA, RIYADH, SAUDI ARABIA"
ALJeraisy Electronic Services Company,Jeraisy Electronic Services Company,00966569233979,https://www.jes.com.sa,"6644 OLYA STREET, RIYADH, SAUDI ARABIA"
ALKAN ARABIA,ALKAN ARABIA,+966114066224,https://www.alkancit.com,"AKHAWEEN BUILDING, DABAB STREET, RIYADH, KSA, RIYADH, SAUDI ARABIA"
ALKHALAF TRD,ALKHALAF TRD,+966506228727,https://www.h-alkhalaf.com,"OLAYA STREET, RIYADH, SAUDI ARABIA"
Alkhdirh Trading Est.,ALKHDIRH TRADING EST,+966114533732,https://www.alkhdirh.com,"AT TAAWUN, 2158, RIYADH 12477, RIYADH, SAUDI ARABIA"
Alkhorayef Printing Solution,ALKHORAYEF PRINTING SOLUTION,+966114786161,https://www.aps.sa,"11412 RIYADH, RIYADH, SAUDI ARABIA"
Allied Solutions for IT,ALLIED SOLUTIONS FOR IT,+966556604310,https://www.alliedsolutions-sa.com,"MAKKAH AL HAMRA,JEDDAH AL SAFA DISTRICT,JEDDAH,SA,, JEDDAH, SAUDI ARABIA"
ALM INFORMATION TECHNOLOGY,ALM INFORMATION TECHNOLOGY,+966537060997,https://www.alm-ict.com,"PO BOX 40901, RIYADH, SAUDI ARABIA"
ALMAJAL GROUP FOR SECURITY,ALMAJAL GROUP FOR SECURITY,+966569805899,https://www.g4s.com/en-sa,"JEDDAH, JEDDAH, SAUDI ARABIA"
AlMalath Al Arabia Co.,ALMALATH AL ARABIA COMPANY,+966114002031,https://www.almalath.com/en/,"ANAS BIN MALIK, GROUND, RIYADH, SAUDI ARABIA"
ALMUSANADA FOR PUBLIC SERVICES COMPANY,ALMUSANADA FOR PUBLIC SERVICES COMPANY,+966551346143,https://almusanda-gs.com,"7419 HAEL ST ALBOHDADYA JEDDAH KSA, JEDDAH, SAUDI ARABIA"
ALNAFITHA INTERATIONAL,ALNAFITHA INFORMATION TECHNOLOGY,+966122349100,,"KING FAHAD ROAD, RIYADH, SAUDI ARABIA"
ALPHA DATA INFORMATION TECHNOLOGY COMPANY,ALPHA DATA INFORMATION TECHNOLOGY COMPANY,+966546238204,https://www.alphadata.sa,"AL EHSAA 7101 3074 BUILDING 3887 SECONDARY NO 6391, RIYADH, SAUDI ARABIA"
ALPHA DIGITAL COMPANY,ALPHA DIGITAL COMPANY,+966543434343,https://www.alphadigital.sa,"2253 ALURUBAH ROAD, RIYADH, SAUDI ARABIA"
ALPHA DIMENSIONS COMPANY,ALPHA DIMENSIONS COMPANY,+966571700001,https://www.alphaevent.com.sa,"SAUDI ARABIA - RIYADH - ALSULAIMANIYAH - PRINCE MUHAMMAD IBN ABDULAZIZ, RIYADH, SAUDI ARABIA"
ALRAKEEN,ALRAKEEN,508873555,https://alrakeen.sa,"2858 MAKKAH MUKAROMAH ROAD OLAYA DIST 12221 RIYADH, RIYADH, SAUDI ARABIA"
AlRammah International Telecom and IT Services RITIS,ALRAMMAH INTERNATIONAL TELECOM AND IT SERVICES RITIS,+966138961700,https://goritis.com,"AL MOUSA TRADING CENTER 1ST FLOOR BLOCK C ST13 YAR, AL KHUBAR, SAUDI ARABIA"
ALRAYAH NETWORK Co.,ALRAYAH NETWORK COMPANY,+966138337049,https://www.alrayahnetwork.com,"2944 KING ABDULAZIZ STREET, AD DAMMAM, SAUDI ARABIA"
ALSAHABAT ALTASIAH L COMPANY FOR CONNECTIONS W TKNYT ALMLUMAT SHRKT SHKHS WAHID,ALSAHABAT ALTASIAH L COMPANY FOR CONNECTIONS W TKNYT ALMLUMAT SHRKT SHKHS WAHID,+966115121746,https://www.cloud9.com.sa,"4034 AL-HUSSEIN BIN ALI - AL-MASIF DISTRICT RIYADH, RIYADH, SAUDI ARABIA"
ALTAKAMUL NATIONAL INFORMATION TECHNOLOGY,ALTAKAMUL NATIONAL INFORMATION TECHNOLOGY,+966126446645,https://altakamultech.com.sa,"PO BOX 15420 JEDDAH 21444 KINGDOM OF SAUDI ARABIA, JEDDAH, SAUDI ARABIA"
Altamam United Co,ALTAMAM UNITED COMPANY,+966555450307,https://tuc.com.sa,"11345 RIYADH, RIYADH, SAUDI ARABIA"
ALZAHRAA ALMASRYAH ALWALAA,ALZAHRAA ALMASRYAH ALWALAA,592834307,https://ecca-group.com/,"12233-4264 IBN KATHEER ST AL SULAYMANIYAH DISTRICT RIYADH, BUILDING NO7783, RIYADH, SAUDI ARABIA"
AMAL CADY ESTABLISHMENT FOR COMMUNICATION AND INFORMATION TECHNOLOGY,AMAL CADY ESTABLISHMENT FOR COMMUNICATION AND INFORMATION TECHNOLOGY,+966594869818,https://actitsolutions.com,"IBN KATHEER STREET, BUILDING 7199, RIYADH, SAUDI ARABIA"
AMALOGY FOR INFORMATION TECHNOLOGY,AMALOGY FOR INFORMATION TECHNOLOGY,+966580320022,https://pif.gov.sa,"SALAH AL DIN AL AYOUBI ROAD, RIYADH, SAUDI ARABIA"
AMAN SOLUTIONS FOR CYBERSECURITY,AMAN SOLUTIONS FOR CYBERSECURITY,+966115122919,https://www.aman.com.sa/,"3549 AL URUBAH ROAD, RIYADH, SAUDI ARABIA"
Anazeem information technology,ANAZEEM INFORMATION TECHNOLOGY COMPANY LTD,+966545554405,https://www.anazeem.com,"RIYADH-OTHMAN BIN AFFAN ROAD, AL TAWUN DISTRICT, AL TAWUN COMMERCIAL BUILDING, FLOOR # 1 OFFICE # 12, RIYADH, SAUDI ARABIA"
ANINE SOLUTIONS COMPANY,ANINE SOLUTIONS COMPANY,545357770,https://a9it.com,"RCRB6327, RIYADH, SAUDI ARABIA"
ANKAR ALMUTATAWIRA COMPANY FOR TELECOMMUNICATIONS,ANKAR ALMUTATAWIRA COMPANY FOR TELECOMMUNICATIONS,+966115126789,https://www.anchoreg.com,"Al aflaj  St AL-SUWAIDI 125 UNIT A1-B1, RIYADH, SAUDI ARABIA"
Anmat Tech,ANMAT TECH,+966112221177,,"Riyadh, King Fahad Road , Olaya Avenue Building, 2nd Floor. #Office 4023, Riyadh, SAUDI ARABIA"
ARAB SPECIFICATIONS COMPANY FOR INFORMATION TECHNOLOGY,ARAB SPECIFICATIONS COMPANY FOR INFORMATION TECHNOLOGY,+966133476663,https://www.arabspec.com,"EBRAHIM RADWAN STREET, BUILDING 7577, JEDDAH, SAUDI ARABIA"
Arabian for science and Technology ASTC,ARABIAN FOR SCIENCE AND TECHNOLOGY ASTC,0096655666543,https://www.astc.com.sa,"8101 OTHMAN BIN AFFAN ROAD, KING ABDUL, RIYADH, SAUDI ARABIA"
"Arabian Information Technology Co, -ARCOM","Arabian Information Technology Co, -ARCOM",+966114508243,https://www.arcom.com.sa,"88 ABIDUJANA STREET ALMURSALAT, RIYADH, SAUDI ARABIA"
Arabian Networking Systems (ANS),ARABIAN NETWORKING SYSTEMS,+966138941048,https://www.ans.com.sa,"1ST, CROSS PRINCE ABDULLAH STREET, AL KHOBAR, SAUDI ARABIA"
ARDENON,ARDENON,+966566565661,https://www.ardenon.com,"PRINCE SULTAN STREET, LINK BUILDING OFFICE A1, JEDDAH, SAUDI ARABIA"
ARKAN ALKHALEEJ,ARKAN ALKHALEEJ,+966557878315,https://info@arkanalkhaleej.com.sa,"5031 KING ABDULAZIZ ROAD, AL SULAYMANIYAH, RIYADH, SAUDI ARABIA"
Arkan Almustaqbal for Telecomunication,ARKAN ALMUSTAQBAL FOR TELECOMUNICATION,+966138685418,https://www.arkantel.net,"OFFICE # 403 , 4TH FLOOR CLOCK TOWER KING KHALID STREET, AL NAKHIL AREA, AD DAMMAM, SAUDI ARABIA"
ARKANPRO COMPANY,ARKANPRO COMPANY,920021241,https://arkanpro.com.sa,"ALFAYHA DIST ALMASSJID RD35811, AL JUBAIL, SAUDI ARABIA"
Arma International for Information Technology,ARMA INTERNATIONAL FOR INFORMATION TECHNOLOGY,+966544784696,https://arma-technology.com.sa,"JEDDAH, MOHAMMADIYAH, PRINCE SULTAN ROAD, SHAKER CENTER, 3RD FLOOR OFFICE 10, JEDDAH, SAUDI ARABIA"
ARMOR INTEGRATED SECURITY COMPANY,ARMOR INTEGRATED SECURITY COMPANY,+966112242405,https://aisco.com.sa/,"ABDULAZIZ AL-ARIFI RAOD, RABIE DISTRICT, RIYADH, SAUDI ARABIA"
ARTKOM TRADING COMPANY,ARTKOM TRADING COMPANY,+966505566611,https://www.artkom.com,"RIYADH, OLAYA ST, RIYADH, SAUDI ARABIA"
Asari Trading and Contracting Est.,ASARI TRADING AND CONTRACTING EST,+966112882572,https://www.asariest.com,"OLAYA COMPUTER MARKET, RIYADH, SAUDI ARABIA"
ASPIRE TECHNOLOGIES,ASPIRE TECHNOLOGIES,+966114004343,https://www.aspiretechno.com,"PO BOX 2143, RIYADH, SAUDI ARABIA"
ASPIRING TECHNOLOGIES COMPANY LTD,ASPIRING TECHNOLOGIES COMPANY LTD,+966126501846,https://www.atclarabia.com,"JEDDAH SA, JEDDAH, SAUDI ARABIA"
AT&T,AT&T SAUDI ARABIA,441189168608,https://www.corp.att.com,"RIYADH MALLAZ, RIYADH, SAUDI ARABIA"
Atheeb Integrated Solutions Company for Technologies,Atheeb Integrated Solutions Company for Technologies,+966114622335,https://www.aisc-sa.com/,"2F CIRCON BUILDING OLAYA ROAD, PO BOX 54668 RIYADH 11524, SAUDI ARABIA"
ATHEER AL ATAA COMPANY LTD,ATHEER AL ATAA COMPANY LTD,+966543274411,https://www.atheerco.com,"6841 LFAROOQ DIST, REQA6842, RIYADH, SAUDI ARABIA"
ATLAS AL MUSTAKBAL FOR TELECOMMUNICATION AND INFORMATION TECHNOLOGY,ATLAS AL MUSTAKBAL FOR TELECOMMUNICATION AND INFORMATION TECHNOLOGY,+966500974930,https://atlasgroupone.com,"2450 AL-RAYYAD, 12314-6789, RIYADH, SAUDI ARABIA"
ATRIA SOLUTIONS ARABIA LTD,ATRIA SOLUTIONS ARABIA LTD,+966920034166,https://atria.sa,"8974 WADI AL THUMAMAH, RIYADH, SAUDI ARABIA"
AUTOMATION SYSTEM SOLUTIONS & MAINTENANCE ESTABLISHMENT,AUTOMATION SYSTEM SOLUTIONS & MAINTENANCE ESTABLISHMENT,+966126172686,https://www.assmsa.com,"1ST FLOOR AL-NAFJAN BUILDING SITEEN KING FAHAD STR, JEDDAH, SAUDI ARABIA"
AVVALE LTD.,AVVALE LTD.,+966112753060,https://www.techedgegroup.com,"3485 AL AMIR SULTAN IBN ABDUL AZIZ STREET, AL OLAYA DISTRICT, NOOR BUILDING, OFFICE 18, RIYADH, SAUDI ARABIA"
Awaam,Awaam,+966504313671,https://haj.gov.sa,"KING FAHAD STREET, JEDDAH, SAUDI ARABIA"
Axelerated Solutions,AXELERATED SOLUTIONS,+966112845700,https://www.axs-sa.com,"8498 KING FAHD ROAD, FLOOR 5, RIYADH, SAUDI ARABIA"
Axis Supplies Trading Est,AXIS SUPPLIES TRADING EST,+966112166684,https://axessup.com,"OLAYA COMPUTER MARKET - PO BOX 8881 RIYADH 11492 -, RIYADH, SAUDI ARABIA"
AXIS Systems Information Technology Co.,AXIS SYSTEMS INFORMATION TECHNOLOGY COMPANY,+966138653750,https://www.axisitsystems.com,"PRINCE NAYEF BIN ABDULAZIZ STREET, AL KHUBAR, SAUDI ARABIA"
Ayser Kayal Trading Est,AYSER KAYAL TRADING EST,+966126395255,https://www.kaylest.com,"JEDDAH - AL RAWDA, JEDDAH, SAUDI ARABIA"
Azeemi Technologies Private Limited,Azeemi Technologies Private Limited,+966112174445,https://azeemi-tech.com,"BUILDING NO 4470 AL JAROUDIA AL DHUBBAT DIST, RIYADH, SAUDI ARABIA"
BANDWIDTH TELECOMMUNICATIONS COMPANY,Bandwidth Telecommunications Company,+966920009606,https://www.b-telco.sa,"2075 Northern Ring Road, Al Ezdihar District, Riyadh, SAUDI ARABIA"
BARMAJIAT FOR COMMUNICATIONS AND INFORMATION TECHNOLOGY,BARMAJIAT FOR COMMUNICATIONS AND INFORMATION TECHNOLOGY,+966555150660,https://www.prmgiat.com,"4263 RIYADH 58883-7175, RIYADH, SAUDI ARABIA"
Barq Systems,BARQ SYSTEMS,+966114645664,https://www.barqsystems.com,"BADER CENTER TAHLIA STREET, JEDDAH, SAUDI ARABIA"
Barq Technology EST,BARQ TECHNOLOGY EST,+966114532168,https://www.barq-tech.com,"6839 AL ULAYA KING FAHD DIST, RIYADH, SAUDI ARABIA"
Bashaer Al Binaa Contracting Co.,BASHAER AL BINAA CONTRACTING COMPANY,,http://www.bashaersa.com,"YARMOUK - EXIT9, RIYADH, SAUDI ARABIA"
BASMAT AL MAHER TRADING ESTABLISHMENT,BASMAT AL MAHER TRADING ESTABLISHMENT,+966536458188,,"KING ABDULAZIZ ROAD, NAJRAN, SAUDI ARABIA"
BAUD TELECOM COMPANY,Baud Telcom Company,+966126918787,https://www.btc.com.sa,"Prince Majed Street, P. O. Box: 6045, Jeddah, SAUDI ARABIA"
Bayt Al Ejada for Trading and Technology Co.,BAYT AL EJADA FOR TRADING AND TECHNOLOGY COMPANY,+966112441884,https://mhtt.sa/,"7775 KING FAHD RD AL OLAYA 2970 RIYADH 12212, RIYADH, SAUDI ARABIA"
Bayt al Ma'lumat al 'Arabiyyah For Information Technology,BAYT AL MA'LUMAT AL 'ARABIYYAH FOR INFORMATION TECHNOLOGY,0966502619610,https://www.btech.com.sa/,"AL MORBI, RIYADH, RIYADH, SAUDI ARABIA"
BDTECH SOLUTION,BDTECH SOLUTION,+966543599737,https://www.bdtech-solutions.com,"BLDG 7425 AL OLAYA STREET DIST AL WOROUD, RIYADH, SAUDI ARABIA"
Beacon tracks,BEACON TRACKS,+966138646866,http://beacontracks.com/,"KHOBAR, KHOBAR, AL KHUBAR, SAUDI ARABIA"
BEGINNING SOLUTIONS IT,BEGINNING SOLUTIONS IT,+966114622282,https://www.beginsols.com,"PO BOX 22159, RIYADH, SAUDI ARABIA"
Best Solutions For ICT,BEST SOLUTIONS FOR ICT,+966554336697,http://www.bsoln.com,"BUILDING NO 3177 ANAS IBN MALIK DISTRICT AL MALQA ,RIYADH SAUDI ARABIA, RIYADH, SAUDI ARABIA"
BETT AL-ANZAMA AL-RAQMI,BETT AL-ANZAMA AL-RAQMI,+966114609080,https://www.dtera.com,"3654 AL-UROOBA ROAD AL-WOROUD DISTRICT, BUILDING NO, RIYADH, SAUDI ARABIA"
BINARY HORIZON INFORMATION SYSTEMS TECHNOLOGY COMPANY,BINARY HORIZON INFORMATION SYSTEMS TECHNOLOGY COMPANY,+966500747097,https://www.binaryhz.com,"OFFICE # 304, 3RD FLOOR,AL JAZEERA BUILDING, CUSTODIAN OF THE TWO HOLY MOSQUES RD, ST PO BOX 3208 A, AL KHUBAR, SAUDI ARABIA"
BIRONEX HOLDING COMPANY,BIRONEX HOLDING COMPANY,+966569298622,https://bironexholding.com/,"OLYA STREET, RIYADH, SAUDI ARABIA"
BIT CLOUD,BIT CLOUD,0562086919,,"RIYADH - OLAYA 3074 STREET PRINCE MOHAMED IBN ABDU, RIYADH, SAUDI ARABIA"
BITS-BINARY INFORMATION TECHNOLOGY,BITS-BINARY INFORMATION TECHNOLOGY,+966126535553,https://www.bitsarabia.com,"Suite 103, Block E9. EMAAR Square, King Abdullah Road, JEDDAH, SAUDI ARABIA"
blaather,BLAATHER CO,+966114617153,http://www.blaather.com/pages/default.aspx,"AL SULAYMANIAH, RIYADH, SAUDI ARABIA"
BLUE EDGE COMMUNICATIONS AND INFORMATION TECHNOLOGY,BLUE EDGE COMMUNICATIONS AND INFORMATION TECHNOLOGY,+966535066362,https://www.b-edgetech.com,"PRINCE MUHAMMED BIMN FAHD STREET, AD DAMMAM, SAUDI ARABIA"
BLUE HORIZON ICT,BLUE HORIZON ICT,+966508883708,https://www.bluehorizon.com.sa,"AL ARID DISTRICT, KING ABDULAZIZ ROAD, RIYADH, SAUDI ARABIA"
Blue Networks co.,Blue Networks co.,+966551280555,https://www.bluenetworks-sa.com,"GOLDEN TERRACE GENERAL ESTABLISHMENT - GTE, RIYADH, SAUDI ARABIA"
BLUECHIP ADVANCED COMMUNICATION AND INFORMATION TECHNOLOGY COMPANY,BLUECHIP ADVANCED COMMUNICATION AND INFORMATION TECHNOLOGY COMPANY,+966506736544,https://bing.com,"STREET ABDULLAH BIN SAUD ISHBILIYAH RIYADH 13217 8, RIYADH, SAUDI ARABIA"
BMB SAUDI ARABIA LTD,BMB SAUDI ARABIA LTD,96612005813,http://www.bmbgroup.com,"SHAHD INVESTMENT CENTER OFFICE #6, RIYADH, SAUDI ARABIA"
BOUABAT AL SAMA FOR INFORMATION TECHNOLOGY,BOUABAT AL SAMA FOR INFORMATION TECHNOLOGY,+966541499909,https://www.skygates.sa,"23446 KING FAHAD BRANCH ROAD AR RABWA DIST JEDDAH, JEDDAH, SAUDI ARABIA"
BRANCH OF COMPUROOTS NETWORKS AND INFORMATION TECHNOLOGY COMPANY,BRANCH OF COMPUROOTS NETWORKS AND INFORMATION TECHNOLOGY COMPANY,+966561632922,https://compuroots.com/,"AL NADA DISTRICT, RIYADH, RIYADH, SAUDI ARABIA"
Branch of Waseela for Technology,BRANCH OF WASEELA FOR TECHNOLOGY,+966545267535,https://www.waseela.com,"OLAYA STREET, RIYADH, SAUDI ARABIA"
BRANCH OF X A V EXPERTS AUDIO VISUAL EQUIPMENT & ACCESSORIES TRADING & INSTALLATION,BRANCH OF X A V EXPERTS AUDIO VISUAL EQUIPMENT & ACCESSORIES TRADING & INSTALLATION,+966547625863,https://www.av-xperts.com,"PRINCE TURKI ABDULAZIZ AL AWWAL RIYADH AR RIYAD, RIYADH, SAUDI ARABIA"
BRIGHT FIBER,BRIGHT FIBER,+966554225752,https://www.brightfiber.co,"DAMMAM, ALMANAR DIST ABDULRAHMAN IBN AOUF, AD DAMMAM, SAUDI ARABIA"
BRIGHT GATE COMPANY,BRIGHT GATE COMPANY,+966545464009,https://www.brightgates.com,"GHIRNATAH DISTRICT DAMMAM BRANCH STREET, BUILDING 3329, RIYADH, SAUDI ARABIA"
Business City LLC,Business City LLC,+966112531555,https://bc.com.sa,"QP955W6 IMAM SAUD BIN ABDULAZIZ BIN MOHAMMED RD AT, RIYADH, SAUDI ARABIA"
BUSINESS MANAGEMENT COMPANY LTD BMC,BUSINESS MANAGEMENT COMPANY LTD BMC,+966114790689,https://www.bmc.com.sa,"IHSAA STREET, RIYADH, SAUDI ARABIA"
BUSINESS SPACE COMPANY LTD,BUSINESS SPACE COMPANY LTD,+966538079368,https://bsnspace.com,"PRINCE MAMDOUH IBN ABDULAZIZ STREET, AL SULIMANIYAH DIST, RIYADH, SAUDI ARABIA"
BYTE GUARD,BYTE GUARD,+966564262164,https://www.bgtecsa.com/,"JEDDAH - AL NAHDA DIST - AL SAFA ST, JEDDAH, SAUDI ARABIA"
CADEN TELECOM,CADEN TELECOM,+966500473730,https://www.cadentel.com,"RIYADH, RIYADH, SAUDI ARABIA"
CAPITAL INFORMATION TECHNOLOGY SYSTEM EST.,CAPITAL INFORMATION TECHNOLOGY SYSTEM EST.,+966546661089,https://www.capital.net.sa,"AL-KHOBAR PRINCE BADAR STREET, AL KHOBAR, SAUDI ARABIA"
CCDS,CCDS,+966112388882,https://www.ccds.ws,"ALRABEA TOWER, RIYADH, SAUDI ARABIA"
Cegelec Network & Security Systems,CEGELEC NETWORK & SECURITY SYSTEMS,+966569968805,https://www.axians.com/,"SUMU TOWER 4TH FLOOR-PRINCE TURKY STREET AL YARMOUK, AL KHUBAR, SAUDI ARABIA"
Cipher Company for Cybersecurity,CIPHER COMPANY FOR CYBERSECURITY,+966112423333,https://cipher.com.sa,"BUSINESS GATE, RIYADH, SAUDI ARABIA"
CIRROBITFORT COMPANY,CIRROBITFORT COMPANY,+966550868027,https://www.cirrobitfort.com,"KINGDOM TOWER 28TH FLOOR KING FAHAD ROAD OLAYA RIY, RIYADH, SAUDI ARABIA"
CITY NETWORKS,CITY NETWORKS,+966112922250,https://shabakath.com,"2C AL DANA CENTER, MALAH, SAUDI ARABIA"
Clarity Of Vision Information Technology,CLARITY OF VISION INFORMATION TECHNOLOGY,+966112013530,https://cov.sa,"AL ULAYA STREET, RIYADH, SAUDI ARABIA"
Clear Vision,Clear Vision,+966535397995,https://www.clearvision.com.sa,"PRINCE SULTAN, WITH, AL-MAATHER AL-SHAMALI, RIYADH, SAUDI ARABIA"
clever solutions for communication co,clever solutions for communication co,+966112224999,https://www.cleversolutions.sa/,"8918 OTHMAN BIN AFFAN - AL WAHAH DISTUNIT NO 203 R, RIYADH, SAUDI ARABIA"
CLOUDMATES,CLOUDMATES,+966556516766,https://www.cloudmates.me/,"7273 AL SULAYMANIYAH DISTRICT, RIYADH, SAUDI ARABIA"
ComCrafts,COMCRAFTS,+966126612305,https://comcrafts.net/,"PO BOX 11020, JEDDAH, SAUDI ARABIA"
COMLAB COMPANY FOR INFORMATION TECHNOLOGY,COMLAB COMPANY FOR INFORMATION TECHNOLOGY,+966126570150,https://www.comlabtech.com,"KALED BIN WALEED, AL SHARAFIYAH DIST, JEDDAH, SAUDI ARABIA"
COMPANY AFAQ DIGITAL INFRASTRUCTURE,COMPANY AFAQ DIGITAL INFRASTRUCTURE,+966594197929,https://adi.sa/,"AL BIHAR ST - KING SALMAN DISTRICT, RIYADH, SAUDI ARABIA"
COMPANY AJNIHAT ALNAJAH,COMPANY AJNIHAT ALNAJAH,577861815,https://www.alnajahksa.com/,"7505 AL OLAYA 2222 AL OLAYA DIST, RIYADH, SAUDI ARABIA"
COMPANY AL MAJAL LAKHDHAR FOR CYBER SECURITY,COMPANY AL MAJAL LAKHDHAR FOR CYBER SECURITY,+966535483097,https://www.greenzone.tech,"2975 PRINCE AHMAD IBN ABDULAZIZ, RIYADH, SAUDI ARABIA"
COMPANY AL MENTAQA ALTHAMNEH FOR COMMUNICATIONS AND INFORMATION TECHNOLOGY,COMPANY AL MENTAQA ALTHAMNEH FOR COMMUNICATIONS AND INFORMATION TECHNOLOGY,0555672433,https://oktazone.com,"12333 RIYADH, RIYADH, SAUDI ARABIA"
COMPANY ALMOAYED ALAALAMIA ALKHASSA LTD,COMPANY ALMOAYED ALAALAMIA ALKHASSA LTD,+966509687089,https://www.almoayedgroup.com/,"7446 AL-KHABR, 34441-4456, AL KHUBAR, SAUDI ARABIA"
COMPANY ASIAR FOR COMMUNICATIONS AND INFORMATION TECHNOLOGY,COMPANY ASIAR FOR COMMUNICATIONS AND INFORMATION TECHNOLOGY,+966560560222,https://www.asyar.com,"7563 PRINCE MOHAMMED IBN SAAD ROAD, ALMALQA DI, RIYADH, SAUDI ARABIA"
COMPANY BARMAJIAT ARAB FOR INFORMATION TECHNOLOGY,COMPANY BARMAJIAT ARAB FOR INFORMATION TECHNOLOGY,+966507003739,https://arabprog.sa/,"PRINCE MUHAMMED IBN ABDULAZIZ BRANCH, JEDDAH, SAUDI ARABIA"
COMPANY FADAA AL WASEA FOR COMMUNICATIONS AND INFORMATION TECHNOLOGY,COMPANY FADAA AL WASEA FOR COMMUNICATIONS AND INFORMATION TECHNOLOGY,+966549014666,https://WWW.Octa-s.com,"AZIZIYA BUSSINESS CENTER AL AMN AL AM STREET, JEDDAH, SAUDI ARABIA"
COMPANY FUTURE TECHTRENDZ,COMPANY FUTURE TECHTRENDZ,0535398660,https://www.techstrendz.com/,"KING FAISAL BIN ABDULAZIZ AL SAUD ROAD, RIYADH, SAUDI ARABIA"
Company Nabdah For Information Technology,COMPANY NABDAH FOR INFORMATION TECHNOLOGY,+966115122025,https://nabda.com.sa,"RIYADH, RIYADH, SAUDI ARABIA"
COMPANY NUMO HIGHER TRAINING,COMPANY NUMO HIGHER TRAINING,+966551040265,https://www.numo.sa,"DAR DINAR STREET, RIYADH, SAUDI ARABIA"
COMPANY RATTAM AL SHARQ LATSALAT WATGINEE MAALOUMAT,COMPANY RATTAM AL SHARQ LATSALAT WATGINEE MAALOUMAT,+966114006390,https://www.retaam.com,"7003 AL-RAYYAD, RIYADH, SAUDI ARABIA"
COMPANY SAHABEH SHABKAT FOR INFORMATION TECHNOLOGY,COMPANY SAHABEH SHABKAT FOR INFORMATION TECHNOLOGY,+966593208700,https://cloudnts.com/,"3599 AL OLAYA DIST, RIYADH, SAUDI ARABIA"
COMPANY SQUARE INCH,COMPANY SQUARE INCH,+966534716496,https://www.forgetech.sa,"ABBAS IBN SIDDIQ, AL REHAB, JEDDAH, SAUDI ARABIA"
Computer and Software Commercial Center Company,COMPUTER AND SOFTWARE COMMERCIAL CENTER COMPANY,+966558833033,https://www.compusoftme.com,"Khaldiya, King Abdulaziz Road, Port Gate Bldg., Gate 2, 2nd Floor, Office 45, AD DAMMAM, SAUDI ARABIA"
COMPUTER DIAGNOSTIC CENTER,COMPUTER GENERATIONS,+966126516639,https://www.cdc-sa.com,"JEDDAH AL-SHARAFIEAH, JEDDAH, SAUDI ARABIA"
Computer World International Co. LTD W.L.L.,COMPUTER WORLD INTERNATIONAL COMPANY LTD WLL,+966138454130,https://www.cwbah.com/ksa/,"20 AL HUGAYAT TOWER, AL KHOBAR, SAUDI ARABIA"
Consolidated Telecoms,CONSOLIDATED TELECOMS,+966122619667,https://www.ctelecoms.com.sa,"MUHAMMED BIN ABDULAZIZ STREET, JEDDAH, SAUDI ARABIA"
CONSTRUCTIVE SOLUTIONS ESTABLISHMENT,CONSTRUCTIVE SOLUTIONS ESTABLISHMENT,+966545765499,https://www.consolcit.com.sa,"UM ALMUMENEEN HABEEBAH STREET, JEDDAH, SAUDI ARABIA"
CONTINUOUS INFORMATION TECHNOLOGY SUPPORT-CITS,CONTINUOUS INFORMATION TECHNOLOGY SUPPORT-CITS,+966544048271,https://cits.sa,"SOUDAH BINT ZAMAAH STREET, KING FAISAL, RIYADH, RIYADH, SAUDI ARABIA"
CONTROL FIELD FOR INFORMATION TECNOLOGY,CONTROL FIELD FOR INFORMATION TECNOLOGY,554527626,https://www.controlfield.sa,"ABDULLAH BN KHAMIS , AL-SAHAFA DIS RIYADH, RASA3065, RIYADH, SAUDI ARABIA"
CONVERGED GENERATION COMMUNICATIONS COMPANY CGC,CONVERGED GENERATION COMMUNICATIONS COMPANY CGC,+966112939680,https://www.cgc-sa.com,"KING ABDEL AZIZ STREET INTERSECT WITH UROUBEH STREET, RIYADH, SAUDI ARABIA"
Convergent Technology Est.,CONVERGENT TECHNOLOGY EST,+96638479333,https://www.ctechsa.com,"DELMON TOWER, PRINCE SULTAN STREET, KHOBAR, SAUDI ARABIA"
CONVERGINT INFORMATION TECHNOLOGY COMPANY LLC,CONVERGINT INFORMATION TECHNOLOGY COMPANY LLC,+966114722259,https://www.convergint.com/,"3465 PRINCE MOHAMMED IBN SALMAN IBN ABDULAZIZ ROAD, RIYADH, SAUDI ARABIA"
Counterpoint for Telecom and IT Co (CPTIT),Counterpoint for Telecom and IT Co (CPTIT),+966562894585,https://www.cpt-it.com,"NORTHERN RING ROAD, RIYADH, SAUDI ARABIA"
CRYSTAL INTERNATIONAL TECHNOLOGY COMPANY,CRYSTAL INTERNATIONAL TECHNOLOGY COMPANY,+966114856237,https://www.crystaltech.sa,"2599 NORTHERN RING ROAD AL TAAWUN DISTRICT TAAWUN HILLS, 12477, RIYADH, SAUDI ARABIA"
Crystal Networks Saudi Arabia Ltd.,Crystal Networks Saudi Arabia Ltd.,+966501177611,https://www.crystalnetworks.me,"OFFICE 101, KHAYAT CENTER, JEDDAH, SAUDI ARABIA"
CRYSTAL TECHNOLOGY SOLUTIONS,CRYSTAL TECHNOLOGY SOLUTIONS,+966590021240,https://www.crystaltech-mea.com,"13342 ABI AL QASIM ABDULRAHEEM AL ARID DISTRICT, RIYADH, SAUDI ARABIA"
Cubit Technologies Co Ltd,Cubit Technologies Co Ltd,+966542849949,https://cubittechnologies.com,"OLAYA STREET, RIYADH, SAUDI ARABIA"
CXP,CXP,+966565654326,https://home.cxp.sa,"7036 SAIYDA, 2487, RIYADH, SAUDI ARABIA"
CYBER INFRASTRUCTURE SOLUTIONS,CYBER INFRASTRUCTURE SOLUTIONS,+966504676862,https://www.cisinfosec.com,"ABDULLAH BIN HANI STREET, JEDDAH, SAUDI ARABIA"
CYBERSHELTER INFOSEC SOLUTIONS,CYBERSHELTER INFOSEC SOLUTIONS,+966592480019,https://www.cybershelter.com,"7783 IBN KATHEER STREET, RIYADH, SAUDI ARABIA"
DALIL INFORMATION TECHNOLOGY COMPANY,DALIL INFORMATION TECHNOLOGY COMPANY,+966537111447,https://daliltech.sa,"OSUS TOWER, KING SALMAN RIYADH KSA, RIYADH, SAUDI ARABIA"
DAM ALHOLOOL,DAM ALHOLOOL,+966556689265,https://www.que.com.sa,"6556 AL THOUMAMAH ROAD, RIYADH, SAUDI ARABIA"
DAMAN SECIALAIZE CONTRACTING,DAMAN SECIALAIZE CONTRACTING,+966564805424,https://www.damanc.com,"8090 KING FAHAD BRANCH, RIYADH, SAUDI ARABIA"
Danat Business for Information Technology,DANAT BUSINESS FOR INFORMATION TECHNOLOGY,+966500127951,https://www.danatksa.com,"JEDDAH, JEDDAH, JEDDAH, SAUDI ARABIA"
Dar Alkenani Company,Dar Alkenani Company,+966564313604,https://www.daralkenani.co,"-4 OFFICE, BUILDING 7234, RIYADH, SAUDI ARABIA"
Dar beta Information Technology,DAR BETA INFORMATION TECHNOLOGY,+966112006066,https://www.betait.net,"AL IMAM SAUD STREET, AL HAYAT CENTER, BUILDING A, 2ND FLOOR, RIYADH, SAUDI ARABIA"
DAR DELTA for Information Technology,DAR DELTA for Information Technology,+966544975429,,"AL, NAJAH STREET, AL MUNSIYAH, RIYADH, RIYADH, SAUDI ARABIA"
DAR SAS SECURITY SERVICES COMPANY,DAR SAS SECURITY SERVICES COMPANY,0115089854,https://darsas.sa/,"AL-MURABBA, RIYADH, RIYADH, SAUDI ARABIA"
DATA CONSULT SAUDI,DATA CONSULT SAUDI,+966112465644,http://www.dcgroup.com,"312 OLAYA STREET, Office 312, Olaya St, RIYADH, SAUDI ARABIA"
DATA LIVE ESTABLISHMENT FOR GENERAL CONTRACTING,DATA LIVE ESTABLISHMENT FOR GENERAL CONTRACTING,+966582070077,https://www.datalivesa.com,"KING FAHAD ROAD, BUILDING 6986 , JEDDAH, SAUDI ARABIA"
Data Logic Establishment,Data Logic Establishment,+966595535919,https://www.data-logic.net,"AR RABWAH DIST, 4411, RIYADH, SAUDI ARABIA"
Data Minds,DATA MINDS,+966115118015,http://dataminds.com.sa/,"GRENADA BUSINESS PARK TOWER A4, 12TH FLOOREAST RING ROAD PO BOX 100211 , RIYADH 11635, RIYADH, SAUDI ARABIA"
DATA SLOT LIMITED,DATA SLOT LIMITED,+966549750195,https://www.dataslot.net,"3774 KING FAHAD BRANCH SECONDARY NO, RHOA8592, RIYADH, SAUDI ARABIA"
DataLink Leaders Foundation for IT,DataLink Leaders Foundation for IT,+966547981074,https://www.datalinkleaders.com,"MUSA IBN NASIR STREET, RIYADH, SAUDI ARABIA"
DATAPLUS NETWORK SOLUTIONS,DATAPLUS NETWORK SOLUTIONS,+966504267486,https://dataplus.com.sa/,"AL QURTABI STREET, RIYADH, SAUDI ARABIA"
DATAWIDE,DATAWIDE,+966112121346,https://www.data-wide.com,"DATAWIDE 5TH FLOOR AL MADAR TOWER OLAYA DISTRICT O, RIYADH, SAUDI ARABIA"
DB SYSTEMS INC,DB SYSTEMS,+966114779019,https://dbisys.com,"MALAZ, RIYADH, SAUDI ARABIA"
DELTA LINE INTERNATIONAL,DELTA LINE INTERNATIONAL,+966114603028,https://deltaline-it.com/,"TAHLEYAH STREET, RIYADH, SAUDI ARABIA"
DEPTH DEFENSE FOR CYBERSECURITY,DEPTH DEFENSE FOR CYBERSECURITY,+966539006060,https://depthdefense.com/,"KHALID AL HAKIM ROAD, AR RABWAH DIST, RIYADH, KINGDOM OF SAUDI ARABIA, RIYADH, SAUDI ARABIA"
Detecon Al Saudia Co. Ltd.,DETECON AL SAUDIA COMPANY LTD,+966114558385,https://www.detasad.com,"3314 IMAM ABDULLAH IBN SAUD IBN ABDULAZIZ ROAD, EXIT 9, RIYADH, SAUDI ARABIA"
DEVISERSTECH ARABIA FOR INFORMATION AND TECHNOLOGY,DEVISERSTECH ARABIA FOR INFORMATION AND TECHNOLOGY,+966503321963,https://www.deviserstech.com,"GROUND FLOOR, BUILDING S4, ROSHN BUSINESS FRONT, AIRPORT ROAD, RIYADH, SAUDI ARABIA, RIYADH, SAUDI ARABIA"
Digital & Security Shield,DIGITAL & SECURITY SHIELD,+966546644447,,"7358 OLAYA STREET KING FAHD DISTRICT, RIYADH, SAUDI ARABIA"
Digital Business IT Systems Co,DIGITAL BUSINESS IT SYSTEMS CO,+966138340542,https://www.dbsmena.com,"DAMMAM-KHOBAR HIGHWAY, DAMMAM, SAUDI ARABIA"
Digital Future Vision,Digital Future Vision,0535990315,https://dfv-it.net,"ABI BAKR AL SIDDIQ ,ALNAFEL,RIYADH, RIYADH, SAUDI ARABIA"
DIGITAL HARBOR,DIGITAL HARBOR,+966547476000,https://digitalharbor.com.sa/,"PMR668H KING FAHD RIYADH 12262 SAUDIARABIEN, RIYADH, SAUDI ARABIA"
DIGITAL METHODS TRADING COMPANY,DIGITAL METHODS TRADING COMPANY,+966550050879,https://digimethods.com/,"6696 AL ASHOUR STREET 3748 AZ ZAHRA DIST JEDDAH 23, JEDDAH, SAUDI ARABIA"
Digital Networks For Communications Company,Digital Networks For Communications Company,+966538080609,https://stc.com.sa,"KING ABDULAZIZ BRANCH ROAD, BUILDING 8556, RIYADH, SAUDI ARABIA"
DIGITAL NETWORKS SUPPLIES FOR IT,DNSIT,+966556006616,https://www.dnsit-sa.com,"KING ABDULLAH ROAD, RIYADH, SAUDI ARABIA"
Digital Oasis Information Technology,DIGITAL OASIS INFORMATION TECHNOLOGY COMPANY,+966114500774,https://www.doitc.com.sa,"AL RAWDAH DISTRICT, RIYADH, SAUDI ARABIA"
DIGITAL PLAN LTD,DIGITAL PLAN LTD,+966535677583,https://www.digitalplan.tech,"6871 KING ABDULAZIZ RD 2516 ALYASMIN DIST 13322 RI, RIYADH, SAUDI ARABIA"
DIGITAL TEAM FOR COMMUNICATION AND INFORMATION TECHNOLOGY,DIGITAL TEAM FOR COMMUNICATION AND INFORMATION TECHNOLOGY,+966561000113,https://digitalteam-sa.com,"2191 NORTHERN RING RD AL EZDIHAR DIST RIYADH - KSA, RIYADH, SAUDI ARABIA"
DIGITALTRACK LIGHTS LLC,DIGITALTRACK LIGHTS LLC,+966533776545,https://www.digitaltracksaudi.com,"OFFICE 104, AL BABTAIN BLDG, 9073, AL ARFAJ, OLAYA, RIYADH, SAUDI ARABIA"
Dimension Data Saudi Arabia,DIMENSION DATA SAUDI ARABIA,+966112523099,https://www.dimensiondata.com,"RIYADH, RIYADH , RIYADH, SAUDI ARABIA"
Direct Solutions,DIRECT SOLUTIONS,,https://www.dsest.net,"6441 MAZROIYAH, AD DAMMAM, SAUDI ARABIA"
DIYAR MIDDLE EAST FOR INFORMATION TECHNOLOGY,DIYAR MIDDLE EAST FOR INFORMATION TECHNOLOGY,+966114650008,https://diyar.com,"KING ABDUL AZIZ ROAD, SULAIMANIYA AREA NEXT TO SAFWA HOSPITAL, RIYADH MAILING ADDRESS PO BOX 75056,, RIYADH, SAUDI ARABIA"
DNCO COMPANY,DNCO COMPANY,+966504489549,https://www.dosor-najed.com,"MOHAMMED BIN SALMAN IBN ABDULAZIZ, RIYADH, SAUDI ARABIA"
domain network,DNT,+966568474826,https://www.dnt.com.sa,"Al Harith bin Abd Manaf ST., Al Rawdah district, Khamis Mushait, SAUDI ARABIA"
DSST SPECILIZED COMPANY,DSST SPECILIZED COMPANY,+966595540409,https://www.dsst.global,"RIYADH SAUDI ARABIA, RIYADH, SAUDI ARABIA"
DYNAMIC SYSTEMS SOLUTIONS,DYNAMIC SYSTEMS SOLUTIONS,+966114622220,https://www.dsc.sa,"JUDE CENTER, OFFICE 27, RIYADH, SAUDI ARABIA"
e and enterprise,e and enterprise,+966542939288,https://www.eandenterprise.com,"RIYADH FRONT, RIYADH, SAUDI ARABIA"
E ENTERPRISES E2,E ENTERPRISES,+966114660152,https://www.e2sa.com,"503 ROSAIS BUILDING OLAYA ROAD, RIYADH, SAUDI ARABIA"
EBTTIKAR TECHNOLOGY COMPANY,EBTTIKAR TECHNOLOGY COMPANY,+966114162222,https://www.ebttikar.com,"SULAYMANIYAH PRINCE MASAAD BIN ABDULAZIZ ROAD, RIYADH, SAUDI ARABIA"
EchoServe,ECHOSERVE,+966126602283,https://www.echoserve.com.sa,"AL MADINA ROAD, OFFICE 309, JEDDAH, SAUDI ARABIA"
EDRAJ FOR IT,EDRAJ FOR IT,+966502220133,https://www.edraj.com.sa,"UTHMAAN BIN AFFAN ROAD, RIYADH, SAUDI ARABIA"
EFAD FOR IT COMPANY DISPATCH GLOBAL,EFAD FOR IT COMPANY DISPATCH GLOBAL,+966500035282,https://www.dispatchglobal.com,"GHARNATAH STREET ALZIZIYAH DIST, BUILDING 4320 OFFICE 26, JEDDAH, SAUDI ARABIA"
EJADA SYSTEM COMPANY LTD,EJADA SYSTEM COMPANY LTD,+966506221906,https://www.ejada.com,"206, Al Umam Commercial Building, Sitteen Street, RIYADH, SAUDI ARABIA"
Elite Horizon for Communications and Information Technology,ELITE HORIZON FOR COMMUNICATIONS AND INFORMATION TECHNOLOGY,+966126795849,https://elitehorizon-ict.com,"7139 ALHASN BIN ALZUBIR STREET, JEDDAH, SAUDI ARABIA"
Elite Ideas Est.,Elite Ideas Est.,+966126522996,https://www.eliteideas.net,"KING ABDULLAH ROAD SULTAN CENTER, OFFICE 206, JEDDAH, SAUDI ARABIA"
ELITE INTELLIGENCE COMPANY,ELITE INTELLIGENCE COMPANY,556066212,https://elite-grp.com,"RIYADH, RIYADH -KSA, RIYADH, SAUDI ARABIA"
EMAAR EXECUTIVE COMPANY EEC,EMAAR EXECUTIVE COMPANY EEC,+966920007366,https://www.eec-it.sa,"8052 King Abdul Aziz Branch Rd, Al Muruj, Riyadh 12284 4031 King Abdul Aziz Branch Rd, Al Muruj, Riyadh 12284 4031, RIYADH, SAUDI ARABIA"
EMDAD CCS,EMDAD CCS,+966920008124,https://www.emdadccs.com,"OTHMAN BIN AFFAN, RIYADH, SAUDI ARABIA"
EMDAD DIGITAL,EMDAD DIGITAL for Technology,+966538466681,https://www.edigital.sa,"King AbdulAziz, Al Nafel District, Riyadh 13312, RALA7707, 2125, RIYADH, SAUDI ARABIA"
emdad digital trading company,emdad digital trading company,+966551070909,https://emdad-digital.com/en/,"AL ULAYA AL WURUD DIST - 6403 - 301 RIYADH RIYADHA, RIYADH, SAUDI ARABIA"
Emdad Solutions for ICT,EMDAD SOLUTIONS FOR ICT COMPANY,+966599450150,https://emdad-digital.com,"YAQEEN CAPITAL, OLAYA STREET, RIYADH, SAUDI ARABIA"
Emerson Saudi Arabia LLC,Emerson Saudi Arabia LLC,+966138168788,https://www.emerson.com,"BUILDING NO 4713 DHAHRAN 31942 SAUDI ARABIA, DHAHBAN, SAUDI ARABIA"
Energy Projects support company,ENERGY PROJECT SUPPORT COMPANY,+966138979944,https://www.enpro.com.sa,"DHARAN STREET, AL KHOBAR, SAUDI ARABIA"
ENICAS COMPANY FOR TRADING,ENICAS COMPANY FOR TRADING,+966568111000,,"3172 NO 48 AL OLAYA, RIYADH, SAUDI ARABIA"
EPOCHAL SENSE FOR IT LLC,EPOCHAL SENSE FOR IT LLC,009662759291,https://www.esensesoftware.com,"GROUND FLOOR, UNIT 3, 7894 KING ABDUL AZIZ ROAD, AL GHADIR, OFFICE NO 3, RIYADH, SAUDI ARABIA"
ERA OF VISION TRADING COMPANY LLC,ERA OF VISION TRADING COMPANY LLC,+966590074613,https://eraofvision.com/,"2 ASH SHAMALIA AL KHOBAR PRINCE NAWAF STREET, AL KHUBAR, SAUDI ARABIA"
ESHRAQ AL JAZEERA TECHNOLOGIES,ESHRAQ AL JAZEERA TECHNOLOGIES,570968665,https://ejt.sa/,"AL MURABBA RIYADH 12612, RIYADH, SAUDI ARABIA"
ESNAD LETKNOULOUGIA MAALOUMAT,ESNAD LETKNOULOUGIA MAALOUMAT,+966114564371,https://protech-me.net,"KING ABDULAZIZ BRANCH ROAD, BUILDING NO8246, RIYADH, SAUDI ARABIA"
Essential Solution Communications Est,ESSENTIAL SOLUTION COMMUNICATIONS EST,+966590376833,https://www.essentialsolutions-sa.com,"7 UNIT NO, BUILDING 5407, JEDDAH, SAUDI ARABIA"
EST FADNI CONTRACTING SPECLIZED,EST FADNI CONTRACTING SPECLIZED,,https://fadnisp.com,"AL-NASEEM DISTRICT, RIYADH, SAUDI ARABIA"
ESTABLISHMENT AL HASIB AL ANIQ COMMERCIAL,ESTABLISHMENT AL HASIB AL ANIQ COMMERCIAL,+966126143520,https://www.gce.net.sa,"JEDDAH - ALROWIS, JEDDAH, SAUDI ARABIA"
ESTABLISHMENT BYTE ARABIA,ESTABLISHMENT BYTE ARABIA,+966534489598,https://www.bytearabia.com,"3122 AL-RAYYAD, 13512-7463, RIYADH, SAUDI ARABIA"
ESTABLISHMENT HALLOUL AL BAYANAT,ESTABLISHMENT HALLOUL AL BAYANAT,+966548126513,http://halloulalbayanat.com/,"4844 NESMA - ALNAHDA, RIYADH, SAUDI ARABIA"
ESTABLISHMENT HULUL LABIBAH COMMERCIAL,ESTABLISHMENT HULUL LABIBAH COMMERCIAL,+966543199849,https://www.labiib.com/,"4378 KING ABDULAZIZ ROAD, SAYHAT, SAUDI ARABIA"
ESTABLISHMENT MIHWAR ALTIQNIYAT ALHADITHA,ESTABLISHMENT MIHWAR ALTIQNIYAT ALHADITHA,+966561759991,https://www.techhubsa.com,"5148 ALBASATIN DIST, 8175, JEDDAH, SAUDI ARABIA"
ETESALAT INNOVATIONS,ETESALAT INNOVATIONS,+966543000240,https://ei-mena.com/en,"J42C35H ASH SHATI, JEDDAH, SAUDI ARABIA"
Etihad Atheeb Telecom Company,ETIHAD ATHEEB TELECOM,+966115111416,https://www.go.com.sa,"KING ABDUAL AZIZ ROAD, RIYADH, SAUDI ARABIA"
ETIHAD SALAM TELECOM COMPANY,ETIHAD SALAM TELECOM COMPANY,+966115055555,https://agbi.com,"PO BOX 230919, RIYADH, SAUDI ARABIA"
EuroTech ME,EUROTECH ME ARABIA CONTRACTING COMPANY,,https://www.eurotechme.com/,"8006, KING KHALID AIRPORT, 3583, RIYADH, SAUDI ARABIA"
EXCELLENCE ARBIA TRADING COMPANY,EXCELLENCE ARBIA TRADING COMPANY,+966564255495,https://www.exatco.com,"MOHAMMED BIN ABDULAZIZ RD, AL OLAYA DIS, 12331, RIYADH, SAUDI ARABIA"
EXCELLENT SOLUTION TRADING COMPANY,EXCELLENT SOLUTION TRADING COMPANY,500000130,https://www.es-saudi.com,"AROOBA STREET, RIYADH, RIYADH, SAUDI ARABIA"
EXD,EXPERTS DECISION EXD,9664666220,https://www.exd-int.com,"OFFICE 9, OLAYA AL TAHLIA ST, RIYADH, SAUDI ARABIA"
Expansion Plan Information Technology Est.,EXPANSION PLAN INFORMATION TECHNOLOGY EST,9661102915209,https://www.epit-sa.com,"FATIMAH AZ ZAHRA, JARIR ST, MALAZ,, RIYADH, SAUDI ARABIA, RIYADH, SAUDI ARABIA"
EXPERIENCE SHIFT COMPANY FOR BUSINESS SERVICES,EXPERIENCE SHIFT COMPANY FOR BUSINESS SERVICES,+966112634233,,"RMZ CENTER KING ABDUL-AZIZ ROAD NORTH AL YASMIN, RIYADH, SAUDI ARABIA"
FABOURFAM COMPANY FOR COMMUNICATIONS AND INFORMATION TECHNOLOGY,FABOURFAM COMPANY FOR COMMUNICATIONS AND INFORMATION TECHNOLOGY,+966596700679,https://www.vaporvm.com,"9827 BULIDING NO, FLOOR 1, RIYADH, SAUDI ARABIA"
FAJR TECHNOLOGY ALMUTAMAYIZA COMPANY,FAJR TECHNOLOGY ALMUTAMAYIZA COMPANY,+966504489549,https://www.fajr-technology.com,"RIYADH KSA, RIYADH, SAUDI ARABIA"
FALCON EYE SOLUTIONS COMPANY FOR CONTRACTING,FALCON EYE SOLUTIONS COMPANY FOR CONTRACTING,+966599675046,https://www.fesolutions.com.sa,"AL OLAYA STREET, BUILDING 6269, RIYADH, SAUDI ARABIA"
FAMA Technologies,FAMA TECHNOLOGIES,+966114649291,https://www.famatechnologies.com,"OLAYA 30 STREET, RIYADH, SAUDI ARABIA"
FANUUN COMMUNICATIONS AND INFORMATION TECHNOLOGY COMPANY,FANUUN COMMUNICATIONS AND INFORMATION TECHNOLOGY COMPANY,+966541415697,https://www.f-bcg.com,"8479 AL MASHAF, RIYADH, SAUDI ARABIA"
FARA SHIRKA COMPUERA COMPANY,FARA SHIRKA COMPUERA COMPANY,553437088,https://www.compuera.net,"6099 PRINCE MUHAMMED IBN SAAD IBN ABDELAZIZ - SAUD, RIYADH, SAUDI ARABIA"
Fast Computers Trading,FAST COMPU,+966112875859,https://www.fastcompu.com,"OLAYA COMPUTER MARKET, RIYADH, SAUDI ARABIA"
Fast Lane Computer Consultancy,FAST LANE,971569747442,http://flane.ae,"8480 AL-THUMAMAH VALLEY STREET, RIYADH, SAUDI ARABIA"
FASTCOMM CONTRACTING EST,FASTCOMM CONTRACTING EST,0569180618,http://www.fastcco.com/,"7097-PRINCE ABDULAZIZ IBN MUSSAED IBN JALAWI STREET, RIYADH, SAUDI ARABIA"
FIFTH GENERATION FOR INFORMATION TECHNOLOGY,5TH GENERATION FOR INFORMATION TECHNOLOGY,+966501996947,https://www.5gtch.com,"AL OLAYA GULF COMMIRICAL CENTER 3RD FLOOR OFFICE NO 305, RIYADH, SAUDI ARABIA"
First Edifice Trading Est,FIRST EDIFICE TRADING EST,+966138999888,https://wta-sa.com,"KING ABDULAZIZ ROAD, AL KHUBAR, SAUDI ARABIA"
FIRST GULF COMPANY FOR SUPPLIES AND CONTRACTING LTD,FIRST GULF COMPANY FOR SUPPLIES & CONTRACTING LTD,+966112190888,https://www.fgc.sa,"AL SOLIMANIAH OM AL HEDAB ST OPPOSITE KING FAHD CITY, RIYADH, SAUDI ARABIA"
FIRST MASSILA FOR TELECOMMUNICATION COMPANY,FIRST MASSILA FOR TELECOMMUNICATION COMPANY,+966582785226,https://www.metconetworks.com/,"AL RABIE DISTRICT, KING ABDUL AZIZ ROAD, RIYADH, SAUDI ARABIA"
FIRST PREMIUM SOLUTIONS LTD,FIRST PREMIUM SOLUTIONS COMPANY LTD,+966114733331,https://www.ghostprotocol.com,"AL SULIMANYAH DISTRICT AL URUBAH ROAD, BLDG 3351, RIYADH, SAUDI ARABIA"
FIRST VIRTUAL NETWORK COMPANY,FIRST VIRTUAL NETWORK COMPANY,+966560032888,https://www.vlanone.net,"RAJA3159 3159 ABDULRAHMAN AL SUBAIE STREET 7010 AL, RIYADH, SAUDI ARABIA"
Flex Shield IT Company,FLEX SHIELD IT COMPANY,+966112311202,https://www.flexssolutions.com,"AL OLAYA STREET, RIYADH, SAUDI ARABIA"
FLEXI INGRATED SOLUTIONS COMPANY,FLEXI INGRATED SOLUTIONS COMPANY,+966114752031,https://www.flexi-is.com,"SALAH ALDIN AYYUBI, AL MALAZ , 6837 AL ZAIN TOWER, 12836 RIYADH ,SAUDI ARABIA, RIYADH, SAUDI ARABIA"
FLINT CONSULTING SAUDI COMPANY LTD,FLINT CONSULTING SAUDI COMPANY LTD,+966112273585,https://flint-international.com/,"KING SAUD RD, AL MURABBA, RIYADH 12612, RIYADH, SAUDI ARABIA"
FLOWSTAR GENERAL CONTRACTING EST,FLOWSTAR GENERAL CONTRACTING EST,+966593117135,https://flowstartech.com/,"AS SINAIYAH, AD DAMMAM, SAUDI ARABIA"
FOUR FRONT SOLUTIONS LTD,FOUR FRONT SOLUTIONS LTD,+966112481950,https://www.4frontconsultants.com,"MENASSAT BUILDING, 2ND FLOOR, OFFICE 13 6231, OLAYA STREET, AS SAHAFAH, RIYADH, RIYADH, SAUDI ARABIA"
FOURLINKS INFO TECH COMPANY,FOURLINKS INFO TECH COMPANY,544740567,https://frlinks.com,"23216 JEDDAH, JEDDAH, SAUDI ARABIA"
Fourlinks trading Est,FOURLINKS TRADING EST,+966126700772,https://www.frlinks.com,"KHALID BIN WALID ST AL-SHARFIYAH DISTRICT, JEDDAH, SAUDI ARABIA"
Fourth Dimension Systems,Fourth Dimension Systems,+966541711172,https://fdsme.com/,"13241 ABI JAFAR AL MANSOUR ST GHIRNATAH RIYADH, RIYADH, SAUDI ARABIA"
FRONTLINE INVESTMENT COMPANY,FRONTLINE INVESTMENT COMPANY,+966114080744,http://www.frontline.sa,"DABBAB STREET, RIYADH, SAUDI ARABIA"
Fusion Transform for Information Technology,FUSION TRANSFORM FOR INFORMATION TECHNOLOGY,+966112611420,https://www.fusiontransform.com,"LEVEL 1 BUILDING 7 ZONE A AIRPORT ROAD BUSINESS GA, RIYADH, SAUDI ARABIA"
FUTURE DATA COMMERCIAL,FUTURE DATA COMMERCIAL,+966596403744,https://www.future-data.com.sa,"BILAL BIN HABL STREET, RIYADH, SAUDI ARABIA"
FUTURE GRID TRADING COMPANY,FUTURE GRID TRADING COMPANY,+966544833481,https://www.futuregrid.sa,"SULAYMAN IBN AL MUHARBI, 3940, RIYADH, SAUDI ARABIA"
FUTURE LINK FOR CONTRACTING,FUTURE LINK FOR CONTRACTING,+966112886432,https://www.ftcgroup.net,"3941 UNIT, 3, RIYADH, SAUDI ARABIA"
Future Nas Company,FUTURE NAS COMPANY,+966138466661,https://www.futurenas.com,"32413-3392 DAMMAM, AD DAMMAM, SAUDI ARABIA"
FUTURE PROJECTS COMPANY,FUTURE PROJECTS COMPANY,+966506323226,https://www.Future-projects.sa,"6219 AL LZAZ, RIYADH, SAUDI ARABIA"
FUTURE SOLUTIONS COMPANY,FUTURE SOLUTIONS FOR COMMUNICATIONS AND INFORMATION TECHNOLOGY COMPANY,+966138656667,https://www.futsol.com.sa,"BUILDING NO-3938 AL-KHOBAR, KING ABDULLAH ST., AL KHUBAR, SAUDI ARABIA"
Future Tag Security,FUTURE TAG SECURITY,+966556444742,https://www.future-tag.com,"AR RAYAN, AL RAWABI, RIYADH, SAUDI ARABIA"
Futuretech,FUTURETECH,0096614653938,https://www.futuretech-group.com,"RIYADH, MOBILE 0508005547, RIYADH, SAUDI ARABIA"
FUZAIL AL ARABIA COMPANY LTD,FUZAIL AL ARABIA COMPANY LTD,+966126171155,https://www.alfuzail.com,"HEAD OFFICE PO BOX 1628 JEDDAH 21441 KINGDOM OF SA, JEDDAH, SAUDI ARABIA"
G-enviro Investment Co.,G-enviro Investment Co.,009662378537,https://www.g-enviro.com,"EXIT 9 EMAM ABDULAAH BEN SAUD ROAD WITH KHALED IBN, RIYADH, SAUDI ARABIA"
Galaxies Systems for Information Technology,Galaxies Systems for Information Technology,+966563494731,https://www.gsit-ksa.com,"ALFIRDOUS 4022 ASH SHULAH DIST 7518, AD DAMMAM, SAUDI ARABIA"
GARTIECK INFORMATION TECHNOLOGY,GARTIECK INFORMATION TECHNOLOGY,+966559976421,https://www.gartit.com,"OLAYA COMPUTER MARKET, 5TH FLOOR, RIYADH, SAUDI ARABIA"
Gas Vectror Saudi Arabia Ltd,GAS VECTOR,+966551840262,https://www.vectorinfotech.com,"KING SAUD STREET COR JUFFALI SHOWROOM, DAMMAM, SAUDI ARABIA"
GATEWAY INFOTECH,GATEWAY INFOTECH,+966507879819,https://www.gatewayitech.com,"9TH CROSS PRINCE NAIF STREET, AL KHUBAR, SAUDI ARABIA"
Geer Information Technology & Communication Company,GEER INFORMATION TECHNOLOGY & COMMUNICATION COMPANY,+966114192019,https://decypha.com,"KING ABDUL AZIZ STREET, ONE SQUARE BUILDING, RIYADH, SAUDI ARABIA"
GERMAN TECHNICAL SERVICES CO.,GERMAN TECHNICAL SERVICES CO.,+966112935323,https://GTS.SA,"RIYADH, RIYADH, SAUDI ARABIA"
GIGATRON COMPANY,GIGATRON COMPANY,+966502381469,https://www.giga-tron.com,"KHALID BIN WALEED STREET, JEDDAH, SAUDI ARABIA"
Giza Arabia,GIZA ARABIA SYSTEMS,96614602890,https://www.gizasystems.com,"0569200664 MOBILE, RIYADH, SAUDI ARABIA"
Global Advanced Technology Co. LTD,Global Advanced Technology Co. LTD,+96626515333,https://www.hi-tech.sa,"MADINA ROAD- SAUDI BUSINESS CENTER, JEDDAH, SAUDI ARABIA"
GLOBAL ARABIAN FOR MODERN APPLICATION LTD,GLOBAL ARABIAN FOR MODERN APPLICATION LTD,+966126650682,https://www.gama-ksa.com,"JEDDAH 21533 KSA, PO BOX 50406, JEDDAH, SAUDI ARABIA"
Global Business Solutions,GLOBAL BUSINESS SOLUTIONSGBS,+966138283555,https://www.gbs.com.sa,"KING ABDULAZIZ STREET 1ST CROSS, AL KHOBAR, SAUDI ARABIA"
GLOBAL CLOUD TECHNOLOGIES LTD,GLOBAL CLOUD TECHNOLOGIES LTD,+966114162222,https://cloudtech.com.sa/,"PRINCE MUSAID BEN ABDELAZIZ STREET, RIYADH, SAUDI ARABIA"
GLOBAL INTEGRATED DIGITAL SOLUTIONS COMPANY ARAMCO DIGITAL,GLOBAL INTEGRATED DIGITAL SOLUTIONS COMPANY ARAMCO DIGITAL,+966505956677,https://aramcodigital.com,"31311 KINGDOM OF SAUDI ARABIA, AL KHUBAR, SAUDI ARABIA"
Global Knowledge - Saudi Arabia,BRANCH OF GLOBAL KNOWLEDGE,9661920009278,https://www.globalknowledge.com.sa,"OURBA STREET, RIYADH, SAUDI ARABIA"
Global Technologies,GLOBAL TECHNOLOGIES CO.,+966112170110,https://www.gt-ict.com,"Building 3085, Ground Floor, AL Doghathr St, AS Sahafah., RIYADH, SAUDI ARABIA"
Golden Electron InfoTech,GOLDEN ELECTRON INFOTECH,+966112171071,https://www.golden-electron.com,"2855 AL IMAM SAUD IBN ABDUL AZIZ BRANCH ROAD, RIYADH, SAUDI ARABIA"
GOLDEN TERRACE EST GTE,GOLDEN TERRACE EST GTE,+966551280555,https://www.gldterrace.com,"AL NAFAL DISTRICT - NORTHERN RING ROAD, RIYADH, SAUDI ARABIA"
GRANTEQ ARABIA INFORMATION TECHNOLO,GRANTEQ ARABIA INFORMATION TECHNOLO,+966549045845,https://www.granteqarabia.com,"PRINCE SULTAN BIN ABDULAZIZ, RIYADH, SAUDI ARABIA"
GREEN GATE COMMUNICATIONS AND INFORMATION TECHNOLOGY EST,GREEN GATE COMMUNICATIONS AND INFORMATION TECHNOLOGY EST,+966555433334,https://greenway.com.sa,"9241 ABI ALKHAIR ALKALAMI, RIYADH, SAUDI ARABIA"
Green Point Co,Green Point Co,+966138686696,https://www.gplighting.co,"KHOBAR - ABABTAIN TOWER - OFFICE 304, AL KHUBAR, SAUDI ARABIA"
Greenway Technologies,GREENWAY TECHNOLOGIES,+966112274385,https://www.greenway.com.sa,"KING FAHEAD AREA , KING ABDULLAH STREET , BESIDE THE SASCO PETROL SATATION, RIYADH, SAUDI ARABIA"
GTECH COMPUTER,G. TECH COMPANY LTD.,96614010177,https://gtechsa.com,"2450 ABDULLAH IBN, RIYADH, SAUDI ARABIA"
GTS,GTS SYSTEMS AND INFORMATION,+966540726635,https://www.gtsholding.net,"2549 IMAM SAUD BIN ABDULAZIZ BIN MOHAMMED ROAD, RIYADH, SAUDI ARABIA"
GUEST-TEK MIDDLE EAST DMCC,GUEST-TEK MIDDLE EAST DMCC,+966110000000,https://guesttek.com/management/,"RIYADH, RIYADH, RIYADH, SAUDI ARABIA"
GULF COMPUTER SERVICES COMPANY LTD. SPSNET,GULF COMPUTER SERVICES COMPANY LTDSPSNET,+966126824556,https://www.gulf.sa,"PO BOX 1678, JEDDAH, SAUDI ARABIA"
Gulf Gaihab Int,GULF GAIHAB INT,+966138279912,http://www.gaihab.com,"ALABDULKARIM Holding Building, King Fahad High Way, DAMMAM, SAUDI ARABIA"
Gulf Solutions company for IT,Gulf Solutions company for IT,+966114734521,https://www.gulf-solutions.com,"409 UMMUM COMM CENTER, RIYADH, SAUDI ARABIA"
Gulfnet Solutions,GULFNET SOLUTIONS COMPANY LTD,+966138138100,https://www.gns.com.sa,"ASSAYEL BUSINESS CENTER 7298 TARIQ BIN ZIYAD STREE, AL KHUBAR, SAUDI ARABIA"
Haboob technology's for communication and information technology,HABOOB TECHNOLOGY'S FOR COMMUNICATION AND INFORMATION TECHNOLOGY,https://haboob.sa/,https://haboob.sa/,"BUILDING MU04,7TH FLOOR, ALRAIDAH DIGITAL CITY, RIYADH, SAUDI ARABIA, RIYADH, SAUDI ARABIA"
HABTAL FOR INFORMATION TECHNOLOGY,HABTAL FOR INFORMATION TECHNOLOGY,+966504164218,https://habtal.com/,"IBN AL SAQA STREET, AS SALIYAH, RIYADH, SAUDI ARABIA"
Haji Abdullah Alireza & Co. LTD. (GENTEC),Haji Abdullah Alireza & Co. LTD. (GENTEC),+966126220715,https://www.gentec.com.sa,"AL-BALAD DISTRICT KING ABDULAZIZ STREET AL-REZA CO, JEDDAH, SAUDI ARABIA"
HAL AL MOUTHALATHAT,HAL AL MOUTHALATHAT,+966503200649,https://www.halalmouthalathat.com,"RESA4805, SALAHUDDIN AL AYYUBI, RIYADH, SAUDI ARABIA"
HAMID Y AL FURAIH TRADING ESTNY,AL FURAIH TRADING,+966138980569,https://www.alfuraihgroup.com,"PRINCE MESHARI STREET, AL KHOBAR, SAUDI ARABIA"
HARMONIC SYSTEMS FOR INFORMATION TECHNOLOGY CO.,HARMONIC SYSTEMS FOR INFORMATION TECHNOLOGY CO.,+966555320285,https://www.hsys.com.sa,"AD DWADMI STREET, RIYADH, SAUDI ARABIA"
HASAFA FOR ICT CONSULTATION,HASAFA FOR ICT CONSULTATION,+966114055002,https://foresight.com.sa,"2930 NORTHERN RING ROAD, RIYADH, SAUDI ARABIA"
HASIBAT ALFALAK FOR INFORMATION TECHNOLOGY COMPANY,HASIBAT ALFALAK FOR INFORMATION TECHNOLOGY COMPANY,+966547302180,https://WWW.fcit.sa,"HIJAZ BLVD , KING ABDULLAH ECONOMIC CITY, JEDDAH, JEDDAH, SAUDI ARABIA"
HASOUB,HASOUB,+96622289289,https://www.hasoub.com,"P.O. Box 122136, Jeddah, SAUDI ARABIA"
HASSAN MAITHAM SALEH AL-MOUMEN INFORMATION TECHNOLOGY ESTABLISHMENT,HASSAN MAITHAM SALEH AL-MOUMEN INFORMATION TECHNOLOGY ESTABLISHMENT,+966544513324,https://nehmatinfotech.com,"21 AL-KHOBAR GATE TOWER KING FAHAD ROAD, AL KHUBAR, SAUDI ARABIA"
HAWSABAH COMPANY FOR IT,HAWSABAH COMPANY FOR IT,+966114887771,https://www.hawsabah.sa,"PRINCE JALAWI BIN TURKI BIN ABDULAZIZ STREET, RIYADH, SAUDI ARABIA"
HCL ARABIA LTD COMPANY,HCL ARABIA LTD COMPANY,+966503014044,https://www.hcl.com,"2ND FLOOR, OFFICE 203, C BLOCK, AL AQARIYA PLAZA, AL OLAYA STREET, RIYADH, SAUDI ARABIA"
Help Security Solutions for Telecommunications and Information Technology,HELP SECURITY SOLUTIONS FOR TELECOMMUNICATIONS AND INFORMATION TECHNOLOGY,+966114507082,https://www.helpag.com,"8290 KING ABDULAZIZ ROAD AL RABIE DISTRICT, RIYADH, SAUDI ARABIA"
HIDAB ALMAZOLAH FOR TRADING,HIDAB ALMAZOLAH FOR TRADING,502612045,https://hidab.co,"6473-13515 RIYADH, RIYADH, SAUDI ARABIA"
HIGHBROW FOR INFORMATION TECHNOLOGY,HIGHBROW FOR INFORMATION TECHNOLOGY,+966591363564,https://www.highbrow-it.com,"3485 AL AMIR SULTAN IBN ABDUL AZIZ STREET, AL OLAYA DISTRICT, NOOR BUILDING, OFFICE 16, RIYADH, SAUDI ARABIA"
Highpoint technology,High Point Technology Company,+966112930320,https://www.hp-tech.com,"Al Saif Building, 5th FL, Unit-20, Olaya Computer Market., Olaya Street, Riyadh., RIYADH, SAUDI ARABIA"
Hilal Computers Technical for Trade Co.,HILAL COMPUTERS,+96638676851,https://www.hilalcomputers.com,"HILAL COMPUTER & TECHNICAL FOR TRADE CO, FLOOR 5, AL KHUBAR, SAUDI ARABIA"
HISHAM NABIL ALIREZA TRADING COMPANY,HISHAM NABIL ALIREZA TRADING COMPANY,+966502338868,https://www.GroupC1.com,"SHAIKH MUBARAK AL SUBAH STREET, ARCADE CENTER - GATE #4 FIRST FLOOR - OLAYA - RIYADH - KSA, RIYADH, SAUDI ARABIA"
Honeywell Turki Arabia Ltd,HONEYWELL TURKI ARABIA LTD,96600966138133798,https://www.honeywell.com,"13&16 DHAHRAN TECHNO VALLEY PLOT, DHAHRAN, SAUDI ARABIA"
Horizon Information Technology,HORIZON INFORMATION TECHNOLOGY,+966114733467,https://ipaddress.com,"BUILDING NO 6737, AL OLAYA, RIYADH, SAUDI ARABIA"
Horizon Technology Trading,Horizon Technology Trading,+966549256445,https://htt.com.sa,"KING FAHAD ROAD, AL KHUBAR, SAUDI ARABIA"
HORIZONVERTICA SYSTEMS,HORIZONVERTICA SYSTEMS,+966599086968,https://www.horizonvertica.com,"AL FAISALIYYA, JEDDAH, JEDDAH, SAUDI ARABIA"
Hulool ZainTech for Information Technology,Hulool ZainTech for Information Technology,+966112179712,https://zaintech.com,"Abdul-Aziz Aba Al-Khail Complex, 1st Floor Office # 5, Riyadh, SAUDI ARABIA"
HULUL ALMADAR ALTEQNI ESTABLISHMENT,HULUL ALMADAR ALTEQNI ESTABLISHMENT,564129920,https://www.hululalmadaralteqni.com,"ARKWAN ALRUWMI AN NAIM, JEDDAH, SAUDI ARABIA"
Hyoon for security solutions,HYOON FOR SECURITY SOLUTIONS,+966920004441,https://www.hyoon-ksa.com,"Saudi Arabia ,Riyadh, North ring road, Exit No 2 , Prince Turkey ben Abdul-Aziz Al Awal Street,, RIYADH, SAUDI ARABIA"
Hyphen Technologies Company,Hyphen Technologies Company,539715505,https://www.hyphenksa.com,"34623 SAUDI ARABIA, AL KHUBAR, SAUDI ARABIA"
I G R C SQUARE,I G R C SQUARE,+966505712227,https://igrcsquare.com,"RIYADH - NADA CENTER, RIYADH, SAUDI ARABIA"
Ibix Global Tech,IBIX GLOBAL TECH,+966539308760,https://www.ibixglobal.tech,"KING FAHAD ROAD, RIYADH, SAUDI ARABIA"
IBM MIDDLE EAST - SAUDI ARABIA,IBM MIDDLE EAST FZ LLC  SAUDI ARABIA BRANCH,4725241,http://www.ibm.com/,"28TH FLOOR, RIYADH KINGDOM CENTRE, RIYADH, SAUDI ARABIA"
IBTIKAR ALHUL ALDHAKIYAH COMPANY FOR INFORMATION TECHNOLOGY,IBTIKAR ALHUL ALDHAKIYAH COMPANY FOR INFORMATION TECHNOLOGY,+966543102345,https://www.ibtikar.com.sa,"RFYA6685 AS SAHABAH ROAD, RIYADH, SAUDI ARABIA"
ICAD,INNOVATIVE CONTRACTORS FOR ADVANCED DIMENSIONS,+966126166771,https://www.Icad.com,"SAUDI ARABIA, JEDDAH, SAUDI ARABIA"
ICS Nett Inc.,ICS NETT INC,2112344,https://www.icsarabia.com,"SULTAN BUSINESS CENTER SUITE 23, PR SULTAN RD. ULAYA, RIYADH, SAUDI ARABIA"
IDEAL NETWORK SOLUTIONS INS,IDEAL NETWORK SOLUTIONS INS,+966114623666,https://www.ins-sa.com,"PRINCE SULTAN STREET, AL OLAYA, RIYADH, SAUDI ARABIA"
IDEAL SOLUTION FOR SECURITY,IDEAL SOLUTION FOR SECURITY,+966500127550,https://www.idealsolution.sa,"PRINCE ABDULAZIZ BIN MUSAAD BIN JALAWI, RIYADH, SAUDI ARABIA"
IDEAL VISION TECHNOLOGY EST,IDEAL VISION TECHNOLOGY EST,+966583884400,https://www.idealvisiontech.com,"AL KHOBAR, PRINCE NAIF STREET CROSS 2 &3, KHOBAR, SAUDI ARABIA"
Idec,INTERNATIONAL DESIGN IDEC,+966138935028,https://www.idec.com.sa,"PO BOX 31728, AL KHUBAR, SAUDI ARABIA"
INDUSTRIAL TECHNOLOGY CO.LTD,INDUSTRIAL TECHNOLOGY COLTD,+966133631214,https://www.itesaudi.com,"1ST FLOOR, ELECTRICAL HOUSE BUILDING,, PRINCE AL MASHOOR STREET, AL-JUBAIL, SAUDI ARABIA"
INEX AL KHALEEJ CONTRACTING EST,INEX AL KHALEEJ CONTRACTING EST,+966531589598,https://www.inexinfra.com,"8986 PRINCE ABDUL AZIZ BIN MUSAID BIN JALAWI, RIYADH, SAUDI ARABIA"
INFEO,INFEO,+966114999036,https://www.infeo.com,"8000 KING FAHAD ROAD OLAYA, RIYADH, SAUDI ARABIA"
Infinite Solutions Company,Infinite Solutions Company,+966126602677,https://www.infinite-solutions.me/,"ARAFAT STREET, JEDDAH, SAUDI ARABIA"
INFINITY WORK TRADING COMPANY,INFINITY WORK TRADING COMPANY,,https://trading.infinitygcc.com,"AL JABAL STREET, AL JUBAIL, SAUDI ARABIA"
INFLUX CYBER,INFLUX CYBER,+966112880000,https://www.influxcyber.com,"12611 KSA, BLD 9011, RIYADH, SAUDI ARABIA"
INFORMATION LOCK COMPANY,INFORMATION LOCK COMPANY,+966552939873,https://www.ilc.sa,"KING ABDULAZIZ RD, AL ARID RIYADH 13342, SAUDI ARABIA, RIYADH, SAUDI ARABIA"
Information Technology Belt Company,INFORMATION TECHNOLOGY BELT COMPANY,+966565112726,http://www.itb.com.sa,"IMMAM MOHAMMED BIN SAUD STREET, RIYADH, SAUDI ARABIA"
INFOSYS LTD,INFOSYS LTD,+966138249967,https://www.infosys.com,"202 BUILDING, NUMBER 6300, AL KHUBAR, SAUDI ARABIA"
INFRATECH,INFRATECH,+966114449944,https://www.infratech.com.sa,"7266 Uthman Ibn Affaan Road, Attaawun Business center, Riyadh, SAUDI ARABIA"
INJAZ TECHNICALFOR CONTRACTING,INJAZ TECHNICALFOR CONTRACTING,+966562362205,http://www.injaztec.com,"JEDDAH ALSALAMA - AL YAMAMA ST, JEDDAH, SAUDI ARABIA"
Innovative Experiences,Innovative Experiences,+966558119049,https://innovativeexp.com/,"NAJAH STREET, RIYADH, SAUDI ARABIA"
Innovative Frequency Company Ltd,Innovative Frequency Company Ltd,+966112220404,https://www.ifeme.co,"4172 Musa Ibn Nusayer Al-Ulaya, Unit No. 2, RIYADH, SAUDI ARABIA"
INNOVATIVE QUALITY TECHNOLOGIES,INNOVATIVE QUALITY TECHNOLOGIES,+966536826783,https://www.innoqtech.com,"KING FAISAL DISTRICT, ABBAS IN UTBAA STREET, RIYADH, SAUDI ARABIA"
Innovative Solutions,Innovative Solutions,+966112931501,https://www.is.com.sa,"PO Box 69328, Riyadh, SAUDI ARABIA"
INTECH PROCESS AUTOMATION,INTECH PROCESS AUTOMATION,+966138966052,https://www.intechww.com,"03 FIRST FLOOR SUMOU TOWER, AL KHUBAR, SAUDI ARABIA"
INTEGRATED COMPUTER SYSTEMS,INTEGRATED COMPUTER SYSTEMS,+966114943010,https://www.ics.sa,"KSA RIYADH, RIYADH, SAUDI ARABIA"
INTEGRATED NETWORKS LLC,INTEGRATED NETWORKS COMPANY LTD INET,+966112888888,https://www.inet.net.sa,"AL-TAWYNIYAH TOWER, FLOOR 16th, South Tower, RIYADH, SAUDI ARABIA"
Integrated Systems Solutions Company,Integrated Systems Solutions Company,565642120,https://www.isyssol.com,"OFFICE#14, 3RD FLOOR, VILLAGE RESTAURANT BUILDING, GHURNATA STREET, AL AZIZIYAH DIST, OFFICE#14, 3RD FLOOR, VILLAGE RESTAURANT BUILDING, PRINCE MUTAIB BIN ABDUL AZIZ RD STREET, JEDDAH, SAUDI ARABIA"
INTEGRATED TAQDOM FOR INFORMATION TECHNOLOGY,INTEGRATED TAQDOM FOR INFORMATION TECHNOLOGY,+966561380360,https://www.taqdom-it.com,"PO BOX 6754, RIYADH, SAUDI ARABIA"
Integrated Technology Systems For Information Technology ISys,Integrated Technology Systems For Information Technology ISys,+966597789043,https://www.isys.ai,"KING FAHD BRANCH STREET EL OLAYA DIST, RIYADH, SAUDI ARABIA"
INTEGRATION SERVICES & TECHNOLOGIES (IST),INTEGRATION SERVICES & TECHNOLOGIES,+966114737326,https://www.istnetworks.com,"SALAH EL DEEN ST TOWER 2, RIYADH, SAUDI ARABIA"
Intelligent Cloud Technology EST,Intelligent Cloud Technology EST,+966538355331,https://www.intelligen-tech.com,"9 AL YAROMOUK, RIYADH, SAUDI ARABIA"
INTELLIGENT CONTRACTING & INFORMATION TECHNOLOGY,INTELLIGENT CONTRACTING & INFORMATION TECHNOLOGY,+966557428370,https://www.icit-grp.com,"AL MURABBA MALL, AL MURABBA, RIYADH, SAUDI ARABIA"
Intelligent Digital Network Solutions,Intelligent Digital Network Solutions,+966138344849,https://www.idnsolution.com,"DAMMAM- KING SAOUD STREET, AD DAMMAM, SAUDI ARABIA"
INTELLIGENT EXPERTS SOLUTIONS,INTELLIGENT EXPERTS SOLUTIONS,+966506311216,https://www.iecits.com,"AL FAREYAH STREET, AL MANSURAH DIST, RIYADH, SAUDI ARABIA"
Intelligent Technology Co.,INTELLIGENT TECHNOLOGY COMPANY,+966544002028,https://www.intelligent-t.com,"7514 ABDULAZIZ BIN MUSAID BIN GALAWY ST,-OLYA-12221-3795, RIYADH, SAUDI ARABIA"
Intense technologies,INTENSE TECHNOLOGIES,+966581511222,https://www.intense-tech.com,"ALHAMRA PALESTINE STREET, JEDDAH, SAUDI ARABIA"
Interactive Creativity for Information Technology Est.,INTERACTIVE CREATIVITY FOR INFORMATION TECHNOLOGY EST,+966112390922,https://www.ic.sa,"OTHMAN BIN AFFAN STREET, 7252, RIYADH, SAUDI ARABIA"
INTERACTIVE MANAGEMENT,INTERACTIVE MANAGEMENT,+966591789932,https://www.imanagement.sa,"FIRST FLOOR OFFICE 2 6880 AL HAMDI AR RABWAH 4, RIYADH, SAUDI ARABIA"
INTERCOM ENTERPRISES,INTERCOM ENTERPRISES,+966550291646,https://www.intercom.com.eg/,"OLAYA STREET, RIYADH, RIYADH, SAUDI ARABIA"
International For Modern Industries Co. Ltd,MODERN INDUSTRIES,+96626677207,https://search.infobelpro.com,"1ST FLOOR:GULF PLAZA MADINAH ROAD, JEDDAH, SAUDI ARABIA"
International Systems Engineering (ISE),ALARID BUSINESS CENTER,+966118746602,https://www.ise.sa,"ALARID DIST KING ABDULAZIZ RD RIYADH 11514, RIYADH, SAUDI ARABIA"
INTERNET OF THINGS TECHNOLOGY FOR INFORMATION TECHNOLOGY COMPANY,INTERNET OF THINGS TECHNOLOGY FOR INFORMATION TECHNOLOGY COMPANY,+966505886013,https://iotsquared.com.sa,"2286-8204 WEST UMM AL HAMAM DIST, BLDG 19, RIYADH, SAUDI ARABIA"
INTERTEC SYSTEMS L L C,INTERTEC SYSTEMS L L C,+966114729431,https://www.intertecsystems.com,"AL WASEEL TOWER 2 OFFICE NO-106 AL OLAYA STREET, BUILDING NO-667, RIYADH, SAUDI ARABIA"
INVENT SOLUTIONS FOR INFORMATIVE TECHNOLOGY,INVENT SOLUTIONS FOR INFORMATIVE TECHNOLOGY,+966122562544,https://isolutions-sa.com,"3907 AL FAISALIYAH DISTRICT, JEDDAH, SAUDI ARABIA"
Inventive Business Solutions,INVENTIVE BUSINESS SOLUTIONS,6515147,https://www.inventivebs.com,"60TH STREET KING FAHD ROAD SUN RISE PLAZA 6TH FLOO, JEDDAH, SAUDI ARABIA"
ipower,IPOWER,0966126110633,,"TAHLIA STREET, JEDDAH, SAUDI ARABIA"
IPT Saudi,IPT SAUDI,+966595202399,https://www.iptpowertech.com,"KING FAHAD ROAD, RIYADH, SAUDI ARABIA"
IRIS Technology,IRIS TECHNOLOGY,+966112133320,,"ANAS BEN MALEK RD, RIYADH, SAUDI ARABIA"
ISAM KABBANI & PARTNERS TELECOMMUNICATION COMPANY,ISAM KABBANI & PARTNERS TELECOMMUNICATION COMPANY,+966565963571,https://www.ikkgroup.com,"AL-MALAZ DISTRICT FATIMAH AL-ZAHRA ROAD, RIYADH, SAUDI ARABIA"
ISAR,ISAR,+966143916739,https://www.isar-int.com,"Jeddah Road, Yanbu, SAUDI ARABIA"
isecure solutions,ISECURE SOLUTIONS,+966138971276,https://www.isecure-solutions.com,"AL KHOBAR , AL KHOBAR MALL, AL KHUBAR, SAUDI ARABIA"
IT CLOUD TRADING AND PROGRAMMING COMPANY,IT CLOUD TRADING AND PROGRAMMING COMPANY,+966537655756,https://itcloud.sa,"PRINCE NAWAF IBN ABDULAZIZ STEET, BUILDING NO 7654, AL KHUBAR, SAUDI ARABIA"
IT HUMAN SOLUTIONS,IT HUMAN SOLUTIONS,+96622834533,https://www.ithumansolutions.com,"JEDDAH - TAHLIA STREET, JEDDAH, SAUDI ARABIA"
IT SECURITY TRAINING & SOLUTIONS,IT SECURITY TRAINING & SOLUTIONS,+966549902221,https://its2.com/,"KING FAHED ROAD, RIYADH, SAUDI ARABIA"
IT VALLEY,IT VALLEY,+966566245253,https://www.it-valley.com,"6228 SALAH AL DIN AL AYOUBI ROAD, 3945, RIYADH, SAUDI ARABIA"
IT Works Company LLC,IT Works Company LLC,+966920006247,https://www.it.works,"OFFICE 12, LEVEL 2, AL BADER COMMERCIAL CENTRE, KING ABDUL AZIZ ROAD, RIYADH, KSA, RIYADH, SAUDI ARABIA"
IT-RANKS Technology,IT-RANKS Technology,555106350,https://www.it-ranks.com,"KING ABDULAZIZ ST, ALYASSMIN DISTRICT, RIYADH, SAUDI ARABIA"
JADWAA ALHAYAAT TELECOM & IT EST,JADWAA ALHAYAAT TELECOM & IT EST,+966148317635,https://www.jadwaa.com,"OMAR BIN ALKHATTAB BRANCH ROAD, RIYADH, SAUDI ARABIA"
JAFEER TECHNOLOGIES,JAFEER TECHNOLOGIES,+966534105723,https://jafeer.com/,"AKARIA MALL BUILDING 3 GATE 15 OLAYA STREET, RIYADH, SAUDI ARABIA"
Jamal Jaroudi Group,JAMAL JAROUDI GROUP,966112053030203,https://jaroudigroup.com,"SAUDI ARABIA, RIYADH, SAUDI ARABIA"
JERAISY COMPUTER AND COMMUNICATION SERVICES (JCCS),JERAISY COMPUTER & COMMUNICATION SERVICES EST,+966114198000,https://www.jccs.com.sa,"KING FAHD HIGHWAY, AL JERAISY BUILDING, RIYADH, SAUDI ARABIA"
JINAN ARABIA FOR GENERAL CONTRACTING,JINAN ARABIA FOR GENERAL CONTRACTING,+966570663188,https://iconnect-intl.com/,"SUPER OFFICE SWIDI - RIYADH, RIYADH, SAUDI ARABIA"
JISR ICT,JISR ICT,+966540065944,https://www.jisrict.com,"AL IMAM ABDUL AZIZ, ALFAYSALIAH, JEDDAH, SAUDI ARABIA"
JODAYN INFORMATION TECHNOLOGY,JODAYN INFORMATION TECHNOLOGY,+966553329747,https://www.jodayn.com,"RIYADH - AL TAAWUN DISTRICT - ABU BAKR AL SIDDIQ R, RIYADH, SAUDI ARABIA"
JRM GULF FOR COMMUNICATIONS,JRM GULF FOR COMMUNICATIONS,+966501138847,https://www.jrmgulf.com,"AL MUGHEERA IBN AYYASH, AL SULAIMANIYAH, RIYADH, RIYADH, SAUDI ARABIA"
JUSOOR FOR COMMUNICATIONS & INFORMATION TECHNOLOGY,JUSOOR ALTAMIL TELECOM CO,+966598858487,https://www.connectps.com,"115 AL UMAM COMMERCIAL CENTER, RIYADH, SAUDI ARABIA"
Jusoor Professional Services,JUSOOR PROFESSIONAL SERVICES,+966543022391,https://www.connectps.com,"RIYADH, RIYADH, SAUDI ARABIA"
K-Tech,KHOZAIM TECHNOLOGY,+966920000215,https://www.K-Tech.com.sa,"OLYA STREET COMPUTER MARKET ALSAIF BUILDING 5TH FLOOR OFFICE 507, RIYADH, SAUDI ARABIA"
Kadia trading,KADIA TRADING,+966553233069,https://www.Alkadya.com,"OLAYA, RIYADH, SAUDI ARABIA"
KALAAM TELECOM FOR COMMUNICATIONS LLC SINGLE PERSON COMPANY,KALAAM TELECOM FOR COMMUNICATIONS LLC SINGLE PERSON COMPANY,+966920014784,,"414 BUSINESS GATE DAMMAM, Alkhalidiyah Ash Shamaliyah District, AD DAMMAM, SAUDI ARABIA"
Kanoo Elite Company Limited,Kanoo Elite Company Limited,+966138178559,https://kanooelite.com/,"109 AL SAADOUN TOWER 1ST FLOOR KHALID BIN WALEED S, AD DAMMAM, SAUDI ARABIA"
KAYANAT Golden Tech foe information technology,KAYANAT Golden Tech foe information technology,+966533795664,http://www.goldentech-me.com/,"966533795664, KAYANAT GOLDEN TECHNOLOGY 966533795664 RIYADH SAUDI ARABIA, RIYADH, SAUDI ARABIA"
keir international,KEIR INTERNATIONAL COMPANY,+966114940999,https://www.keir.com.sa,"6678 Wag Valley, Al Malga District  Riyadh 13524-3744 Saudi Arabia, RIYADH, SAUDI ARABIA"
Khalidiya supplies est,KHALIDIYA SUPPLIES EST,+966506883277,https://Www.kse.sa,"ALURUBAH RD, RIYADH, SAUDI ARABIA"
Kira Business Services,KIRA BUSINESS SERVICES,+966546866583,https://www.kira.sa,"NRR AT TA'AWON DIST EXIT 6, RIYADH, SAUDI ARABIA"
Knowledge connect,KNOWLEDGE CONNECT,+966554885003,https://kcc.sa,"3692 SYED IBN AMIR AN NAKHEEL, RIYADH, SAUDI ARABIA"
KNOWLEDGE PARTNERS INFORMATION TECHNOLOGY,KNOWLEDGE PARTNERS INFORMATION TECHNOLOGY,+966553221037,,"9TH STREET AL AMAMRAH, AD DAMMAM, SAUDI ARABIA"
KYAN COOPERATION FOR INFORMATION TECHNOLOGY,KYAN COOPERATION FOR INFORMATION TECHNOLOGY,+966571210977,https://kyan.org.sa,"THABIT BIN ATYL, ALMALAZ, RIYADH, SA, RIYADH, SAUDI ARABIA"
Kyndryl Saudi Arabia,KYNDRYL SAUDI INFORMATION TECHNOLOGY COMPANY,1,https://www.kyndryl.com,"KINGDOM CENTRE 2239 AL URUBAH ROAD, RIYADH, SAUDI ARABIA"
lamar united Company,LAMAR UNITED COMPUTER,+966114111010,https://www.lamarit.com,"IMAM ABDULLAH IBN SAUD IBN ABDULAZIZ BRANCH RD, ISHBILIYAH, RIYADH 13225, RIYADH, SAUDI ARABIA"
Lantern Software and Security Systems Co. LTD,Lantern Software and Security Systems Co. LTD,+966138982820,https://www.lanternsystems.com,"2ND FLOOR, STAYBRIDGE BUSINESS SUITE, KING FAHAD ST, QURTUBAH DISTRICT, AL KHUBAR, SAUDI ARABIA"
Last Mile Trading,LAST MILE TRADING,+966138999927,https://www.lmac-me.com,"1 ST STREET, KHOBAR, SAUDI ARABIA"
Leader Group,LEADER INVESTMENT GROUP,+966920009276,https://leadergroup.com/,"1578 RIYADH, RIYADH, SAUDI ARABIA"
Leap Networks Arabia Co,Leap Networks Arabia Co,+966138491867,https://www.leap-arabia.com/,"IBN SINA, AL-KHOBAR,KSA, AL KHUBAR, SAUDI ARABIA"
LINK DOT NET ALARABIA ALSAUDIA COMPANY,LINK DOT NET ALARABIA ALSAUDIA COMPANY,+966112190303,https://www.linkdevelopment.com,"BUILDING 2803 PRINCE MOHAMED BIN ABDUL AZIZ STAL TAHLIYA,LOCALIZER MALL,1ST FLOOR,OFFICE 47, RIYADH, SAUDI ARABIA"
LTIM ARAMCO DIGITAL SOLUTIONS FOR INFORMATION TECHNOLOGY,LTIM ARAMCO DIGITAL SOLUTIONS FOR INFORMATION TECHNOLOGY,+966138127708,https://www.ltimindtree.com,"205 1ST FLOOR BUSINESS GATE, AD DAMMAM, SAUDI ARABIA"
LUCID COMMUNICATIONS & IT CO.,LUCID COMMUNICATIONS & IT COMPANY,+966112920290,https://www.lucidt.com,"SECOND INDUSTRIAL DISTRICT, RIYADH, SAUDI ARABIA"
Luna Space Telecommunications Co. Ltd,SKYBAND,+966112087575,,"AL RABWA NEAR AL NAHDA PARK, RIYADH, SAUDI ARABIA"
MADA AL TAKAMUL FOR INFORMATION TECHNOLOGY,MADA AL TAKAMUL FOR INFORMATION TECHNOLOGY,+966535838392,https://www.mada-it.com,"KING ABDULLAH ROAD, RIYADH, SAUDI ARABIA"
MADAAR SURAA'A,MADAAR SURAA'A,583340222,https://madaar.com.sa/,"STREET IBN MUBSHER - DISTRICT AL RAWABI DIST, RIYADH, SAUDI ARABIA"
MADAR INFORMATICS,MADAR INFORMATICS,+966122611664,https://www.almadar-ksa.com,"TAHLIA, JEDDAH, SAUDI ARABIA"
MADAR RAQMIYAT COMPANY,MADAR RAQMIYAT COMPANY,+966533445266,https://digitumz.com,"PRINCE MAMDOUH BIN ABDELAZIZ, SULAIMANEYAH, RIYADH, SAUDI ARABIA"
MAFHZA TRADING COMPANY,MAFHZA TRADING COMPANY,+966507986573,https://mafhzatrading.com,"PRINCE ABDULAZIZ IBN MUSSAED IBN JALAWI- ALOLAYA- SAUDIARABIA, PRINCE ABDULAZIZ IBN MUSSAED IBN JALAWI- ALOLAYA- SAUDIARABIA, RIYADH, SAUDI ARABIA"
MAJAL COMPANY FOR IT NETWORKS,MAJAL COMPANY FOR IT NETWORKS,+966507809247,https://www.majalnet.com,"BUILDING NUMBER 4488 SALAH AL DIN AL AYOUBI RD - J, RIYADH, SAUDI ARABIA"
MAJID MUSTAFA HEJAZI CONTRACTING COMPANY,MAJID MUSTAFA HEJAZI CONTRACTING COMPANY,+966500747576,https://www.majtechai.com,"PRINCE TURKI ALAWAL WITH MAKKAH ROAD, RIYADH, SAUDI ARABIA"
Maktabi smart offices company,MAKTABI SMART OFFICES COMPANY,+966115120177,https://www.maktabitech.com,"ALSULAYMANIYAH, RIYADH, SAUDI ARABIA"
MALAMEH AL MAJD TRADING COMPANY,MALAMEH AL MAJD TRADING COMPANY,+966564705555,https://al-majdtrading.com,"BULDING NO 8672 AL MALAZ DIST 3418, RIYADH, SAUDI ARABIA"
Manarat Al-Shabakat IT CO.,MANARAT ALSHABAKAT ALMUTATAWIRAH COMPANY LTD,+966114782526,https://www.bnetworksit.com,"MALAZ, RIYADH, SAUDI ARABIA"
MANTECH SYSTEMS COMPANY LIMITED,MANTECH SYSTEMS COMPANY LIMITED,+966126611310,https://mantechsystems.com,"NO D-13, 6TH FLOOR,, CITY CENTER, MADINA ROAD,, JEDDAH, SAUDI ARABIA"
MASAT AL ALFIAH,MASAT AL ALFIAH,+966540004879,https://almashstore.com/,"SAUDI ARABIA, GULF BUSINESS COMPLEX, RIYADH, SAUDI ARABIA"
MASTER WORKS FOR INFORMATION TECHNOLOGY COMPANY,MASTER WORKS FOR INFORMATION TECHNOLOGY COMPANY,+966552180018,https://master-works.sa/,"RIYADH - KSA, RIYADH, SAUDI ARABIA"
Matrix Experts Trading Est.,MATRIX EXPERTS COMPANY LTD,+966138102224,https://matrixexperts.com,"6140 KING SALMAN STREET, SOMOU TOWER OFF, AL KHUBAR, SAUDI ARABIA"
Matrix Systems,MATRIX SYSTEMS,+966112385666,https://www.matrixest.com,"4359 AMR BIN AL AS AL WISHAM DIST UNIT NO404, RIYADH, SAUDI ARABIA"
MAWARID ELECTRONICS LTD,MAWARID ELECTRONICS LTD,+966115050800,https://www.mel.sa,"SALAH AL DIN AL AYOUBI ROAD, RIYADH, SAUDI ARABIA"
MCC,AL MESPAR CONTRACTING CORPORATION,+966125475734,https://www.almespar.com,"ALNOZAHA MAKKAH, PO BOX MCC, MAKKAH, SAUDI ARABIA"
MCTAL FOR IT SERVICES AND COMMUNICATION,MCTAL FOR IT SERVICES AND COMMUNICATION,+966538630445,https://www.mctal.com,"RIYADH, RIYADH, SAUDI ARABIA"
MDS FOR COMPUTER SYSTEMS CO.,MDS FOR COMPUTER SYSTEMS CO.,+966114791313,https://www.mdscs.sa,"MOHAMMED M AL RUMAIH EST, FATIMA TUL ZAHRA STREET PEPSI COLA ROAD, RIYADH, SAUDI ARABIA"
MEDAD AL EBTIKAR FOR INFORMATION TECHNOLOGY,MEDAD AL EBTIKAR FOR INFORMATION TECHNOLOGY,+966598616976,https://www.techstrike.com.sa,"KING FAHAD RD, OLAYA, RIYADH, 12214, RIYADH, SAUDI ARABIA"
Megamind IT Solutions,MEGAMIND IT SOLUTIONS,+966537548028,https://www.megamind-it.com,"KINGS ROAD TOWER, JEDDAH, SAUDI ARABIA"
MENATECK Trading Company,MENATECK Trading Company,+966558390737,https://menateck.com/itsolutions/,"BUILDING 6785 KHALID BIN AL WALEED STREET ASH SHAR, FLOOR 1, JEDDAH, SAUDI ARABIA"
MERYKH ARABIAN TECHNOLOGIES,MERYKH ARABIAN TECHNOLOGIES,581445566,https://www.merykh.com/,"RIYADH, RIYADH, SAUDI ARABIA"
MGHANEM ALRAMZ,MGHANEM ALRAMZ,+966505152135,https://alharamain.gov.sa,"ALMUNISIAH DISTRICT, ALSUFRAA STREET, RIYADH, SAUDI ARABIA"
MICROTEC FOR INFORMATION TECHNOLOGY,MICROTEC FOR INFORMATION TECHNOLOGY,+966507526485,https://www.microtec.com.sa,"434 AL URUBA STREET, RIYADH, SAUDI ARABIA"
Middle East Internet Co.Ltd - Cyberia,MIDDLE EAST INTERNET COLTD CYBERIA,+966114647114,https://www.cyberia.net.sa,"ABDUL AZIZ AB AL KHAIL BLDG, RIYADH, SAUDI ARABIA"
Middle East Task Co,Middle East Task Co,+966112066615,https://www.metco-sa.com/,"AL ZAHRA BAKIK 2548 UNIT 2 AR RIYADH 12811 -7571, RIYADH, SAUDI ARABIA"
MIKENOPA ARABIA FOR INFORMATION TECHNOLOGY COMPANY,MIKENOPA ARABIA FOR INFORMATION TECHNOLOGY COMPANY,573746665,http://www.mikenopa.com/,"IBN MALIK STREET, RIYADH, SAUDI ARABIA"
MOAMMAR INFORMATION SYSTEMS CO (MIS),MOAMMAR INFORMATION SYSTEMS COMPANY MIS,+966920000334,https://www.mis.com.sa,"PO BOX 6330, RIYADH, SAUDI ARABIA"
MOBDEON TRADING COMPANY,MOBDEON TRADING COMPANY,538100047,https://www.mobdeon.com,"PRINCE MOHAMMED IBN SALMAN ROAD, RIYADH, SAUDI ARABIA"
Mobile Business Company LTD,Mobile Business Company LTD,+966546143939,https://www.mbuzz.com.sa,"CS01 5TH FLOOR UNIT 11, RIYADH, SAUDI ARABIA"
MODERN ADVANCE FIX,MODERN ADVANCE FIX,+966593282338,https://www.maf-sa.com,"IBRAHIM BIN AQEEL ST, RIYADH, SAUDI ARABIA"
Modern Alliance Group,MODERN ALLIANCE GROUP,+966122601222,https://www.mag.sa,"4734 ABDULLAH SULIMAN ROAD, OFFICE 7, JEDDAH, SAUDI ARABIA"
MODERN ARABIAN SYSTEMS FOR TELECOMMUNICATION AND INFORMATION TECHNOLOGY EST,MODERN ARABIAN SYSTEMS FOR TELECOMMUNICATION AND INFORMATION TECHNOLOGY EST,+966114025065,https://www.masinfosys.com,"RIYADH SA, RIYADH, SAUDI ARABIA"
MODERN MEDIA SYSTEM,MODERN MEDIA SYSTEM,+966112439734,https://www.mms.com.sa,"BUSINESS GATE BLDG 8 FLOOR 1 NEAR EXIT-8, RIYADH, SAUDI ARABIA"
MODERN PIONEERS LTD COMPANY,MODERN PIONEERS LTD COMPANY,+966565064380,https://www.mplt-ksa.com,"3442 PRINCE ABDULMOHSIN BIN ABDULAZIZ MALAZ DIST RIYADH, RIYADH, SAUDI ARABIA"
Modern Technology ( Moteco),Modern Technology ( Moteco),+966531275965,https://www.moteco.com,"7622 KING FAHD ROAD AN NAKHIL DISTRICT 12381 RIYAD, RIYADH, SAUDI ARABIA"
MODERN WAVE TELECOMMUNICATIONS AND TECHNOLOGY,MODERN WAVE TELECOMMUNICATIONS AND TECHNOLOGY,+966539797909,http://www.mwtksa.com,"7534 KING ABDULAZIZ ROAD, RIYADH, SAUDI ARABIA"
MOHAMMAD AL HROUB & PARTNERS COMPANY LTD FIREROCKS IT,MOHAMMAD AL HROUB & PARTNERS COMPANY LTD FIREROCKS IT,+966568194249,https://www.firerocksit.com,"3134 RIYADH HAY ALZAHRAA, RIYADH, SAUDI ARABIA"
MOSOOK GENERAL CONTRACTING COMPANY,MOSOOK GENERAL CONTRACTING COMPANY,+966536633042,https://group.mosook.com/,"511 AL MADINAH AL MUNAWARAH 7562 AL MERQAB DIST AL, AL JUBAIL, SAUDI ARABIA"
MOUJOD TECH,MOUJOD TECH,+966920008933,https://www.moujod.net,"UBAIDAH IBN AL HARITH, RIYADH, SAUDI ARABIA"
Moxmon,MOXMON INFORMATION TECHNOLOGY COMPANY,+966138314595,https://www.moxmon.com,"AL NAJIM BUSINESS CENTER PRINCE MANSOUR BIN ABDUL STREET, AD DAMMAM, SAUDI ARABIA"
MS Technologies,MS TECHNOLOGIES,+966530423166,https://www.mstechme.com,"5 RING ROAD, RIYADH, SAUDI ARABIA"
MTC GULF,MTC GULF,+966562568847,https://www.mtc-gulf.com,"ABI SAEED AL MOUSALI STREET - AL KAWTHAR DISTRICT, AL KHUBAR, SAUDI ARABIA"
MUBADARA AL OULA SECURITY COMPANY,MUBADARA AL OULA SECURITY COMPANY,+966920010734,https://www.mubadara.sa,"502 AL WALEED CENTER, JEDDAH, SAUDI ARABIA"
MUBTECH LILITTISALAT WATAQNIYAT ALMAELUMAT COMPANY,MUBTECH LILITTISALAT WATAQNIYAT ALMAELUMAT COMPANY,0554784500,https://www.Mubtech.Sa,"PRINCE ABDULAZIZ BIN MUSAED BIN JALAWI STREET, BUILDING 331, AL-OLAYA DISTRICT, RIYADH 11431, SAUDI, RIYADH, SAUDI ARABIA"
MULTI TELECOMMUNICATION SOLUTIONS,MULTI TELECOMMUNICATION SOLUTIONS,+966564034054,https://www.mtsksa.com,"ADAM IBN RABIAH STREET, RIYADH, SAUDI ARABIA"
MULTI TRADING ESTABLISHMENT,MULTI TRADING ESTABLISHMENT,+966570094449,https://www.multi-sa.com,"AL MUTANABBI STREET, AL MALAZ, RIYADH, RIYADH, SAUDI ARABIA"
MULTIPLE CIRCUITS,MULTIPLE CIRCUITS,+966556056333,https://WWW.MULTIPLECIRCUITS.COM,"GHURNATAH STREET - ALAZIZIYAH DIST, JEDDAH, SAUDI ARABIA"
Musanada,MUSANADA,+966501825052,http://musanada.sa/Main/contact.html,"RIYADH - KSA, RIYADH, SAUDI ARABIA"
MUSTAQBAL AL AMAL FOR COMMUNICATIONS & IT COMPANY HENDITECH,MUSTAQBAL AL AMAL FOR COMMUNICATIONS & IT COMPANY HENDITECH,+966920011736,https://www.matech.com.sa,"4146 PRINCE MOHAMMED IBN SALMAN IBN ABDUL-AZIZ ROAD, RIYADH, SAUDI ARABIA"
N.I.L Middle East for Commercial Services,N.I.L Middle East for Commercial Services,+966598996292,https://www.nil-me.com,"Riyadh Al Muhandis Mussaed Al Anqari Street, Building No. 7503, Al Sulaimaniyah Dist.,Postal Code 12245, RIYADH, SAUDI ARABIA"
NABDAT ELKAMM COMPANY FOR INFORMATION TECHNOLOGY,NABDAT ELKAMM COMPANY FOR INFORMATION TECHNOLOGY,+966549826103,https://qp-it.com/,"OLAYA STREET, RIYADH, SAUDI ARABIA"
NADAIR ALFARIS TRADING EST,NADAIR ALFARIS TRADING EST,+966114762036,https://alfaris-it.com/,"2431 RAFI BIN AL ALI-AL, RIYADH, SAUDI ARABIA"
NAHIL COMPUTER COMPANY,NAHIL COMPUTER COMPANY,96614645373,https://nahil.com.sa,"PRINCE ABDULAZIZ IBN MUSAID IBN JALAWI, RIYADH, SAUDI ARABIA"
Nahla Trading,AL NAHLA ARABIAN IT COMPANY,+966539848481,https://www.nahlatelecom.com,"AL WADI AL AHMAR, AL AHMAR, SAUDI ARABIA"
NAS INNOVATIONS EST,NAS INNOVATIONS EST,533127191,https://www.nasstech.net,"SHURFA, NAS INNOVATIONS, RIYADH, SAUDI ARABIA"
NASAQ TECHNOLOGY EST,NASAQ TECHNOLOGY EST,+966112158886,https://www.nasaq.co,"LOAYE AL AKKAS OFFICE, FLOOR NO 49, KINGDOM TOWER, RIYADH, RIYADH, SAUDI ARABIA"
Naseej Business,NASEEJ BUSINESS,+966920007796,https://nb.sa,"AL-HUSAIN BIN ALI STREET, RIYADH, SAUDI ARABIA"
Nastech Services Arabia for IT Co.,Nastech Services Arabia for IT Co.,+966138693485,https://www.nastechgroup.com,"Building No. 8407, Prince Sultan Street 27th cross, Al Khobar Al Shamaliyah, AL KHUBAR, SAUDI ARABIA"
National Advanced Systems Company NASCO,NATIONAL ADVANCED SYSTEMS COMPANY LTD NASCO,+966114507772,https://www.nasco.com.sa,"RIYADH-11523, RIYADH, SAUDI ARABIA"
NATIONAL COMPUTER SYSTEMS COMPANY,NATIONAL COMPUTER SYSTEMS COMPANY,+966126444777,https://WWW.NATCOM.COM.SA,"10TH FLOOR, HHA BUILDING, JEDDAH, SAUDI ARABIA"
National DataServe and Turnkey Solutions,NATIONAL DATASERVE & TURNKEY SOLUTIONS,+966114603006,https://ksatendersgate.com,"AL RUSAIS COMMERCIAL CENTER OLAYA MAIN ROAD, RIYADH, SAUDI ARABIA"
NCR Solutions Middle East LLC,NCR SOLUTIONS MIDDLE EAST LLC,+966112180202,https://www.ncratleos.com,"ABRAJ ATTAUNIYAH SOUTH TOWER FLOOR 15, RIYADH, SAUDI ARABIA"
NEC Saudi Arabia LTD,NEC Saudi Arabia LTD,96614653381,https://www.NEC.com,"RABEA TOWER OLAYA MAIN STREET, RIYADH, SAUDI ARABIA"
NEPTON SYSTEMS,NEPTON SYSTEMS,+966567309964,https://www.neptonsystems.com,"DHAHRAN- BN12624 - ALMALAZ , RIYADH , KSA, RIYADH, SAUDI ARABIA"
NESMA TRADING,NESMA TRADING COMPANY LTD,+966138298400,https://www.nesmaunitedindustries.com,"CORNISH ROAD CROSS STREET, 4, AL KHOBAR, SAUDI ARABIA"
NETOORKS,NETOORKS,+966112622215,https://www.netoorks.com,"2729 SALAHUDDIN AL AYYUBI ST AL MALAZ RIYADH 12841, RIYADH, SAUDI ARABIA"
NETS INTERNATIONAL LIMITED,NETS INTERNATIONAL LIMITED,+966563633913,https://nets-international.com,"AS SAHAFA DISTRICT KING ABDUL AZIZ STREET, RIYADH, SAUDI ARABIA"
NETSEC ESTABLISHMENT,NETSEC ESTABLISHMENT,+966567473997,https://netsec.sa,"11TH KING FAHD STREET, AL KHUBAR, SAUDI ARABIA"
Network Build kits,Network Build kits,+966500900717,https://www.netkit.sa,"ALGHYTH STREET, JEDDAH, SAUDI ARABIA"
NETWORK INTELLIGENCE,NETWORK INTELLIGENCE,+966501687338,https://www.networkintelligence.ai,"4 OFFIC, RIYADH, SAUDI ARABIA"
NETWORK SEA CO.,NETWORK SEA CO.,+966112170269,https://nsea.com.sa,"OLAYEE STREET, RIYADH, SAUDI ARABIA"
NETWORK TARMEEZ,NETWORK TARMEEZ,+966593196500,https://www.nettarmeez.sa,"NAJED, DAHRAT LABAN, RIYADH, SAUDI ARABIA"
Networking technology world,NETWORKING TECHNOLOGY WORLD,+966126512499,https://WWW.NTW4IT.COM,"JEDDAH - KHALED BIN EL WALEED STREET, JEDDAH - KHALED BIN EL WALEED STREET, JEDDAH, SAUDI ARABIA"
Networks And More Co.,NETWORKS & MORE,460033,https://www.networksandmore.com.sa,"OLAYA MAIN STREET,ALRUSAIS, RIYADH, SAUDI ARABIA"
NETWORKS AND TECHNOLOGIES,NETWORKS AND TECHNOLOGIES,+966535821290,https://ntc.com.sa,"8200 EASTERN ROAD AL EZDIHAR DISTRICT, RIYADH, SAUDI ARABIA"
NETWORKS COMMUNICATION EST.,NETWORKS COMMUNICATION EST.,+966569665252,https://www.nc-solution.net,"Orba Business Center, 4731 AL MAKARUNAH BRANCH AR RABWAH DISTRICT 7267, JEDDAH, SAUDI ARABIA"
NEW GENERATION MISSION SYSTEMS ARABIA,NEW GENERATION MISSION SYSTEMS ARABIA,+966535366098,https://www.ngmsa.com/,"31952 KHOBAR BANDARIAH-, AL KHUBAR, SAUDI ARABIA"
New Mavericks Technologies,New Mavericks Technologies,+966581700717,https://www.newmavericks.sa,"7744 Takhasussi Street, Al Nakheel Dist 4263, Riyadh, SAUDI ARABIA"
NEW NABRAS FOR SECURITY AND SAFETY,NEW NABRAS FOR SECURITY AND SAFETY,+966583402800,https://www.newnabrasgroup.com,"AL SHMAK IBN AL ULA STREET, BUILDING 3174, JEDDAH, SAUDI ARABIA"
New Technology Systems Saudi Arabia Est.,NEW TECHNOLOGY SYSTEMS SAUDI ARABIA EST.,+966503860531,https://www.ntsanet.com,"king Fahd Street , cross 1, Al Khobar, SAUDI ARABIA"
NEX TECHNOLOGYSA,NEX TECHNOLOGYSA,+966503118749,https://www.nextechnologysa.com,"RIYADH, AL SAHAFAH, RIYADH, SAUDI ARABIA"
NEXA TECH COMPANY,NEXA TECH COMPANY,573691419,https://www.nexa-tech.sa,"2893 ABI TAMAM AL HASHIMI STREET, RIYADH, SAUDI ARABIA"
NEXIS LINK INTEGRATION SOLUTIONS,NEXIS SAUDIA,+966500014491,https://www.nexis.sa,"PRINCE SAUD AL FAISAL STREET AL-MUKMAL TOWER, JEDDAH, SAUDI ARABIA"
Next Generation Bits Arabia Limited Company,Next Generation Bits Arabia Limited Company,+966509738544,https://www.nexgenbits.com,"KHADIM AL HARAMAIN ASH SHARIFAIN ROAD, BUILDING 3020, AL KHUBAR, SAUDI ARABIA"
Next Generation Networks,NEXT GENERATION CINEMA,+966920000684,https://www.ngn-sa.com,"KING ABDULAZIZ ROAD, RIYADH, SAUDI ARABIA"
Next Generation Services,NEXT GENERATION SERVICES,+966126580699,https://www.nextgs.net,"Murjanah Tower, Rwdah District, JEDDAH, SAUDI ARABIA"
NEXTGEN DIGITAL SOLUTIONS,NEXTGEN DIGITAL SOLUTIONS,+966533433684,https://www.nextgen-digitalsolutions.com,"FIRST FLOOR OFFICE NO 12 BLDG NO 3544, RIYADH, SAUDI ARABIA"
NORTH TEK LLC,NORTH TEK LLC,+966508368802,https://www.northtekglobal.com,"34627 POSTAL CODE, 6853, AL KHUBAR, SAUDI ARABIA"
NourNet,NourNet,+966114728900,https://www.nour.net.sa,"OFFICE #208 539 SALAH EL DIEN ROAD, AL-UMMAM COM SOUTH TOWER, RIYADH, SAUDI ARABIA"
NOVASAT COMMERCIAL COMPANY,NOVASAT COMMERCIAL COMPANY,+966920022006,https://www.novasat.com.sa,"NOVASAT COMMERCIAL COMPANY BUILDING NO32C BUSINESS, RIYADH, SAUDI ARABIA"
NOWA TECHNOLOGY CONTRACTING COMPANY,NOWA TECHNOLOGY CONTRACTING COMPANY,+966558474736,https://www.nowa.io,"AR RAJMIYAH, المصيف، الرياض 12465, RIYADH, SAUDI ARABIA"
NOZOM IT COMPANY,NOZOM IT COMPANY,+966112622006,https://nozomtechs.com/,"NOZOM, NOZOM, RIYADH, SAUDI ARABIA"
NUDHUM AL-OULA LLC,NUDHUM AL-OULA,+966114565666,https://www.nudhum.com,"11578 RIYADH RIYADH, RIYADH, SAUDI ARABIA"
OASIS FUSION BUSINESS SERVICES,OASIS FUSION BUSINESS SERVICES,+966114924073,https://www.oasisfusionservices.com,"OFFICE 406, FLOOR 4, AMEERAH BUILDING, ST 8, AL OLAYA COMPUTER MARKET, RIYADH, SAUDI ARABIA"
OCTOPIAN ARABIA,OCTOPIAN ARABIA,+966543222276,https://www.octopian.com,"6629 KING ABDULAZIZ ROAD, RIYADH, SAUDI ARABIA"
olaya brightness for it,OLAYA BRIGHTNESS FOR IT,+966112034368,https://decypha.com,"AHMED AT TAMIMI, RIYADH, RIYADH, SAUDI ARABIA"
OLOOM ALSHABAKA COMMUNICATION LLC,OLOOM ALSHABAKA COMMUNICATION LLC,+966546729922,https://wiconnect.com.sa/,"9259 WADI AL THUMMAMAH ST AL OLAYA DISTRICT, RIYADH, SAUDI ARABIA"
omnix,OMNIX INTERNATIONAL,+966114647113,https://omnix.com/,"RIYADH BUSINESS GATE BUILDING C4 GROUND FLOOR, RIYADH, SAUDI ARABIA"
One Click for Trading est,ONE CLICK FOR TRADING COMPANY,+966568880611,https://oneclicksa.com,"52 ST, RIYADH, SAUDI ARABIA"
ONETEK LTD COMPANY,ONETEK LTD COMPANY,+966509029287,https://www.onetek-ltd.com,"RAHMANIYA , RIYADH, 6611TAKHASSUSI, RIYADH, SAUDI ARABIA"
OPAL TELECOM & SECURITY SYSTEM,OPAL TELECOM & SECURITY SYSTEM,+966561932020,https://www.opal-t.com.sa,"QASSIM REGION BURAIDAH CITY AN NAHDAH DISTRICT OTH STREET, BURAYDAH, SAUDI ARABIA"
OPENWAY TECHNICAL SUPPORT SERVICES COMPANY,OPENWAY TECHNICAL SUPPORT SERVICES COMPANY,+966138179368,https://www.openwayes.com,"OFFICE 502, 5TH FLOOR, BUILDING NO 5227, AL KHUBAR AL JANUBIYAH DIST 8177, AL KHUBAR, SAUDI ARABIA"
Optimus Telecom Company,Optimus Telecom Company,+966559083731,https://www.optimus-telecom.com,"KING ABDULAZIZ STREET, RIYADH, SAUDI ARABIA"
ORAIT,ORA-INFOTECH CO,+966138875871,https://www.orait.com.sa,"PO BOX 30052, AL KHOBAR, SAUDI ARABIA"
ORANGE BUSINESS SERVICES,ORANGE BUSINESS SERVICES SAUDI ARABIA,009661183835035,,"KING FAHD ROAD, Tatweer Complex, RIYADH, SAUDI ARABIA"
ORBITA FOR INFORMATION TECHNOLOGY,ORBITA FOR INFORMATION TECHNOLOGY,+966549068568,https://www.orbitatechs.com,"AL OLAYA ST - ROSASI COMMERCIAL BUILDING - OFFICE, RIYADH, SAUDI ARABIA"
Oregon Systems Company Branch,OREGON SYSTEMS COMPANY BRANCH,+966138452624,https://www.oregon-systems.com,"AL ABDULKARIM TOWER 20TH FLOOR OFFICE 1 DAMMAM KIN, AD DAMMAM, SAUDI ARABIA"
Orionedge Consulting Company,ORIONEDGE CONSULTING COMPANY,+966138493636,https://www.orionedge.com,"KHOBAR BUSINESS GATE, AL KHUBAR, SAUDI ARABIA"
OSIT,OSIT,+966112548834,https://osit.com.sa,"7843 EASTERN RING SUB ROAD AL RAYYAN RIYADH - KSA, RIYADH, SAUDI ARABIA"
OSSMANTECH TRADING COMPANY,OSSMANTECH TRADING COMPANY,+966546290209,https://www.ossmantech.com,"SHARBATLY PLAZA KING ABDULLAH BRANCH RD JEDDAH 222, 403, JEDDAH, SAUDI ARABIA"
PC COMMUNICATION,PC COMMUNICATION,+966112009232,https://www.pcc.net.sa,"SALAUDDIN AL AYUBI ROAD, RIYADH, SAUDI ARABIA"
PERFECT PRESENTATION FOR COMMERCIAL SERVICE,PERFECT PRESENTATION FOR COMMERCIAL SERVICE,+966112150111,https://www.2p.com.sa,"RIYADH, RIYADH, SAUDI ARABIA"
Pioneers of Gulf Networks,PIONEERS OF GULF NETWORKS,+966500621521,,"OLAYA AREA, RIYADH, SAUDI ARABIA"
POWER SOLUTIONS COMPANY LTD,POWER SOLUTIONS COMPANY LTD,+966500301089,https://www.powersolutions.com.sa,"OFFICE 311 - 3RD FLOOR, AL BANDARIYAH TOWERS B, PRINCE FAISAL BIN FAHD ROAD, AL BANDARIYAH DISTRIC, AL KHUBAR, SAUDI ARABIA"
POWER SOURCE TRADING COMPANY,POWER SOURCE TRADING COMPANY,+966920035009,https://www.powersourcesa.com,"BAHR AL ARAB STREET, BUILDING 6857, RIYADH, SAUDI ARABIA"
PRECEDENCE TECHNOLOGIES LLC,PRECEDENCE TECHNOLOGIES LLC,+966112490603,https://www.precedence.tech,"2629, RIYADH, SAUDI ARABIA"
PREMIER TECHNOLGY COMPANY,PREMIER TECHNOLGY COMPANY,+966920004181,https://www.premier.sa,"PO BOX 61443, 7 USMAN BIN AFWAAN ROAD TOWARDS EXIT, RIYADH, SAUDI ARABIA"
PRIME GATE TECHNOLOGY,PRIME GATE TECHNOLOGY,+966112013736,,"PO BOX 56973, RIYADH, SAUDI ARABIA"
PRIME LINKS FOR COMMUNICATIONS AND INFORMATION TECHNOLOGY,PRIME LINKS FOR COMMUNICATIONS AND INFORMATION TECHNOLOGY,+966544918987,https://prime-links.com/,"87795 ALSHIFA - ALBUHAYRAH DIST ALKHOBAR, AL KHUBAR, SAUDI ARABIA"
PROCOM TECHNOLOGIES,PROCOM TECHNOLOGIES,+966112161391,https://www.procomme.com,"Office#1,Al Jammaz  Building, Prince Sultan Bin Abdul Aziz Street,Olaya, Riyadh, SAUDI ARABIA"
Professional Advanced IT Solutions,Professional Advanced IT Solutions,+966566177655,https://www.paisgulf.com,"RIYADH - DAMMAM STREET, RIYADH, SAUDI ARABIA"
PROFESSIONAL INFORMATION TECHNOLOGY PROITECH,PROFESSIONAL INFORMATION TECHNOLOGY PROITECH,+966507482857,https://www.proitech.net,"JAMJOOM COMMERCIAL CENTER LEVEL 5 OFFICE 33 GATE 6, JEDDAH, SAUDI ARABIA"
Professional IT Solution,PROFESSIONAL IT SOLUTION,+966568891545,https://Protec-sa.com,"3224 - AS SANABEL, JEDDAH, SAUDI ARABIA"
PROFESSIONAL PROGRAM,PROFESSIONAL PROGRAM,+966920003017,https://www.ppc.net.sa,"0506656721 MOBILE, JEDDAH, SAUDI ARABIA"
PROFESSIONAL TOUCH FOR CYBERSECURITY,PROFESSIONAL TOUCH FOR CYBERSECURITY,+966112137090,https://www.p-touch.net,"RIYADH, RIYADH, SAUDI ARABIA"
PROJECTS LINKS TRADING AND CONTRACTING COMPANY,PROJECTS LINKS TRADING AND CONTRACTING COMPANY,+966555854422,https://www.projectslinks.com,"32221 KINGDOM OF SAUDI ARABIA, AD DAMMAM, SAUDI ARABIA"
Pulse information technology,Pulse information technology,+966559819942,https://www.pulseinfotech.sa,"KING ABDULAZIZ ROAD, 9278, AL JUBAIL, SAUDI ARABIA"
PURE DATA,PURE DATA,+966112960234,https://www.puredat.com,"RIYADH KING FAHAD ROAD, RIYADH, SAUDI ARABIA"
PURELIGHT TRADING EST,PURELIGHT TRADING EST,+966539291333,,"SAUD IBN ABDULAZIZ IBN MUHAMMAD BRANCH, 3038, RIYADH, SAUDI ARABIA"
Purity for Information Technology,PURITY FOR INFORMATION TECHNOLOGY COMPANY,+966503564670,https://www.purity.sa,"KING FAHAD ROAD, ANOUD TOWER, RIYADH, SAUDI ARABIA"
PURPLE ROCK SECURITY AND INFORMATION TECHNOLOGY EST,PURPLE ROCK SECURITY AND INFORMATION TECHNOLOGY EST,+966504330208,https://www.purplerockdubai.com/,"6700 JEDDAH, 23335-4050, JEDDAH, SAUDI ARABIA"
Qmam shar information systems technology company,Qmam shar information systems technology company,+966114010070,https://www.qmamsystem.com/,"AL-DABAB STREET AL-MURABBA' DISTRICT, RIYADH, SAUDI ARABIA"
Quality Networks ICT QNET,QNET,+966112886504,https://www.qnet-me.com,"8775 PRINCE ABDULAZIZ IBN MUSAID IBN JALAWI ST AS SULIM, FLOOR 3, RIYADH, SAUDI ARABIA"
Quantum digital Trading,QUANTUM DIGITAL TRADING,+966509749718,https://www.qdsarabia.com,"AL-MAAS TOWER, OFFICE NO 203 - AL OLAYA, KING FAHD ROAD , RIYADH- PO BOX 12214 - SAUDI ARABIA, RIYADH, SAUDI ARABIA"
RABIAH TECHNOLOGY,RABIAH TECHNOLOGY,+966554871990,https://www.rabiahtech.com/en,"KING FAHAD ROAD WITH A AL AROBA, RIYADH, SAUDI ARABIA"
RADIANT INFORMATION TECHNOLOGIES COMPANY,RADIANT INFORMATION TECHNOLOGIES COMPANY,+966920007345,https://www.ritco.com.sa,"ALDREES BUILDING AL KATANI STREET AL MALAZ RIYADH, RIYADH, SAUDI ARABIA"
RAFAL FUTURE TRADING COMPANY,RAFAL FUTURE TRADING COMPANY,+966567161708,https://www.rafaltech.com,"OLAYA STREET, RIYADH, SAUDI ARABIA"
RAMS AL HAMAYA FOR CYBER SECURITY,RAMS AL HAMAYA FOR CYBER SECURITY,+966541830592,https://rams-alhamaya.com/,"44 IBN KATHEER STREET, RIYADH, SAUDI ARABIA"
RAPID PROGRAMMING ESTABLISHMENT,RAPID PROGRAMMING ESTABLISHMENT,+966544607603,https://WWW.RAPIDPROG.COM,"AL IMAM ABDULAZIZ ST, YASMINE BUSINESS BUILDING, JEDDAH, SAUDI ARABIA"
RAQMEYAT ALLIED FOR COMMUNICATION AND INFORMATION TECHNOLOGY,RAQMEYAT ALLIED FOR COMMUNICATION AND INFORMATION TECHNOLOGY,+966114554836,https://www.ritsol.com,"AKAREYA PLAZA, ENTTRANCE D, OLAYA, RIYADH,SAUDI ARABIA, RIYADH, SAUDI ARABIA"
RAWABIT ASHABAKAT ALTAQNIA COMPANY,RAWABIT ASHABAKAT ALTAQNIA COMPANY,+966504142951,https://www.rawabitnetworks.com,"8647 BUILD NO, FLOOR 1, RIYADH, SAUDI ARABIA"
Rawafed Tech For Information Technology,Rawafed Tech For Information Technology,+966567685282,https://rawafedtech.net/,"OFFICE 632, SECOND AQARIA, OLYA ST, OLAYA, RIYADH, SAUDI ARABIA, RAWAFEDTECH, RIYADH, SAUDI ARABIA"
RAYA TECHNOLOGY COMPANY LTD,RAYA TECHNOLOGY COMPANY LTD,+966112886500,https://www.raya-it.net,"PRINCE MAMDOUH BEN ABDEL AZIZ ST, OLYIA SOLIMANIA, RIYADH PO BOX 62956, RIYADH, SAUDI ARABIA"
RAYAN TECHNOLOGY TRADING COMPANY,RAYAN TECHNOLOGY TRADING COMPANY,+966112770900,http://rt.com.sa,"IMAM SAUD ROAD NEAR EXIT-9, ISHBILIA AREA, RIYADH, SAUDI ARABIA"
Rayat Technology,RAYAT TECHNOLOGY COMPANY,+966114507756,http://www.rayattechnology.com,"IMAM SAUD BIN ABDULAZIZ BIN MOHAMMED ROAD, RIYADH, SAUDI ARABIA"
RELIABLE ACCURACY TRADING EST,RELIABLE ACCURACY TRADING EST,+966558393600,https://www.reliabix.com,"6371 RABIHAH IBN LOUHAIAAH AZ ZAHRA 4334 JEDDAH 23, JEDDAH, SAUDI ARABIA"
RESILIENCE COMPANY,RESILIENCE COMPANY,+966502282625,https://Resilience.sa,"8842 ZAYID BIN SABAIH RD RIYADH 133333 SAUDI ARABI, RIYADH, SAUDI ARABIA"
REZAYAT IT AND COMMUNICATION COMPANY,REZAYAT IT AND COMMUNICATION COMPANY,+966136636000,https://www.ritcco.com,"SALAHUDDIN AL-AYOUBI STREET, AL KHUBAR, SAUDI ARABIA"
ROCKWELL AUTOMATION,ROCKWELL AUTOMATION,+966138335742,https://www.Rockwellautomation.com,"KING KHALED STREET, DAMMAM, SAUDI ARABIA"
ROOA AL HASEB FOR TRADING,ROOA AL HASEB FOR TRADING,+966563001734,https://www.rooagroup.com,"OLAYA TOWER - FLOOR 29 TOWER B, RIYADH, SAUDI ARABIA"
ROOT TECHNOLOGY COMPANY,ROOT TECHNOLOGY COMPANY,+966567901673,https://WWW.ROOT-TECH.SA,"SAUDI ARABIA RIYADH OLYA PRINCE MOHAMMED BIN ABDUL STREET, RIYADH, SAUDI ARABIA"
Rukn Asasat AlAAmal AlArabiyya Company (Raaco),Rukn Asasat AlAAmal AlArabiyya Company (Raaco),507849865,,"ALOLAYA ROAD, RIYADH, SAUDI ARABIA"
RUYA FOR TELECOMMUNICATIONS AND INFORMATION TECHNOLOGY,RUYA FOR TELECOMMUNICATIONS AND INFORMATION TECHNOLOGY,+966501666803,https://www.ruya.tech,"7748 IBN UMM QASIM AL WOROUD DIST, RIYADH, SAUDI ARABIA"
SABA TECHNOLOGY,SABA TECHNOLOGY,+966595443023,https://www.saba-tech.com,"SAID IBN ZAYD RD, QURTUBAH, RIYADH 13247, RIYADH, SAUDI ARABIA"
Saeed Computer est,SAEED COMPUTER EST,+966133633858,https://www.scomsys.com,"PRINCE MASHOOR STREET, AL JUBAIL, SAUDI ARABIA"
Sahara Net,SAHARA NETWORK,0096613832299,http://www.sahara.com,"EAST DAMMAM EAST, AD DAMMAM, SAUDI ARABIA"
SAHEM ELECTRONIC MARKETING COMPANY,SAHEM ELECTRONIC MARKETING COMPANY,+966548630015,https://www.sahemksa.com,"AL-GHAYTH STREET - JEDDAH, JEDDAH, SAUDI ARABIA"
SALAM GROUP INFORMATION TECHNOLOGY,SALAM GROUP INFORMATION TECHNOLOGY,+966566899378,https://www.salaminternational.com,"12363 RIYADH KINGDOM OF SAUDI ARABIA, BUILDING NO8424, RIYADH, SAUDI ARABIA"
SamaWave Solutions,SAMAWAVE SOLUTIONS,+966126615705,https://www.samawave.com,"2178 JABAL ABU MUGHIR AL-SAFA JEDDAH 23451, JEDDAH, SAUDI ARABIA"
Samir Trading & Marketing - CJSC,Samir Trading & Marketing - CJSC,+966126828219,https://www.samirgroup.com,"P.O. Box 599, Jeddah, 21421, Saudi Arabia, PO BOX 5519, Jeddah, SAUDI ARABIA"
SAMTIA INC,SAMTIA INC,+966540541315,,"RIYADH OLAYA MAIN ROAD , LG BUILDING, RIYADH, SAUDI ARABIA"
SAMURAI SYSTEMS-NEUSOL ME,SAMURAI SYSTEMS-NEUSOL ME,+966558583578,https://www.neusol-me.com,"RIYADH, RIYADH, SAUDI ARABIA"
Sanadc IT Solutions,Sanadc IT Solutions,+966566444716,https://www.sanadc.com,"RIYADH ANAS BIN MALIK STREET, RIYADH, SAUDI ARABIA"
Sand Arabia for Communications & Information Tehnology,Sand Arabia PLLC for Communications & IT,+966138890128,https://www.sandarabia.com,"Suite 302 , Al Reziza Building, Prince Mansour Street Cross A, AL KHUBAR, SAUDI ARABIA"
SAQOOR AL ROYAH TRADING EST,SAQOOR AL ROYAH TRADING EST,+966126199987,https://www.saqoor.com,"KHALID BN WALEED STREET, JEDDAH, SAUDI ARABIA"
SAT MICROSYSTEMS,SAT MICROSYSTEMS SAUDI FOR COMMUNICATIONS AND INFORMATION TECHNO,+966590491974,https://www.satmz.com,"213 AL AQSA BUSINESS PARK PRINCE MITEB ST JEDDAH, 5, JEDDAH, SAUDI ARABIA"
SATURN SOLUTIONS,SATURN SOLUTIONS,+966532025666,https://www.capitalksa.com,"SAEED IBN ZAID, AD DAMMAM, SAUDI ARABIA"
SAUDI BENYA FOR VALUE ADDED SERVICES,SAUDI BENYA FOR VALUE ADDED SERVICES,+966556009799,https://benya.com.sa,"KING ABDULLAH ROAD - KING FAISAL DISTRICT, RIYADH, SAUDI ARABIA"
SAUDI BUSINESS MACHINES,SAUDI BUSINESS MACHINES LTD,+966118133333,https://WWW.SBM.COM.SA,"BUILDING #KB-05 ITCC, TURKI BIN ABDULAZIZ AL AWWAL ROAD AL NAKHIL, RIYADH, SAUDI ARABIA"
Saudi Co. for Controls & Maintenance Ltd.,SAUDI COMPANY FOR CONTROLS & MAINTENANCE LTD,+966114803338,https://www.saudicontrols.com,"MAKKAHALMUKARRAMAHBRANCHRD, RIYADH, RIYADH, SAUDI ARABIA"
Saudi Emircom Company,Saudi Emircom Company,+966114629250,https://www.emircom.com,"BUILDING NO 386 AL OROUBA ROAD, AL OLAYA DISTRICT 1234, RIYADH, SAUDI ARABIA"
SAUDI IMMERSIVE TECHNOLOGY,SAUDI IMMERSIVE TECHNOLOGY,+966565156791,https://www.sitsolutions.com.sa,"7880 MUHAMMAD AL AQBANI STREET AS SULIMANIYAH, RIYADH, SAUDI ARABIA"
Saudi Information Systems,SAUDI INFORMATION SYSTEMS - SIS,+966595382824,https://www.sisgbl.com,"6904 UNIT 5 COMPU PLAZA KHALID IBN AL WALEED STREET, JEDDAH, SAUDI ARABIA"
SAUDI INTELLIGENT SOLUTIONS,SAUDI INTELLIGENT SOLUTIONS,+966118349800,https://www.sisglobal.net,"ALIA PLAZA, THUMAMA ROAD, AL RABIE DISTRICT, RIYADH, SAUDI ARABIA"
SAUDI MEDIA SYSTEMS,SAUDI MEDIA SYSTEMS,96614191939,http://www.smediasys.com/,"AL-AKARIYAH II SUITE 724 OLAYA, RIYADH, SAUDI ARABIA"
Saudi Paramount Computer Systems (SPCS),Saudi Paramount Computer Systems (SPCS),+966114661410,https://www.spcs.com.sa/,"SULAYMANIYAH DISTRICT, ABDULLAH BIN RAWAHA STREET, RIYADH, SAUDI ARABIA, RIYADH, SAUDI ARABIA"
Saudi Projects & Supplies Co. SPS,SAUDI PROJECTS & SUPPLIES COMPANY SPS,+966920014515,http://www.spsc.com.sa/,"GULF CENTER MADINAH ROAD, JEDDAH, SAUDI ARABIA"
Saudi Telecommunication Channels Company Limited,SAUDI TELECOM COMPANY,+966114949800,https://www.channels.com.sa/final-home/?lang=en,"8 KINGDOM OF SAUDI ARABIA, RIYADH, SAUDI ARABIA"
SAUDINETLINK,SAUDINETLINK,+966555220624,https://www.saudinetlink.com,"POBOX 221050 RIYADH 11311, KINGDOM OF SAUDI ARABIA, RIYADH, SAUDI ARABIA"
SCHNIDER ELECTRIC SYSTEMS SA CO.,SCHNIDER ELECTRIC SYSTEMS SA COMPANY,+96638135646,https://www.se.com,"34 DHAHRAN TECHNO VALLEY AZ ZA, AL KHUBAR, SAUDI ARABIA"
SECHPOINT COMPANY,SECHPOINT COMPANY,+966532909440,https://sechpoint.com/,"3853 ZAYADAH AL QURTABI AL MALAZ DIST, RIYADH, SAUDI ARABIA"
Secure Concept,SECURE CONCEPT,+966126916682,https://www.secureconcept.net,"JEDDAH MADINA ROAD AL FISALIAH 2 AL KHORAYEF CENTE, JEDDAH, SAUDI ARABIA"
SECURE TRACK INFORMATION TECHNOLOGY,SECURE TRACK INFORMATION TECHNOLOGY,+966546694488,https://www.securetrack.sa,"17 MADEENA MUNAWARA ROAD FAISALIYA EXIT, RIYADH, SAUDI ARABIA"
SECURETECH COMPANY,SECURETECH COMPANY,+966114899632,https://www.securetech-sa.co,"AL IMAM SAUD IBN FAYSAL ROAD, RIYADH, SAUDI ARABIA"
SECURITY INTELLIGENCE COMPANY,SECURITY INTELLIGENCE COMPANY,+966536789997,,"SAUDI ARABIA RIYADH ALSAHAFA DIST 13321 - 8631 BUI, RIYADH, SAUDI ARABIA"
Security Matterz,SECURITY MATTERZ,+966114648801,https://www.securitymatterz.com,"UTHMAN BIN AFFAN ROAD, RIYADH, SAUDI ARABIA"
SECURITYPACT FOR CYBERSECURITY,SECURITYPACT FOR CYBERSECURITY,+966535405691,https://www.securitypact.net,"RIYADH, SEDRA DISTRICT, KING KHALID AIRPORT, 13413, RIYADH, SAUDI ARABIA"
SECUTRONIC,SECUTRONIC,+966126062276,https://www.secutronic.com.sa,"ALSHATIE DISTRICT KING ABDULAZIZ ROAD, JEDDAH, SAUDI ARABIA"
SEDER GROUP FOR TRADING AND CONTRACTING COMPANY LTD,SEDER GROUP TECHNICAL BUILDING SERVICES,+966546919764,https://www.seder.sa,"SALMAN AL FARSI ROAD, SEDER VILLAGE COMPOUND, SEDER TBS OFFICE, RIYADH, SAUDI ARABIA"
SEJEL TECHNOLOGY COMPANY LTD,SEJEL TECHNOLOGY COMPANY LTD,+966126064970,https://www.sejeltech.com,"BEAUTAT BUSINESS PARK, VILLA NO 32, JEDDAH, SAUDI ARABIA"
SEOUL ARABIA TRADING,SEOUL ARABIA TRADING,+966582650990,,"OLAYA ALTAKHASSOUSI, SEOUL ARABIA, RIYADH, SAUDI ARABIA"
SEVEN LAYERS INFORMATION TECHNOLOGY,SEVEN LAYERS INFORMATION TECHNOLOGY,2165775,https://www.7-layers.com,"OLAYA, RIYADH, SAUDI ARABIA"
SHABAKA TICK,SHABAKA TICK,+966500052889,https://shabakatech.com.sa,"QARAN 2ND INDUSTRIAL CITY, RIYADH, SAUDI ARABIA"
SHABAKAH NET,RIYADH HQ,96615204830,,"ANDALUS COMPLEX OLAYA MAIN STREET, Unit 8, 4th floor, RIYADH, SAUDI ARABIA"
SHABAKAT AL ASEMA ALRAQMIYA COMPANY FOR IT,SHABAKAT AL ASEMA ALRAQMIYA COMPANY FOR IT,+966595180204,,"RIYADH - MIDDLE ORAIJA DIST - HAQL - 2667 - 12973, RIYADH, SAUDI ARABIA"
SHM ALBRAQ,SHM ALBRAQ,+966565928896,https://www.shmalbraq.com/,"KING FAHD RD AL MAHRAJAN - 4129 - TABUK - 47912 -, TABUK, SAUDI ARABIA"
SHOUAA AL-ABDAA AL-ALMIH FOR MAINTENANCE,SHOUAA AL-ABDAA AL-ALMIH FOR MAINTENANCE,+966537791979,https://sceim-ksa.com/,"KHALDIA TOWER, RIYADH 12632, RIYADH, SAUDI ARABIA"
Sigma IT (KSA),SIGMA IT KSA,+966112150100,http://www.sigma-it.net/,"Olaya Street, Ryiadh, SAUDI ARABIA"
Signals control co.,SIGNALS CONTROL COMPANY,+966126588422,https://www.signalscontrol.com/,"ALANDLUS TOWER-405 JEDDAH-KSA, JEDDAH/KSA, JEDDAH, SAUDI ARABIA"
Silkroad Business Solutions Company,Silkroad Business Solutions Company,+966569777721,https://www.sbsc-sa.com,"KING FAHAD BRANCH ROAD, AN NAMUDHAJIYAH, RIYADH, RIYADH, SAUDI ARABIA"
SILVER SPEAR TRADING COMPANY,SILVER SPEAR TRADING COMPANY,+966566737927,http://kernel-technology.com/,"QATIF , SAUDI, AL QATIF, SAUDI ARABIA"
SIMPLE SOLUTIONS TRADING INDUSTRIAL SERVICES AND MAINTENANCE COMPANY,SIMPLE SOLUTIONS TRADING INDUSTRIAL SERVICES AND MAINTENANCE COMPANY,+966503912706,https://www.sst-sa.com,"20 STREET - CROSS 39TH STREET 2ND INDUSTRIAL CITY, AD DAMMAM, SAUDI ARABIA"
SINAM International IT Solutions,SINAM INTERNATIONAL IT SOLUTIONS,+966112053550,https://www.sinam-it.com,"11494 KSA, RIYADH, SAUDI ARABIA"
SIRAR BY STC,SIRAR BY STC,+966551659784,https://www.sirar.com.sa,"UNIT NO 1 RIYADH 13413 ADDITIONAL NO 3720, RIYADH, SAUDI ARABIA"
SITE,SAUDI INFORMATION TECHNOLOGY COMPANY,+966118131100,,"142 RD01 ALRAIDAH DIGITAL CITY, RIYADH, SAUDI ARABIA"
Sky Information,SKY INFORMATION,+966114222184,https://www.skyinformations.com,"Build No. 4169, Khalid Bin Junadah Street, Al Malaz District, RIYADH, SAUDI ARABIA"
SM Premium for Trading and marketing Co.,SM PREMIUM FOR TRADING AND MARKETING COMPANY,+966556604126,https://sm-hq.net,"3946 ASH SHAIKH ABDULLAH AL MAKHDUB AL WADI RIYADH, 1331, RIYADH, SAUDI ARABIA"
Smart Cloud,SMART CLOUD,+966562225529,https://www.smartcity.sa,"BUILDING #3112, UNIT 6, KING ABDULLAH BRANCH RD., RIYADH, SAUDI ARABIA"
Smart Cloud Company for Information Technology,Smart Cloud Company for Information Technology,+966543332720,https://www.smartcloudinfo.com,"PRINCE ABDUL AZIZ BIN MUSAID BIN JALAWI STREET, RIYADH, SAUDI ARABIA"
Smart Code Company,Smart Code Company,+966505958509,https://smartcode.com.sa,"PRINCE SULTAN BIN ABDULAZIZ ROAD, AS SULAYMANIYAH, RIYADH 12232, RIYADH, SAUDI ARABIA"
SMART CODING SOLUTION COMPANY,SMART CODING SOLUTION COMPANY,+966500131494,https://www.scss-sa.com/,"RIYADH ALEZDIHAR, RIYADH, SAUDI ARABIA"
Smart Communication Systems,Smart Communication Systems,+966112697054,https://www.scs.me,"KINGDOM OF SAUDI ARABIA RIYADH AL OLAYA DIST2605 B, RIYADH, SAUDI ARABIA"
SMART DEVICES SUPPLIES COMPANY LTD,SMART DEVICES SUPPLIES COMPANY LTD,+966549999311,https://www.megatecharabia.com,"QDESIGN AL OLAYA 4TH FLOOR AL FALEH CENTER AL, RIYADH, SAUDI ARABIA"
Smart Directions Group,Smart Directions Group,+966112255413,https://www.smart-directions.com/,"AL IMAM SAUD IBN FAYSAL ROAD, RIYADH, SAUDI ARABIA"
Smart Elite For Trading,SMART ELITE FOR TRADING,+966505987272,https://selitesa.com,"TAKASOSI ST, HIJAZI BUILDING, RIYADH, RIYADH, SAUDI ARABIA"
Smart IT Co.,Smart IT Co.,+966504464258,https://www.smartit-ksa.com,"PRINCE SOUD IBN ABDULLOH IBN JALOWI, RIYADH, SAUDI ARABIA"
SMART NETWORKS,SMART NETWORKS,,https://www.snw.net.sa,"RAWDAH DIST - ABI ALDARDA ST, RIYADH, SAUDI ARABIA"
Smart Of Things Est.,Smart Of Things Est.,+966537055033,https://www.sot.com.sa,"26 SHOWROOM, RIYADH, SAUDI ARABIA"
Smart Solutions for Info Sys Tech company ( SSIS ),Smart Solutions for Info Sys Tech company ( SSIS ),+966114117439,https://ssis.sa/,"3939 AL HADHRAH, GHIRNATAH BUILDING, 1ST FLOOR OFFICE 116, RIYADH, SAUDI ARABIA"
Smart System middle east,Smart System middle east,+966567777128,,"8125 AL-RIYADH 12623-4409, RIYADH, SAUDI ARABIA"
SMART TECHNOLOGY MIDDLE EAST,STME SYSTEM TECHNOLOGIES MIDDLE EAST COMPANY,+966112938884,https://www.stme.com,"207 FAHDAH CENTER, FLOOR 2, RIYADH, SAUDI ARABIA"
Smart Venture,SMART VENTURE,+966112912819,https://www.sventure.co,"2446 AL MALAZ DIST, FLOOR 2, RIYADH, SAUDI ARABIA"
Smart Wave Tech,SMART WAVE TECH,+966118109435,https://www.swtme.com,"3334 UMAR IBN ABDUL AZIZ RD - AL ZAHRA DIST, RIYADH, SAUDI ARABIA"
Smart ways for Communications and Information Technology,SMART WAYS FOR COMMUNICATIONS AND INFORMATION TECHNOLOGY,+966546921123,,"AL MALAZ DIST ARAFAT STREET, BUILDING 2446, RIYADH, SAUDI ARABIA"
SMARTCODETRADING,SMART CODE TRADING,+966562961250,https://www.smartcode-t.com,"GULF BUSINESS COMPLEX, RIYADH OLAYA, SAUDI ARBIA, RIYADH, SAUDI ARABIA"
SMARTKNIGHTS,SMARTKNIGHTS,+966560781768,https://smartknights.com/,"15 UNIT NO, JEDDAH, SAUDI ARABIA"
SNC Information and Communications Technology (SNC ICT),SNC Information and Communications Technology (SNC ICT),96614791414,https://www.sncict.com,"PO BOX 25179, RIYADH, SAUDI ARABIA"
SOFTWORLD INTERNATIONAL COMPANY,SOFTWORLD INTERNATIONAL COMPANY,+966535116682,https://www.softworld.com.sa/,"8386 BANI DHAFIR DIST, MEDINA, SAUDI ARABIA"
SOLTEK IT LTD COMPANY,SOLTEK IT LTD COMPANY,+966534726296,https://soltekme.com/,"KING SAUD UNIVERSITY DISTRICT PRINCE TURKI IBN ABD, RIYADH, SAUDI ARABIA"
solutions by stc,solutions by stc,+966115251000,https://www.solutions.com.sa,"3RD FLOOR AKKARIA PLAZA, RIYADH, SAUDI ARABIA"
SOLUTIONS CREATORS FOR COMM AND IT EST SCCI,SOLUTIONS CREATORS FOR COMM AND IT EST SCCI,+966565454000,https://www.scci.com.sa,"C4HP7Q3 KING FAISAL IBN ABD AL AZIZ AL KHALIDIYAH ASH SHAM, 32232, AD DAMMAM, SAUDI ARABIA"
SPECIALIZED ENTERPRISE SYSTEMS SES,SPECIALIZED ENTERPRISE SYSTEMS SES,+966112929600,http://www.sesystems.com.sa,"PO BOX 9903, RIYADH, SAUDI ARABIA"
SPECIALTY EXPERTS COMPANY,SPECIALTY EXPERTS COMPANY,+966530646148,https://www.seitcs.com,"3321 PRINCE MAMDOUH BIN ABDULAZIZ 7311 AS SULAYMAN, RIYADH, SAUDI ARABIA"
SPECTECH,SPECTECH,+966548952948,https://spectech.net.sa,"IMAM SAUD BRANCH ROAD, BUILDING M7, RIYADH, SAUDI ARABIA"
SPL DIGITAL SERVICES COMPANY,SPL DIGITAL SERVICES COMPANY,+966581004161,https://www.infinitepl.com/,"8100 RIHANA BINT ZAID ST AL AARID RIYADH, 13337, RIYADH, SAUDI ARABIA"
SRACO COMMUNICATIONS AND INFORMATION TECHNOLOGY,SRACO COMMUNICATIONS AND INFORMATION TECHNOLOGY,+966545378793,https://srg.com.sa/en/category/information-and-communications-technology-sector,"OTHMAN IBN AFFAN STREET, DAMMAM, SAUDI ARABIA, AD DAMMAM, SAUDI ARABIA"
Srouh United Company for Training,SROUH MODERN TECHNOLOGYIES CONTRACTING COMPANY,+966540371861,,"SROUH, SROUH, RIYADH, SAUDI ARABIA"
Star Networks Communication for Information Technology,STAR NETWORKS COMMUNICATION FOR INFORMATION TECHNOLOGY,+966567054154,https://www.starnetworks-sa.com/,"PRINCE ABDUL MAJEED BUILDING ASH SHERA DISCTRICT -, JEDDAH, SAUDI ARABIA"
STES,STES,+966126527542,https://stes.sa/,"KING ABDULLAH ROAD, 22231-3427, JEDDAH, SAUDI ARABIA"
Summit for information technology,Summit for information technology,+966544499250,https://www.summit-mea.com,"AL THUMAMAH ROAD, RIYADH, SAUDI ARABIA"
SUMO ALTAWASOL TECH CO,SUMO ALTAWASOL TECH CO,+966566173727,https://www.tawasoltech.com,"OFFICE 5, JEDDAH, SAUDI ARABIA"
Sumou Al Maarifa Trading Est,SUMOU AL MAARIFA TRADING EST,+966500066837,http://www.sumou-sa.com/,"23353 AMIR SULTAN ST JEDDAH SAUDI ARABIA, JEDDAH, SAUDI ARABIA"
SUNDRY IT SOLUTIONS,SUNDRY IT SOLUTIONS,+966501979329,https://www.sundryitsolutions.com,"KING FAISAL STREET, MURABBA DISTRICT, RIYADH, SAUDI ARABIA"
SUNLIT HORIZON ARKS SHARKS,SUNLIT HORIZON ARKS SHARKS,+966138222567,https://www.sharks.sa,"32411 DAMMAM, FLOOR 2, AD DAMMAM, SAUDI ARABIA"
Supply Channels,SUPPLY CHANNELS,+966112295126,https://www.supplych.com,"ALMURSALAT KING ABDULLAH ROAD, POBox 93034, RIYADH, SAUDI ARABIA"
SUPPORTLINES,SUPPORTLINES,+966507814137,https://www.supportlines.net/en,"PO BOX 5529-KING SAUD ST DAMMAM 32241-8529 AL KHUN, AD DAMMAM, SAUDI ARABIA"
Supreme Systems,SUPREME SYSTEMS,+966112109672,http://supreme.sa/,"G FLOOR MAZROOK BUILDING, RIYADH, SAUDI ARABIA"
SUPREME TECHNOLOGIES & SOLUTIONS COMPANY LLC,SUPREME TECHNOLOGIES & SOLUTIONS COMPANY LLC,+966536725765,https://www.sts.com.sa,"3860 PRINCE MUHAMMED BIN ABDUL AZIZ BR ROAD, JEDDAH, SAUDI ARABIA"
SURE,SURE INTERNATIONAL TECHNOLOGY,+966112050043,https://sure.com.sa,"OLAYA STREET, RIYADH, SAUDI ARABIA"
SUSTAINABLE SMART CITES,SUSTAINABLE SMART CITES,+966530941060,https://www.sctechn.com/,"AL RIYADH CITY AL MALQA DIST ANAS BIN MALIK ROAD A, RIYADH, SAUDI ARABIA"
SYCOMP TECHNOLOGIES SAUDI ARABIA PRIVATE LTD,SYCOMP TECHNOLOGIES SAUDI ARABIA PRIVATE LTD,+966585906557,https://www.sycomp.com,"IMAM SAUD BIN ABDUL AZIZ BIN MOHAMMED ROAD, RIYADH, RIYADH, SAUDI ARABIA"
SYNAPTIC TECHNOLOGIES,SYNAPTIC TECHNOLOGIES,+966561789484,https://www.synaptic.com.jo,"3074 PRINCE MOHAMMAD BIN ABDULAZIZ, RIYADH, SAUDI ARABIA"
Synoptic Information Holding Company,Synoptic Information Holding Company,+966920006299,https://synoptic.com.sa/,"Al Mursalat Center, First Floor, Office Number 9, Riyadh, SAUDI ARABIA"
SYSTEM CENTER INFORMATION TECHNOLOGY,SYSTEM CENTER INFORMATION TECHNOLOGY,+966112474070,https://www.centresystemsgroup.net,"108 1ST FLOOR, RIYADH, SAUDI ARABIA"
SYSTEM SECURITY SOLUTIONS COMPANY,SYSTEM SECURITY SOLUTIONS COMPANY,+966138896664,https://www.3s.sa,"Prince Turkey Street, Jarir Bookstore, Al-Khobar, SAUDI ARABIA"
Systems Builders Company For Communication information Technology,Systems Builders Company For Communication information Technology,+966599693686,https://www.itbuilders.com.sa,"OFFICE NO 302 , 3RD F, AL UMMAM COMMERCIAL CENTER SITEEN ST , MALAZ , RIYADH 12623, RIYADH, SAUDI ARABIA"
SYSTEMS ENGINEERING OF EGYPT BRANCH,SEE KSA,+966566970286,https://www.seegypt.com,"SAUD IBN FAISAL BRANCH, 7775, RIYADH, SAUDI ARABIA"
Systems Front Information Technology,SYSTEMS FRONT INFORMATION TECHNOLOGY,+966122901234,https://www.asf-it.com,"PRINCE MUTAIB BIN ABDULAZIZ STREET, JEDDAH, SAUDI ARABIA"
Taeen Al-Haseb for Trading Est - Compuset,Taeen Al-Haseb for Trading Est - Compuset,+966122831043,https://www.compuset.com,"GULF PLAZA 2ND FLOOR - 206, JEDDAH, SAUDI ARABIA"
Tahwool,TAHWOOL FOR information tech,+966580535353,https://tahwool.com/,"8302 Othman Bin Affan - Al Nada Dist, Riyadh, SAUDI ARABIA"
Talent Arabia Wired and Wireless,TALENT ARABIA WIRED AND WIRELESS,+966500101728,https://www.ceenexglobal.com,"RIYADH, RIYADH, SAUDI ARABIA"
Tamkeen Systems,TAMKEEN SYSTEMS,0540470700,https://www.tamkeen-itc.com,"ANAS BIN MALIK RD, RIYADH, SAUDI ARABIA"
TAMKEEN TECHNOLOGIES,TAMKEEN TECHNOLOGIES COMPANY,+966114407700,https://www.tamkeentech.sa,"AKARIYA PLAZA - 2ND FLOOR, OLAYA STREET, RIYADH 12244, RIYADH, SAUDI ARABIA"
TAMSTAR TRADING EST,TAMSTAR TRADING EST,+966501374790,https://www.tamstar.com.sa,"6TH STREET, 8287, AD DAMMAM, SAUDI ARABIA"
TAQEM AL AMAL AL TAJARIA CHARKA MASSAHMA SAOUDIA MAQFILA,TAQEM AL AMAL AL TAJARIA CHARKA MASSAHMA SAOUDIA MAQFILA,+966570588845,https://www.testcrew.com,"7022 QANAT AL SUWAIS AL AQIQ RIYADH, RIYADH, SAUDI ARABIA"
TAQNIAONE FOR INFORMATION TECHNOLOGY,TAQNIAONE FOR INFORMATION TECHNOLOGY,+966558064165,https://www.taqniaone.com/,"ABDULLAH IBN AL AAS STREET, RIYADH, SAUDI ARABIA"
taqniyat,Taqniyat,+966114616141,https://www.taqniyat.com.sa,"Suleimaniah, Dabab Street, Riyadh, SAUDI ARABIA"
TARABUT SOLUTIONS,TARABUT SOLUTIONS,+966554545017,http://inara-solutions.com/,"RIYADH, RIYADH, COMOROS STREET, 14732, RIYADH, SAUDI ARABIA"
Target Technologies LTD Co.,TARGET TECHNOLOGIES LTD COMPANY,+966508485419,https://www.t4techno.com,"Riyadh, 2321 King Abdullah Ibn Abdul Aziz Rd, Al Quds, Riyadh 13214, RIYADH, SAUDI ARABIA"
TATA COMMUNICATIONS INTERNATIONAL PTE LTD,TATA COMMUNICATIONS INTERNATIONAL PTE LTD,+966569596655,https://tatacommunications.com,"OFFICE NO 24, MEZZANINE FLOOR M, LEADERS TOWER FOR BUSINESS,, KING FAHAD STREET, AL OLAYA RIYADH 12333, RIYADH, SAUDI ARABIA"
Tata Consultancy Services Limited,TATA CONSULTANCY SERVICES,+966112993500,https://www.tcs.com,"OFFICE NO 303, 3RD FLOOR,OLAYA ROAD, AKARIA PLAZA,C-WING, RIYADH, SAUDI ARABIA"
TATRA Information Technology,TATRA IT EST,+966920004794,https://www.tatrait.com,"ALRAKHA, ALSAADOON TOWER, 5TH FLOOR, OFFICE 502, KHALED BIN ALWALEED STREET, AL-KHOBAR, AL KHUBAR, SAUDI ARABIA"
TECH MAHINDRA ARABIA LTD,TECH MAHINDRA ARABIA LTD,+966503690411,https://www.techmahindra.com,"AL HUGAYET SKYLINE TOWER 12TH FLOOR AL KHOBAR 3195, AL KHUBAR, SAUDI ARABIA"
Tech Stations Est.,TECH STATIONS FOR IT CO.,+966112226999,https://www.techs.com.sa,"8918 OTHMAN BIN AFFAN ROAD - AL WAHA UNIT NO 202-2, RIYADH, SAUDI ARABIA"
TECHNIC CONTRACTING COMPANY,TECHNIC CONTRACTING COMPANY,+966532634411,https://www.technicnow.com,"OLAYA STREET, RIYADH, SAUDI ARABIA"
TECHNICAL ARM FOR TRADING,TECHNICAL ARM FOR TRADING,+966551447644,https://tac.net.sa/,"RIYADH-ALYASMEEN DIST KING ABDELAZIZ ST ALMUNEEF B, RIYADH, SAUDI ARABIA"
Technical Innovation Solutions,Technical Innovation Solutions,+966566259584,https://www.tisksa.net,"4441, 7360, AL BADAI', SAUDI ARABIA"
Technical Point for wired communication est,TECHNICAL POINT FOR WIRED COMMUNICATION EST,1264447694,https://www.pointec.net,"PETRA STREET, JEDDAH, SAUDI ARABIA"
TECHNICAL SOLUTION COMPANY,TECHNICAL SOLUTION COMPANY,+966557060799,https://www.tech-sit.com,"7846 OTHMAN BIN AFFAN ROAD, RIYADH, SAUDI ARABIA"
TECHNIFY,TECHNIFY,+966540954462,https://technify.sa,"7782 KING ABDULAZIZ ROAD, 13315RIYAD, RIYADH, SAUDI ARABIA"
Technology Control Company,TECHNICAL CONTROL COMPANY,0096614168989,,"PO BOX 14944, RIYADH, SAUDI ARABIA"
TECHNOLOGY ERA COMPANY,TECHNOLOGY ORBIT COMPANY,+966112313777,https://www.teraksa.com,"PO BOX 9651, RIYADH, SAUDI ARABIA"
TECHNOLOGY LIFE TRADING EST.,TECHNOLOGY LIFE TRADING EST.,+966114913514,https://www.techlife.com.sa,"RIYADH - RAYYAN, RIYADH, SAUDI ARABIA"
TECHNOLOGY MAKE COMPANY,TECHNOLOGY MAKE COMPANY,+966503637453,https://www.techmake.com.sa,"AL OLAYA STREET ALAKHARIA PLAZA GATE D 7235, RIYADH, SAUDI ARABIA"
Technology Track,TECHNOLOGY TRACK,+966114805540,,"BIN SALIM CENTER AT TAKHASSUSI BRANCH ST, AR RAHMANIYAH DISTRICT,, RIYADH, SAUDI ARABIA"
Technology World For Communication,TECHNOLOGY WORLD FOR COMMUNICATION,+966114660605,https://www.Techworld-it.com,"PRINCE ABDULAZIZ IBN MUSAID IBN JALAWI, RIYADH, SAUDI ARABIA"
Technostream Co,Technostream Co,+966114164458,https://technostream.org/,"As Sulaimaniyah, Office No.98, Floor No.98, Gate No.2 Safowah Center, Riyadh, SAUDI ARABIA"
TECHVISIONS FOR INFORMATION TECHNOLOGY,TECHVISIONS FOR INFORMATION TECHNOLOGY,+966112472494,,"PRINCE ABDULAZIZ IBN JALWAI STREET BUILDING NO 792, RIYADH, SAUDI ARABIA"
TEKGUARDS COMPANY FOR INFORMATION TECHNOLOGY,TEKGUARDS COMPANY FOR INFORMATION TECHNOLOGY,+966502535833,http://tekguards.sa/,"121 AL HAMR, BURAYDAH, SAUDI ARABIA"
TeleNoc (Helcon IT),TELENOC HELCON IT,+966114666664,https://www.telenocgroup.com,"AL MOUSA OFFICE BUILDINGS TOWER NO 4 FLOOR 2 OFFIC, RIYADH, SAUDI ARABIA"
Tforce,TFORCE,+966138855005,https://www.tforce.sa,"8439 UMAR IBN AL KHATTAB, AD DAMMAM, SAUDI ARABIA"
THARAWAT TECHNOLOGY,THARAWAT TECHNOLOGY,575555000,https://www.tharawat.tech,"ALTHUMAMA, RIYADH, SAUDI ARABIA"
THE DIGITAL SPECIALISTS FOR COMMUNICATION,THE DIGITAL SPECIALISTS FOR COMMUNICATION,+966128134300,https://digitsp.com,"AHMAD AL ATTAS STREET, JEDDAH, SAUDI ARABIA"
The Special Network Establishment,THE SPECIAL NETWORK ESTABLISHMENT,9666501706,https://www.specialnet.net,"KHALED BIN AL-WALEED STREET, JEDDAH, SAUDI ARABIA"
THOUGHTS HOUSE FOR TRADING,THOUGHTS HOUSE FOR TRADING,+966541022995,https://www.thoughtshouse.com,"KIND KHALID STREET - ALSOUQ DIST, AD DAMMAM, SAUDI ARABIA"
three pillars Technology and communication Co,THREE PILLARS TECHNOLOGY AND COMMUNICATION CO,+966112458536,https://www.3pillars-sa.com,"KING FAISAL DISTRICT, KHALID IBM ALWALID STREET, RIYADH, SAUDI ARABIA"
TKEIB FOR IFORMATION SYSTEMS COMPANY,TKEIB FOR IFORMATION SYSTEMS COMPANY,+966500996449,https://takeib.com.sa,"STREET 26, RIYADH, SAUDI ARABIA"
Tools & Solutions Company,TOOLS & SOLUTIONS COMPANY,+966559442065,http://tools-solutions.com/,"ABDUL AZIZ ROAD, RIYADH, SAUDI ARABIA"
TOP NET,TOP NET,+966112151355,,"2 ALAQARIA OLAYA NO, RIYADH, SAUDI ARABIA"
TOP VISION SECURITY,TOP VISION SECURITY,+966501173676,https://topvisionsa.com/about-us/,"2570 HESHAM BIN ABDULMALEK STREET 7155 AL MURSALAT, RIYADH, SAUDI ARABIA"
TRACK TELECOM AND INFORMATION TECHNOLOGY,TRACK TELECOM AND INFORMATION TECHNOLOGY,+966554436585,,"2929 HUSSEIN BEN RABEAH, 8126, JEDDAH, SAUDI ARABIA"
TRANSPIRE TECHNOLOGIES,TRANSPIRE TECHNOLOGIES,+966555217886,https://transpiretechnologies.com/,"DANUBE BUILDING OFFICE 5 1ST FLOOR THUMAMA ROAD AL, RIYADH, SAUDI ARABIA"
TRUST IT SERVICES COMPANY,TRUST IT SERVICES COMPANY,+966540071148,https://www.trustit-s.com/,"BUILDING 7689 WADI AL AMARIYAH ST, AL OLAYA DIST, POSTAL CODE 12212, RIYADH, SAUDI ARABIA, RIYADH, SAUDI ARABIA"
Trusted Chain,TRUSTED CHAIN,+966115130202,,"OLYA STREET, RIYADH, SAUDI ARABIA"
TRUSTED SECURITY SOLUTIONS,TRUSTED SECURITY SOLUTIONS,+966115062006,https://www.tss4it.com/,"HQ Tower - King Abdullah Road - Al Woroud Dist., Riyadh, PO BOX: 75018, Riyadh, 11578, RIYADH, RIYADH, SAUDI ARABIA"
Twaasol,TWAASOL,+966564621672,,"Musa Ibn Nusair St, As Sulimaniyah,, Riyadh, SAUDI ARABIA"
UNC COMPANY,UNC COMPANY,561768153,https://www.uncts.com,"AL MALAZ, RIYADH, RIYADH, SAUDI ARABIA"
Unified Planet IT Solutions & Trading Co,Unified Planet IT Solutions & Trading Co,+966537827445,https://www.unifiedplanet-sa.com,"KHALID BIN AL WALEED STREET, JEDDAH, SAUDI ARABIA"
UNISYS ARABIA TRADING CONTRACTING ESTABLISHMENT,UNISYS ARABIA TRADING CONTRACTING ESTABLISHMENT,+966508199747,https://unisysarabia.com/,"AL JABER STREET, AL NADHEEM DISTRICT, BUILDING NO 3321, RIYADH, SAUDI ARABIA"
UNITED ARAB TECHNOLOGY,UNITED ARAB TECHNOLOGY,+966590479555,https://www.alarabtech.com,"DAMMAM STREET, 7454, ALHASSA, SAUDI ARABIA"
UNITED INNOVATIONS TECHNOLOGY UIT,UNITED INNOVATIONS TECHNOLOGY UIT,+966541740838,https://www.uit.sa,"ARAWABIE, RIYADH, SAUDI ARABIA, RIYADH, SAUDI ARABIA"
UNITED NETWORKS FOR INFORMATION TECHNOLOGY EST,UNITED NETWORKS FOR INFORMATION TECHNOLOGY EST,+966126523106,https://www.unitednetworks-infotech.com,"KBW STREET, JEDDAH, SAUDI ARABIA"
UNITED SHUROQ IT COMPANY,UNITED SHUROQ IT COMPANY,+966557849286,https://www.usr-it.com,"EMARA AL MOOSA BUILDING, OLAYA, RIYADH, SAUDI ARABIA"
United Smart Building Company,United Smart Building Company,+966592331552,https://www.u-s-b-c.com,"RIYADH, RIYADH, SAUDI ARABIA"
UNIVERSAL FOR TRADING & INFORMATION TECHNOLOGY,UNIVERSAL FOR TRADING & INFORMATION TECHNOLOGY,+966114451010,https://www.utit.com.sa,"7549 AL SHAIKH MOHAMMED AL TURKI, RIYADH, SAUDI ARABIA"
UP Arrow Systems for Information Technology,UP ARROW SYSTEMS FOR INFORMATION TECHNOLOGY,+966112099772,,"2431 RAFI BIN AL ALI-AL, RIYADH, SAUDI ARABIA"
Uplogica Information Technology company,UPLOGICA INFORMATION TECHNOLOGY COMPANY,+966138202540,https://www.uplogica.com,"PO BOX 6184, AL KHUBAR, SAUDI ARABIA"
VEGA ARAB UNIFIED COMMUNICATIONS COMPANY,VEGA ARAB UNIFIED COMMUNICATIONS COMPANY,+966532026958,https://vega-global.com/,"OFFICE NO28, FIRST FLOOR, RADEN COMMERCIAL CENTER AI MURUJ, OLAYA STREET, RIYADH, 12281, RIYADH, SAUDI ARABIA"
VERONA COMPANY FOR TRADING,VERONA COMPANY FOR TRADING,+966538792667,https://www.verona.com.sa,"8572 BUILD, RIYADH, SAUDI ARABIA"
Versatile Solutions For Computers Versos,VERSATILE SOLUTIONS LLC,+966114735932,https://www.versos.com,"AL-UMAM COMMERCIAL CENTER NORTH TOWER SITEEN STREE, RIYADH, SAUDI ARABIA"
virtual reality solutions,VIRTUAL REALITY SOLUTIONS,+966552922241,https://www.infiniarc.com/,"7248 KING ABDULLAH ROAD, AL HUFUF, SAUDI ARABIA"
VISION & INNOVATION FOR IT SYSTEMS COMPANY,VISION & INNOVATION FOR IT SYSTEMS COMPANY,+966138561169,https://www.vandi.com.sa,"9278 AD DAMMAM, AD DAMMAM, SAUDI ARABIA"
VISION ANGLES SECURITY EST,VISION ANGLES SECURITY EST,+966565861238,https://www.visionangles.com,"1ST STREET, KING FAHAD, AL KHUBAR, SAUDI ARABIA"
VISION TECHNOLOGIES FOR INFORMATION TECHNOLOGIES,VISION TECHNOLOGIES FOR INFORMATION TECHNOLOGIES,+966556088815,https://www.Visiontechnologies.com.sa,"MALIBARI CENTER, TOWER A, JEDDAH, SAUDI ARABIA"
VOICE DATA NETWORK COMPANY LTD,VOICE DATA NETWORK COMPANY LTD,+966566285113,https://vodanetcorp.com/,"BUSINESS TOWER 4 OFFICE 203 MUTEB STREET JEDDAH, JEDDAH, SAUDI ARABIA"
VoiceTech Solutions,VOICETECH SOLUTIONS,+966920011902,https://www.voicetechsolutions.com,"BUSINESS GATE, AD DAMMAM, SAUDI ARABIA"
WAJDA TRADING COMPANY WLL,WAJDA TRADING COMPANY WLL,+966504117462,https://www.wajdagroup.com,"AL ANDALUS, AL KHOBAR, KSA, AL KHUBAR, SAUDI ARABIA"
Wakeb Data,WAKEB DATA,+966531089888,https://www.wakeb.tech,"OFFICE NO 2, BUILDING NO 8090, HAY AL SAHAFA, KING ABDUL AZIZ ROAD, RIYADH, SAUDI ARABIA"
Watania Solutions Company,Watania Solutions Company,+966114020500,https://www.wsc.com.sa,"TAKHASSUSI STREET, RIYADH, SAUDI ARABIA"
WeCare Technology,WECARE TECHNOLOGY,+966112063919,https://www.wecaretech.com,"UNAYZAH STREET, FIRST FLOOR, RIYADH, SAUDI ARABIA"
WESAL INFORMATION TECHNOLOGY,WESAL INFORMATION TECHNOLOGY,+966566798611,https://www.wesalcx.com/,"6959 KING ABDUL AZIZ BRANCH ROAD, RIYADH, SAUDI ARABIA"
Western Experts Saudi Arabia Co.,WESTERN EXPERTS SAUDI ARABIA COMPANY LTD,+966920009372,http://wesa.sa/,"1 KING ABDULLAH ROAD CROSSING UTHMAN IBN AFFAN ROAD, 7046, RIYADH, SAUDI ARABIA"
Western Sary for Trading and Contracting Co.,Western Sary for Trading and Contracting Co.,+966568724992,https://www.western-sary.com,"208 SABAH CENTER PRICE SULTAN STREET, JEDDAH, SAUDI ARABIA"
WIPRO LIMITED,WIPRO ARABIA LTD,+966138984015,https://www.wipro.com,"2nd floor, Sulimania Center 2, Al Muhandis Masajd Al Anqari Street, riyadh, SAUDI ARABIA"
WISSAM ALTAQNIYAH LTD,WISSAM ALTAQNIYAH LTD,+966547578788,https://www.wesam-tech.com,"KING FAISAL IBN ABDULAZIZ SAUD STREET, 7095, RIYADH, SAUDI ARABIA"
WORLD AMAN LTD COMPANY,WORLD AMAN LTD COMPANY,+966542565423,https://www.aman-ltd.com,"8351 FOURTH FLOOR, OFFICE 1, RIYADH, SAUDI ARABIA"
WORLDVUE CONNECT ARABIA LTD,WORLDVUE CONNECT ARABIA LTD,+966535444168,https://www.worldvue.com,"ANAS IBN MALIK STREET, RIYADH, SAUDI ARABIA"
WSM INFORMATION TECHNOLOGY,WSM INFORMATION TECHNOLOGY,+966114544338,https://www.wsmco.sa,"POSTAL CODE 13522 ADDITIONAL NO 6443, RIYADH, SAUDI ARABIA"
WTL,WTL,+966556377711,https://www.wtltech.com,"OLAYA, RIYADH, SAUDI ARABIA"
XTREME SYSTEMS FOR MANUFACTURING,XTREME SYSTEMS FOR MANUFACTURING,+966112491900,https://www.xtreme.net/,"OAAA8320, AL KHARJ, SAUDI ARABIA"
XYZ Dimensions,XYZ DIMENSIONS,+966112001273,https://www.e-xyzd.com,"3RD FLOOR, WAMY BUILDING, RIYADH, SAUDI ARABIA"
ZAK SOLUTIONS,ZAK SOLUTIONS,+966114429117,https://www.zaksolutions.com,"ALMOHAMMADIYA DISTRICT, ALTAKHASSOSI STREET, RIYADH, SAUDI ARABIA"
Zamil International Information Services Co Ltd,Zamil International Information Services Co Ltd,+966138924999,https://www.zamiliis.com,"FIRST INDUSTRIAL CITY, AD DAMMAM, SAUDI ARABIA"
ZONE CONNECT FOR COMMUNICATION & IT CO.,ZONE CONNECT FOR COMMUNICATION & IT CO.,+966135122011,https://www.zoneconnect-sa.com,"CORNICHE RD ALKURNAISH AL KHOBAR 34611, FLOOR 8, AL KHUBAR, SAUDI ARABIA"
zoom for information technology company,ZOOM FOR INFORMATION TECHNOLOGY COMPANY,0598191020,https://www.zoomksa.com,"OLAYA RIYADH KSA, ALSAIF BUILDING NORTH, RIYADH, SAUDI ARABIA"
ZYTEK COMPANY FOR COMMUNICATIONS AND INFORMATION TECHNOLOGY,ZYTEK COMPANY FOR COMMUNICATIONS AND INFORMATION TECHNOLOGY,+966544252687,https://zytech.sa/,"JEDDAH -, JEDDAH, SAUDI ARABIA"
