partner_name,site_name,site_phone,web_addr,extracted_emails,extracted_phones,address
1064930 ALAD ALTHANAIE LLC COMPANY,1064930 ALAD ALTHANAIE LLC COMPANY,+966551869685,https://www.01-tech.net,sales@01-tech.net,114283207,"REMB4458, RIYADH, SAUDI ARABIA"
21CK Saqiya IT,21CK SAQIYA IT,+966112760990,https://www.21ck-it.com,info@21ck-it.com,"+966 56 222 2045, 1010792558, +966 11 276 0990","1010897620, RIYADH, RIYADH, SAUDI ARABIA"
3D INTERNATIONA,3D International Technical Services Est,+966138649791,https://www.3dts.com.sa,info@3dts.com.sa,"+966-13-8649791, +966-13-8653379","Al Reziza Bldg. Office #3/3, Prince Mansour Street, Cross A, Prince Mansour Street, al khobar, SAUDI ARABIA"
3M DATA,3M DATA,+966555679444,https://3mdata.tech/,,"987511858, 00000021, 987512205-9875, 232735532","6228 SALAH AL-DIN AL-AYYUBI STREET, RIYADH, SAUDI ARABIA"
46 Tech,46 TECH,0096612295493,https://46tech.com,,,"RIYADH, MOBILE 0565188875, RIYADH, SAUDI ARABIA"
AALA TECH COMPANY LTD,AALA TECH COMPANY LTD,115124319,https://aala-tech.com/,info@aala-tech.com,"966569216835, +966115124319, +966 56 921 6835, 17512103184","MAKKAH ALMUKARAMA BRANCH, AL OLAYA DIST, RIYADH, KSA, AL TADAMUN AL ARABI, MISHRIFAH DIST,JEDDAH, KSA, RIYADH, SAUDI ARABIA"
Aamal Almountaha AMCO,AAMAL ALMOUNTAHA AMCO,+966580130600,https://www.saudiamco.com,info@amco-est.com,"3333333333333, 9444444444444, 5555555555556, 6666666666667, 3888888888889, 1111111111111, +966) 011 512, 31536000, 00000057, 7777777777778, 83333333333333","ABDEL AZIZ ROAD, RIYADH, SAUDI ARABIA"
AB Tech for Information Technology Co.,AB TECH FOR INFORMATION TECHNOLOGY COMPANY,+966112059550,https://www.abtech.com.sa,info@abtech.com.sa,,"BUILDING 6556, KING SAUD UNIVERSITY, RIYADH, SAUDI ARABIA"
ABAD ALSHABAKA ALHAITHA,ABAD ALSHABAKA ALHAITHA,505235154,https://www.uss-me.com,,,"7034 SAIYDA STEET AL DURAIHEMIYA DISTRICT, RIYADH, SAUDI ARABIA"
Abana,ABANA ENTREPRISES GROUP CO LTD,+966920006360,https://www.abana.com.sa,,"04-23 095544, 1104174120, 1224384595, 1-202410151142, +966 92 000 6360, 583-202505190934, 100063595779847, 7168351456, 1-202410131542, 45001-20241102, 5716883821","P O BOX 3879 RIYADH 11481, OLAYA K S A, RIYADH, SAUDI ARABIA"
Abdulaziz Ibrahim Al Oufy Trading Est.,ABDULAZIZ IBRAHIM AL OUFY TRADING EST,+966576610710,https://aloufytrading.com,info@aloufytrading.com,138953461,"PRINCE NAWAF STREET 11TH CROSS AL KHOBAR - 31952, AL KHUBAR, SAUDI ARABIA"
Abdulla Fouad Holding Co.,ABDULLA FOUAD CO LTD,+96638345722,https://www.abdulla-fouad.com,,"0535714295, 0833333337, 0714285705, 0416666682, 0714285718","Prince Mohammed Street, PO Box 257, Dammam, SAUDI ARABIA"
ABDULLAH SAAD ABOMOATI,ABDULLAH SAAD ABOMOATI,+966114116957,https://www.Abomoati.com,,"7635792831582, 6666666666667, 6285534004548, 4004675014733, 0429510991, 7866234532409","7825 IBRAHIM AT TASAN, RIYADH, SAUDI ARABIA"
Abdulrahman A. Almoussa Trading Co. LTD.,Abdulrahman A. Almoussa Trading Co. LTD.,+966114509250,https://www.threea.net,,,"PO BOX 90033, RIYADH, SAUDI ARABIA"
Accenture Saudi Arabia Limited,ACCENTURE LLC,96612838000,https://www.accenture.com,,"2147483647, 6666666667, 2147483646, 3333333333, 2147483645","6533 ALWOROUD AREA OLAYA STREET, RIYADH, SAUDI ARABIA"
ACET SOLUTIONS LLC,ACET SOLUTIONS LLC,+966501406668,https://www.acetsolutions.com,,"14721242, 96279157, 3689-4727-9515","PO BOX 2703, QURTUBAH, RIYADH 13248, KINGDOM OF SAUDI ARABIA, RIYADH, SAUDI ARABIA"
Acuative WLL,ACUATIVE WLL,+966546153727,https://www.acuative.com,,"9841681745717, 99999999, 999999999","7416 uthman ibn affan branch road - At taawun Area, RIYADH, SAUDI ARABIA"
aDawliah,ADAWLIAH,+966114597847,https://www.adawliahshop.com/en,orders@adawliah.com,"0112438957, 13073452, 0961091021, 300417159200003, 2051006970, +966112438957","RIYADH KING FAHAD ROAD, RIYADH, SAUDI ARABIA"
ADRENO INFORMATION TECHNOLOGY COMPANY,ADRENO INFORMATION TECHNOLOGY COMPANY,+966541287667,https://www.adreno.net,info@adrenotech.com,"+966 54 128 7667, 00000026","BUILDING NO 3617,, KING FAHD STREET, MADINAT AL UMMAL, AD DAMMAM, SAUDI ARABIA"
Advanced Co. For Maintenance and Operations,Advanced Co. For Maintenance and Operations,+966112170000,,,,"11421 KING FAHD ROAD, RIYADH, SAUDI ARABIA"
ADVANCED COMMUNICATION & ELECTRONICS SYSTEMS COMPANY,ADVANCED COMMUNICATION & ELECTRONICS SYSTEMS COMPANY,+966547913835,https://www.aces-co.com,marketing@aces-co.com,"28640060, 02010100, 1342177279, 12205185, 76202567, 12342-3466, +966 11 2500444, 709791176","AL QAMRA 6366 AROUBA UNIT NO6, RIYADH, SAUDI ARABIA"
ADVANCED CONTROL SYSTEMS CONTRACTING COMPANY,ADVANCED CONTROL SYSTEMS CONTRACTING COMPANY,+966135166111,https://www.acstco.com/,info@acstco.com,"14001-2015, 10109287, 10624154, 45001-2018, +966 13 516 6111","EASTERN PROVINCE, KHOBAR, MADINAT AL UMAL , BLDG 7143, AL KHUBAR, SAUDI ARABIA"
ADVANCED DATA SYSTEMS,ADVANCED DATA SYSTEMS,+966126900056,http://www.adsys.net,info@adsys.net,920017666,"AL Humaidhi Center -Prince Sultan Street, 21492 AL Khalidiyah District, JEDDAH, SAUDI ARABIA"
ADVANCED DIAMOND TRADING COMPANY,ADVANCED DIAMOND TRADING COMPANY,+966553347725,https://www.adtc.com.sa,info@adtc.com.sa,"31536000, 966553347725, +966553347725","BUILDING NO 3800 STREET NO 8 OLAYA DISTRICT, RIYADH, SAUDI ARABIA"
Advanced Electronics Company Limited,SAMI ADVANCED ELECTRONICS COMPANY,96612201350,https://www.aecl.com,,,"BUILDING # 8062, KING KHALID INTERNATIONAL AIRPORT, Secondary # 2720, RIYADH, SAUDI ARABIA"
ADVANCED EXPERTS FOR INFORMATION TECHNOLOGY COMPANY,ADVANCED EXPERTS FOR INFORMATION TECHNOLOGY COMPANY,+966548222806,https://www.itzain.com,info@itzain.com,"+966-58-214-1584, 310123456789123, +20 109 4000 193, +966 58 214 1584, +20 109 9000 193, 713617399, +966 59 745 0909","AL ALIAA TOWER, AL QUBBAH ST, ISHBILIYAH, RIYADH 13225, SAUDI ARABIA, RIYADH, SAUDI ARABIA"
Advanced Gate Contracting Est.,Advanced Gate Contracting Est .,+966112255129,https://asysg.com.sa/,info@asysg.com.sa,,"RIYADH, ISHBILIYAH Dist. IMAM SAUD ROAD, RIYADH, SAUDI ARABIA"
ADVANCED INTELLIGENCE COMPUTING COMPANY,ADVANCED INTELLIGENCE COMPUTING COMPANY,+966530036566,https://www.aic2.com,,"911764705882353, 993006993006993, 492537313432836, 783333333333333, 888276947285602, 33333333333333, 171503957783641, 776595744680851, 992063492063492, 214285714285714, 819767441860465, 021276595744681, 457142857142857, 463013698630137","OLAYA CENTER, KING FAHAD, RIYADH, SAUDI ARABIA, RIYADH, SAUDI ARABIA"
ADVANCED MICRO TECHNOLOGIES COMPANY,ADVANCED MICRO TECHNOLOGIES,+966138100547,https://www.amt-arabia.net,info@amt-arabia.com,,"6455 KING FAHD ROAD, AL KHUBAR, SAUDI ARABIA"
ADVANCED SYSTEMS COMPANY LTD,ADVANCED SYSTEMS COMPANY LTD,+966114443535,https://www.atsc-sa.com,,"1001791558, 111123933","PO BOX 7416 UTHMAN BIN AFFAN ROAD, AT-TAAWUN DISTRICT, RIYADH, SAUDI ARABIA"
ADVANCED SYSTEMS JOINT COMPANY ASJ,ADVANCED SYSTEMS JOINT COMPANY ASJ,+966112080085,https://www.asjksa.com,"info@asjksa.com, raed.malki@asjksa.com, GM@asjksa.com","920000904, +966 5589 8055, +966 506201683, +966 11 2080085","6439 AL NAHDA ROAD, AR RABWAH RIYAD, RIYADH, SAUDI ARABIA"
ADVANCED SYSTEMS PIONEERS FOR COMMUNICATION AND INFORMATION TECHNOLOGY,ADVANCED SYSTEMS PIONEERS FOR COMMUNICATION AND INFORMATION TECHNOLOGY,+966505119160,https://www.asp-sa.com,"sales@asp-sa.com, info@asp-sa.com","0505119160, 310239683100003, 0530555124, 0535450001","8621 YANBU STREET DHAHRAT LABAN DISTRICT, BUILDING 3048, RIYADH, SAUDI ARABIA"
ADVANCED TECHNIQUES COMPANY,ADVANCED TECHNIQUES COMPANY,+966112330005,https://www.adtcs-sa.com/,info@adtcs-sa.com,+966 11 233 0005,"3321 PRINCE MAMDUH BIN ABDULAZIZ ST AS SULIMANIYAH, RIYADH, SAUDI ARABIA"
Advanced Technology Solutions Est,ADVANCED TECHNOLOGY SOLUTIONS COMPANY,+966112920184,https://advanced-technology.sa,,"565500054 966, 126502442 966, +31536000","D7 BINLADEN COMPLEX FARAZDAQ STREET MALAZ, RIYADH, SAUDI ARABIA"
ADVANCED TELECOMMUNICATION SOLUTIONS AND SERVICES COMPANY,ADVANCED TELECOMMUNICATION SOLUTIONS AND SERVICES COMPANY,+966567518545,https://www.atss.sa/,info@atss.sa,+966115051893,"AL MALEK SAUD, AL SULAIMANIYAH DIST, RIYADH, SAUDI ARABIA"
Afaq Advanced Solution for Communication and Information Technology,AAFAQ ADVANCED SOLUTIONS,+966114549191,http://www.aafaqtech.com,support@aafaqtech.com,100000000,"KHALID BIN AL WALEED ST AL HAMRA AREA, RIYADH, SAUDI ARABIA"
AFAQ AL MALAZ TRADING COMPANY,AFAQ AL MALAZ TRADING COMPANY,+966566593767,https://www.afaqmalaz.com/carre-creative/,it@afaqalmalaz.com,,"22 HOUSHANI TOWER, RIYADH, SAUDI ARABIA"
AFDAL TAQANI FOR GENERAL CONTRACT,AFDAL TAQANI FOR GENERAL CONTRACT,+966126165551,http://atc-ksa.com,info@atc-ksa.com,"+966 53 565 6578, +966 12 616 5551","ZAITUNA CENTER GROUND FLOOR OFFICE -4, JEDDAH, SAUDI ARABIA"
AFLAK ELECTRONIC INDUSTRIES CO.LTD,AFLAK ELECTRONIC INDUSTRIES CO.LTD,+966126736677,https://www.aflak.com.sa,"supportj@aflak.com.sa, sales@aflak.com.sa, supportr@aflak.com.sa, supportk@aflak.com.sa","961884331, 22899430479, 23412-7466, 22198054466, 12222-7326, +966-11-4657722, +966-12-6736677, +966-13-8986549, +966-11-4661323, +966-13-8311344, 414141 100, 22264346870, +966-12-6554516, 59167257, 34426-2658, +966-13-8644070, 22893335169","PRINCE SULTAN ROAD, JEDDAH, SAUDI ARABIA"
Aflak Solutions for Communications & IT,AFLAK SOLUTIONS FOR COMMUNICATIONS & IT,+966920009947,http://www.aflaksolutions.com/Home,info@aflaksolutions.com,+966920009947,"MALAZ, RIYADH, SAUDI ARABIA"
Ahmad Hamad Al Shutaili Est,AHMAD HAMAD AL SHUTAILI EST,+966114888583,https://2point0concepts.com,"sales@2point0concepts.com, supplier@2point0concepts.com, hello@2point0concepts.com","42857143, +971 04 326 5376, +971 4 422 9757, 829135507, +965 2 2204967, +966 11 200 2112, +971 4 326 5376, 255 255 255, 99988571428568, 456786456","3 AKARIA, OFFICE 513, RIYADH, SAUDI ARABIA"
AI SILK LTD COMPANY,AI SILK LTD COMPANY,+966554030703,https://www.hoistgroup.com,example@domain.com,"007236235, 2147483647, 6666666667, 2147483646, 3333333333, 645882631063729, 2147483645","KING SAUD IBN ABDULAZIZ SAUD, AL MURABBA DIST, RIYADH, SAUDI ARABIA"
AI TECHNOLOGIES SAUDI ARABIA,AI TECHNOLOGIES SAUDI ARABIA,+966541851818,https://www.aitechso.sa,"Sales@aitechso.sa, Support@aitechso.sa",,"44 IBN KATHEER ST KING ABDUL AZIZ ROAD, RIYADH, SAUDI ARABIA"
AJYAL FOR COMMUNICATION AND INFORMATION TECHNOLOGY,AJYAL FOR COMMUNICATION AND INFORMATION TECHNOLOGY,+966554405750,https://ajyal-co.com,,"8571428571, 3333333333333, 9444444444444, 5555555555556, 77777777777778, 6666666666667, 3888888888889, 1111111111111, 240244954, 72222222222222, 00000057, 7777777777778, 83333333333333","ALYASMEEN DIST ANAS IBN MALIK STREET, FLOOR 1, RIYADH, SAUDI ARABIA"
AL AFKAR AL MUBHERA FOR INFORMATION TECHNOLOGY,AL AFKAR AL MUBHERA FOR INFORMATION TECHNOLOGY,+966539219996,https://mubhera.com/,info@mubhera.com,10929188,"AL ARUBA, RIYADH, SAUDI ARABIA"
Al Arabiya Systems Engineering,AL ARABIYA SYSTEMS ENGINEERING,+966114600507,https://www.ase.sa/,"Sales@ase.sa, info@ase.sa","920017647, 966 11) 462 0507","MMPQ5VW, AL OLAYA, RIYADH 12221, RIYADH, SAUDI ARABIA"
AL ATKAAL COMPANY LTD,AL ATKAAL COMPANY LTD,+966553075372,https://atkaal.com.sa/,sales@atkaal.com.sa,"52127441, +966-13-8055581, +966 13 805 5581","5TH FLOOR AL-MEFLAH BUILDING AL KHOBAR KINGDOM OF, AL KHUBAR, SAUDI ARABIA"
AL AWADI UNITED TRADING COMPANY,AL AWADI UNITED TRADING COMPANY,+966133488062,https://awadiunited.com,info@awadiunited.com,+966 13 384 8062,"OLD MAKKAH STREET, BUILDING NO3489, JEDDAH, SAUDI ARABIA"
AL ESNAD EST FOR MILITARY SUPPLIES,AL ESNAD EST FOR MILITARY SUPPLIES,+966114770721,https://al-esnad.com.sa/,"info@al-esnad.com.sa, factory@al-esnad.com.sa","+966114787116, +966114770721","6856 ALQADI ALYAS MALAZ RIYADH SAUDI ARABIA, RIYADH, SAUDI ARABIA"
Al Faris National Company for Information Technology,AL FARIS NATIONAL COMPANY FOR INFORMATION TECHNOLOGY,+966504435140,https://optimiza.me/,,,"8162 - KING FAHAD BRANCH STREET, 3701 - AL Olaya District, RIYADH, SAUDI ARABIA"
AL FUTTAIM ENGINEERING & TECHNO COMPANY,AL FUTTAIM ENGINEERING & TECHNO COMPANY,+966122252800,https://afet.com/,,,"AL MADINA ROAD WESAL BUILDING 7575 NORTH GATE FIFT, JEDDAH, SAUDI ARABIA"
AL HAIL INFORMATION TECHNOLOGY SYSTEM COMPANY,AL HAIL INFORMATION TECHNOLOGY SYSTEM COMPANY,+966552764261,https://techtrixsystem.sa,"info@techtrixsystem.sa, sales@techtrixsystem.sa","46161646, 61067559, 00000057, 3221225472","2399 ABI ZAKARIYA IBN AL AWWAM UTAIQAH, RIYADH, SAUDI ARABIA"
AL HASHEMIAH CONTRACTING COMPANY,AL HASHEMIAH CONTRACTING COMPANY HATCO,+966114647419,https://www.hatco.com.sa,hatco@hatco.com.sa,"17446446499565, +966114647419, 530306060606065, 17448386334490, 10904361, 48479393939394, 98481515151515, 11 465-7304, 24237878787879, 90905757575758, 181742424242422, 17448386334491, 90902121212121, 11 464-7419, 17446446499560, 17446446499563, 84845151515152, 4-744868182, 17446446499562, 17446446499561, 17446446499564, 1010208002","7759 PRINCE ABDUL AZIZ IBN MUSAID IBN JALAWI STREE, RIYADH, SAUDI ARABIA"
Al huluol al taqniyya al mutatiwwera al arabiyya,AL HULUOL AL TAQNIYYA AL MUTATIWWERA AL ARABIYYA,+966-115121989,https://www.al-huloul.com,info@ats.ae,"434046801, 2919921875, +97126392440, +9661151521989","AL-ROSSAIS COMMERCIAL CENTER, 3857 OLAYA STREET, AL OLAYA, RIYADH, SAUDI ARABIA"
AL ITSALAT AL SAHLA FOR COMMUNICATIONS AND INFORMATION TECHNOLOGY,AL ITSALAT AL SAHLA FOR COMMUNICATIONS AND INFORMATION TECHNOLOGY,599258995,https://www.easylink-ksa.com/,,"21568340, 197077751, 15550450, 659991568340, 43844460, 905890231149, 31568340, 905890231197, 691436264, 079997359, 0 0 512 512, 905890231194, 99125353, 905890231147, 905890231198, 81568340, 905890231195, 691435574, 14740450, 90589023114, 15758450, 905890231146, 0 0 256 256, 905890231193, 691435254, 691435754, 789224492, 663021568340, 905890231148, 99125344, 99125335, 905890231196, 689269891, 658061568340","طريق أنس ابن مالك، 98, RIYADH 13326, SAUDI ARABIA, RIYADH, SAUDI ARABIA"
AL KHALEEJ COMPUTERS & ELECTRONICS SYSTEMS,AL-KHALEEJ COMPUTERS & ELECTRONICS SYSTEMS,+966114632143,https://alkhaleej.com.sa,,"9999999999, 1000001701, 223 223 223, 1000001462, 00000021, 115100350, 012-6191905, 1000001510, 4136727437506, 233298511, 552255490, 114082109, 1000001485","OLAYA MAIN STREET, RIYADH, SAUDI ARABIA"
AL KHALEEJ TRAINING AND EDUCATION COMPANY,AL-KHALEEJ TRAINING AND EDUCATION COMPANY,+966115108510,https://www.alkhaleej.com.sa,,"9999999999, 1000001701, 223 223 223, 1000001462, 00000021, 115100350, 012-6191905, 1000001510, 4136727437506, 233298511, 552255490, 114082109, 1000001485","PO BOX 295300, RIYADH, SAUDI ARABIA"
AL KHALIJ AL THIAR,AL KHALIJ AL THIAR,+966557544028,https://www.gscl.com.sa,info@gscl.com.sa,"62626280, 12837-7662, +966 50 085 0270","8011 MUSAB BIN UMAIR, RIYADH, SAUDI ARABIA"
Al Mada Smart Compnay,AL MADA SMART COMPNAY,+966558334433,https://www.almada.net.sa,,,"MADINA ROAD, JEDDAH, SAUDI ARABIA"
AL MANNAI INFORMATION TECHNOLOGY LLC,AL MANNAI INFORMATION TECHNOLOGY LLC,+966115062013,https://mannai-ict.com/,ict.info@mannai.com.qa,"2-9937-9425, 111372523, 582-122401, 65815790, 62057895, 758702626, +974) 4455 8888, 1494576021525, 6-4267-434, +974) 4455 8558","OFFICE BLDG NO 2975- AL WOROUD DIST, RIYADH, SAUDI ARABIA"
AL MARHALA AL TALIYA,AL MARHALA AL TALIYA,+966920009606,https://www.neveltech.sa,info@neveltech.sa,+966 920009606,"7703 OTHMAN BIN AFFAN STREET, RIYADH, SAUDI ARABIA"
Al Matbouli Sound & Communications,AL MATBOULI SOUND & COMMUNICATIONS,96612252225,https://www.umg.com.sa,,,"MATBOULI PLAZA, 2ND FLOOR, AL MAADY ST. RUWAIS DIST., JEDDAH, SAUDI ARABIA"
Al Mehwar Net for Technology & Communications Co.,Al-Mehwar Net For Technology & Communications Co,96611476633,https://www.al-mehwar.net,info@al-mehwar.net,"966114766333, 966114762340","Mani Al Muraidi – Irqah-Unit No-9, Building No: 3964, RIYADH, SAUDI ARABIA"
AL MUKHTAR AL AWFAR TRADING COMPANY,AL MUKHTAR AL AWFAR TRADING COMPANY,+966537827445,https://unifiedplanet-sa.com,info@unifiedplanet-sa.com,"162947308, +966-56 338 6535","AMIR MAJED ROAD INTERSECTION AL TADAMOUN STREET, JEDDAH, SAUDI ARABIA"
AL MULLA ARABIAN CONTRACTING COMPANY,AL MULLA ARABIAN CONTRACTING COMPANY,+966138113164,https://www.almullagroup.com,info@almullagroup.com,"57644229, 3864544990, 2147483647, 184275001, +965 2225 0880, +965 2225 0990, +965 2225 0888, 56857917, +965 2225 0999","2857-2925 PRINCE SULTAN ROAD AL ANDALUS AL KHOBAR, 34437, AL KHUBAR, SAUDI ARABIA"
AL MUTLAQ UNITED COMPANY,AL MUTLAQ UNITED COMPANY,+966138579206,https://www.almutlaqunited.com,info@almutlaqunited.com,"10864954202, +966 13 857 9206, +966138579206","DAMMAM KHOBAR HIGHWAY, OPP. TO DAMMAM DRIVING SCHOOL, DAMMAM, SAUDI ARABIA"
AL RAJHI TELECOM COMPANY,AL RAJHI TELECOM,+966583319977,http://www.alrajhitel.com,Info@alrajhitel.com,"69201429, 11 4221089, 12612-3138","7687 King Fahad Branch Road Al Murabba Dist Unit No:147, RIYADH, SAUDI ARABIA"
AL RANA TOWERS FOR TELECOM & IT YOTTA,AL RANA TOWERS FOR TELECOM & IT (YOTTA),920017105,https://www.yotta.co,,,"7644 SALAHUDDIN AL AYYUBI 4382 KING ABDULAZIZ DIST, RIYADH, SAUDI ARABIA"
Al Riqa Establishment,AL RIQA INTERNATIONAL COMPANY LTD,+966561124727,https://sfda.gov.sa,,"141667814, +966-112038222","JEDDAH, JEDDAH, SAUDI ARABIA"
Al Rushaid Technologies Co.,AL RUSHAID TECHNOLOGIES COMPANY,+96638914084,https://www.artco.co/,"info.tech@al-rushaid.com, 88170cb0c9d64f94b5821ca7fd2d55a4@sentry-next.wixpress.com, c183baa23371454f99f417f6616b724d@sentry.wixpress.com, 1eeb89147c984dc6bc3ffafd9e6cd089@sentry.wixpress.com, 8eb368c655b84e029ed79ad7a5c1718e@sentry.wixpress.com, dd0a55ccb8124b9c9d938e3acf41f8aa@sentry.wixpress.com","40127106, 3299999237061, 8-4422-892, 27001-2013, 23371454, 38185301, 808583553, 23593974, 2545352419, 9499998092651, 27757599, 3900001049042, 9900000095367, 797-737028, 16324-0592, 66-9288-242, 5-7847-8725-1386, 61-1220673, 14286220, 3-4576-884, 009-0726-0577-9168, +966 13 8914084, 280430136, 82932603, 305748904845, 9000000953674, 6000003814697, 3-4603-8125, 84-4199-887, 8-4947-4831, 4700002670288, 2568835-6945, 01437002711, 89999961853, 9392-5604-1148, 79082550, 107430857, 13-6906-4885-8872, 25507953, 1-4717-9175, 44024-2124-1681, 86-7732495, 48291015625, 14299227, 989999771118, 4899997711182, 84-072604939, 1344-9951-433, 9976-963695, 5899999141693, 8900001049042, 2-2827-4671, 74290729, 20-4105-9040, 4900000095367, 9899997711182, 39-8049-036, 700-8487-6366, 9-4433-9111, 78076171875, 276772-911, 14001-2015, 56447649, 770-5987-4628-852, 62108362, 632205-4245, 7-127636169234, 29178430, 029050-6511, 60441845, 14424-7203-841, 0-4576-933, 289999961853, 14380-3112, 369602912961317, 2147483648, 6300001144409, 2-5350-6322-487, 71200017, 40259318, 45001-2018, 076-4753-8303, 10033243, 33456921, 2147483647, 26790905, 7-8402-8757, 18717900, 64400038-463, 0-9681-990, 64395673, 635-8505-3391-9791, 56234440, 78431639, 5900001525879, 7-2112895, 439999580383, 54548245, 6700000762939, 309-7865384, 579329-359, 734527084, 1100000870, 8976823817, 78848-7403, 436-106728, 14409595, 2128011436, 081396-8648-4657, 799535511, 9500000476837, 13680446-8836, 956-1227-4786-938","KING SAUD ROAD, AL DHAHRAN, SAUDI ARABIA"
AL Saddaqa Information Solutions Trading,AL SADDAQA INFORMATION SOLUTIONS TRADING,+966126760020,https://www.alsadaqa.com.sa,"info@alsadaqa.com.sa, Sales-info@alsadaqa.com.sa","+966-12-676-0020, +966-12-674-3019","KING MOHAMMAD BIN ABDULAZIZ STREET, JEDDAH, SAUDI ARABIA"
Al Sawab Trading Est Right IT,RIGHT COMPUTER  ALSAWAB COMP,+966143226630,http://rightitgroup.com/,,"0 0 448 512, 34700259, 195151 05349844, 0 0 384 512, 665612984, 2759559-457, 966559195151, 32335589960, 70647104, 105588598, 47 0558195151, 18579847, 5350470223, 78798984, 98522692509, 11512706471, 863499085, 0 0 512 512, 072478273723047, 014 322 6630 0559, 52512266, 0534984447, 4 117 243 168, 348065832, 97778-473, 0434010396, 1057325-2254, 014 322 6630, 90788395, 0558195151, 723811541, 82739207, 9390210442, 0559195151, 964639443, 8884870185, 65671981-452, 56214187, 11404327, 95905670, 82921939, 8610074-538, 267 435 384 279, 1 0 416 208, 6611913164, 0599347113, 37598970286, 706746826987308, 401328092556, 715941921, 97242776, 217448-2500, 943361674540, 820339-2500","KING ABDULAZEEZ STREET, YANBU', SAUDI ARABIA"
al tall alawal,AL TALL AL AWAL TRADING EST,+966594044499,https://al-tall.com,info@al-tall.com,"+966 11 4044499, +966 59 4044499","11455, RIYADH, RIYADH, SAUDI ARABIA"
AL THOLATHYA AL AMMAH INFORMATION TECHNOLOGY ATIT,AL THOLATHYA AL AMMAH INFORMATION TECHNOLOGY ATIT,+966118274146,https://www.atit-sa.net,"sales1@atit-sa.net, info@atit-sa.net","999999999, +966569144501, +966118274146","BUILDING S4 RIYADH BUSINESS FRONT, AIRPORT RD, RIYADH, SAUDI ARABIA, RIYADH, SAUDI ARABIA"
AL WASAEL AL DHAKIA FOR INFORMATION TECHNOLOGY,AL WASAEL AL DHAKIA FOR INFORMATION TECHNOLOGY,+966503122535,https://smarttools-sa.com/,,"333333333333332, 33333333333334, 666666666666664, 66666666666666","SAUDI ARABIA, RIYADH, RIYADH, SAUDI ARABIA"
AL WATANIA INFORMATION SYSTEMS,AL WATANIA INFORMATION SYSTEMS,96659549679,https://www.wisys.com.sa,,,"RIYADH MAIN STREET, RIYADH, SAUDI ARABIA"
AL-ENJAZ AL-MUTAMAYIZ INFORMATION TECHNOLOGY ESTABLISHMENT,AL-ENJAZ AL-MUTAMAYIZ INFORMATION TECHNOLOGY ESTABLISHMENT,537517707,https://www.enjaz.com,,"66206973206, 656374696, 637265617465456, 737263203, 646572696, 696541727261793, 6765737473203, 697428223, 0909627265616, 646566696, 227765626, 696541727261795, 647329207, 742822706, 76657273696, 63686172436, 736522293, 7561746522293, 797374722, 206576616, 090909636, 72646572222, 636573732, 090909747279207, 677468222, 662866696, 20646174652, 20657874656, 656422297, 20766172206, 54537472696, 69726573203, 226576616, 722028766172206, 20747279207, 09736574496, 207365636, 7641727261792, 0909747279207, 747970656, 6965732829207, 6528646174652, 65642229207, 63617073756, 274327222, 662865787429203, 67657454696, 0909726573203, 2270756666696, 662872657329203, 726179203, 246364635, 20706174683, 67756167653, 576562474, 20697320756, 6469676573743, 7472756522293, 0909766172206, 0909090969203, 637075436, 090969662028634, 70666876635, 657874203, 69657328293, 74657874222, 090976617220636, 742822696, 6176696761746, 6520697320756, 697455524, 6628226922293, 0972657475726, 09747279207, 286529207, 999999999, 672829293, 7973747229207, 20736574496, 7363726970745, 764172726179202, 74206576616, 537472696, 090909627265616, 0909726573202, 7420612066756, 097661722063203, 544653523, 73637075222, 207265733, 677468293, 090909666, 09090909656, 677468203, 0976617220636, 22617765736, 207265732, 696541727261792, 090909097, 70657261222, 74657374286, 696573203, 2874657374293, 65792929207, 7069726573203, 226368726, 09097472797, 617373222, 646541742869293, 696768746, 652829202, 697428272, 73657454696, 757263653, 617265222, 090909656, 636170436, 66286576616, 207641727261792, 742874657374202, 656374222, 696528225, 697428222, 0909646174652, 2074657374286, 446576696365222, 646578222, 0976617220634, 656422293, 617375746, 6465555249436, 657874656","NORTH MATHER DIST - FATEH ALLAH ALSHAFEE, RIYADH, SAUDI ARABIA"
Al-Fares Advanced Contracting Company,Al-Fares Advanced Contracting Company,+966599504857,https://www.alfaressa.com,micah@micahrich.com,33333333333333,"PRINCE KHALED IBN BANDAR IBN ABDUL AZIZ ST AL-ARID, RIYADH, SAUDI ARABIA"
AL-HAKBANI INFORMATION TECHNOLOGY,AL-HAKBANI INFORMATION TECHNOLOGY,+966114808085,https://www.nutechits.com,hellofriend@thegravityteam.com,903) 800-0001,"AL HAKBANI BUSINESS COMPLEX BLDG 1, RIYADH, SAUDI ARABIA"
Al-Kam Telecommunication,Al-Kam Telecommunication,+966138877207,,,,"PRINCE TURKEY STREET, AL KHUBAR, SAUDI ARABIA"
AL-MAYSSAN TECHNICAL SERVICES,ALMAYSSAN TECHNICAL SERVICES,+96626676251,https://www.almayssan.com,,291432378,"PO BOX 9539, JEDDAH, SAUDI ARABIA"
AL-NAWRAS INTERNATIONAL CO. for IT,AL-NAWRAS INTERNATIONAL CO. for IT,+966507631254,https://infobel.com,,"26732895, 2933276541, 1222083472, 2985984737, 812842568, 3508454897, 2685733372, 988075951, 494047706, 613305155, 3128134379, 2481764524, 3967842156, 1348078617, 3281949485, 722322694, 1041095097, 2147483646, 2699082514, 2083580917, 00000020, 3064412225, 2512015367, 471583506, 3670563033, 2147483647, 1432718904, 2369186930, 3921366393, 456419034, 2417249464","KHALID BIN ALWALEED STREET, JEDDAH, SAUDI ARABIA"
ALANTECH INFORMATION TECHNOLOGY COMPANY,ALANTECH INFORMATION TECHNOLOGY COMPANY,+966543410254,https://alantechnology.com/,sales@alantechnology.ae,"89-761040, +971 4 3512459, 7-51757505, 971507759811, 99999999, +971 4 3512460, 215004192","OFFICE NO04,GROUND FLOOR,FRAIJI BUILDING,JARIR STREET,AL MALAZ,RIYADH,KSA, RIYADH, SAUDI ARABIA"
ALEHA CONTRACTING COMPANY,ALEHA CONTRACTING COMPANY,+966542782786,https://www.alehaa.com,mehajoob@aleha.com,+966 56 176 3786,"3810 6221ST, SAYHAT, SAUDI ARABIA"
ALFA GULF TECHNOLOGIES AND CONSTRUCTION COMPANY,ALFA GULF TECHNOLOGIES AND CONSTRUCTION COMPANY,+966534979774,https://www.alfa-gulf.com,,,"12 DOOR, FLOOR 4, AL KHUBAR, SAUDI ARABIA"
Alfalak Electronic Equipment & Supplies Co.,ALFALAK ELECTRONIC EQUIPMENT & SUPPLIES COMPANY,+966138591990,https://www.alfalak.com,info@alfalak.com,"+966-13-882 2156, 0 0 1280 100, 42971078, 20100101, +10190-1019, 495966 100, +10140-1018, +966-13-882 9996","ASWAD IBN YAZID STREET, BUILDING 3976, AL KHUBAR, SAUDI ARABIA"
alfanar IT,ALFANAR COMPANY,+966920006111,https://alfanar.com,"RootId@odata.type, AvailableLanguages@odata.type","252017887, 999999999, 979313420, 0-8383-0327, 871231627904, 0717117318, 8-9356-4534, 8-8257-027, 513-3467-4834-851, 61168955, 63950409, 0-8200-769, 63-9433-459, 81507317, 312049324, 340-7857-4426, 6-60610686, 52192335, 641454105, 44475683, 08-0570755, 15909175, 0-4333-8857, 322349032, 7-93290566, 000000000002, 69-1543-427, 3-2716-4000-897, 98851881","5 AND 6 ALFANAR BUILDING NORTHERN RING ROAD, RIYADH, SAUDI ARABIA"
Alfaneyah Electromechanical Company Ltd.,ALFANEYAH ELECTROMECHANICAL COMPANY LTD,+966126529000,https://alfaneyah.com,info@alfaneyah.com,+966-12-652-9000,"SUITE NO 902 903 1101 1102 1103 HAIL COMMERCIAL TO, JEDDAH, SAUDI ARABIA"
ALHULUL ALIHTIRAFIYA ALMUTAQADIMA ALSHAMILA COMPANY,ALHULUL ALIHTIRAFIYA ALMUTAQADIMA ALSHAMILA COMPANY,+966566177655,https://www.pais-int.com,Sales@itf-sa.com,+966566177655,"SAUDI ARABIA - RIYADH - POSTAL CODE 13242 - DAMMAM, RIYADH, SAUDI ARABIA"
ALIA ICT,ALIA ICT,0564354666,https://www.aliaict.com,,,"ALIA BUSINESS PLAZA AR RABI, RIYADH, SAUDI ARABIA"
ALIBTIKAR WALHULUL ALMUMTAZAH,ALIBTIKAR WALHULUL ALMUMTAZAH,+966541626039,https://www.ihm.com.sa,,,"MOHAMED AL SHAER AL SULIMANYA RIYADH KSA, RIYADH, SAUDI ARABIA"
ALJeraisy Electronic Services Company,Jeraisy Electronic Services Company,00966569233979,https://www.jes.com.sa,"info@Jes.com.sa, info@jes.com.sa",+966)14198000,"6644 OLYA STREET, RIYADH, SAUDI ARABIA"
ALKAN ARABIA,ALKAN ARABIA,+966114066224,https://www.alkancit.com,info@alkancit.com,6-8915-696,"AKHAWEEN BUILDING, DABAB STREET, RIYADH, KSA, RIYADH, SAUDI ARABIA"
ALKHALAF TRD,ALKHALAF TRD,+966506228727,https://www.h-alkhalaf.com,contact@h-alkhalaf.com,"31536000, 45550950, +966 11 234 5678","OLAYA STREET, RIYADH, SAUDI ARABIA"
Alkhdirh Trading Est.,ALKHDIRH TRADING EST,+966114533732,https://www.alkhdirh.com,,,"AT TAAWUN, 2158, RIYADH 12477, RIYADH, SAUDI ARABIA"
Alkhorayef Printing Solution,ALKHORAYEF PRINTING SOLUTION,+966114786161,https://www.aps.sa,info@aps.sa,"02010100, 14518-2952, 00000000, +966 59 642 0142","11412 RIYADH, RIYADH, SAUDI ARABIA"
Allied Solutions for IT,ALLIED SOLUTIONS FOR IT,+966556604310,https://www.alliedsolutions-sa.com,sales@alliedsolutions-sa.com,"00966 59715184, 182709323","MAKKAH AL HAMRA,JEDDAH AL SAFA DISTRICT,JEDDAH,SA,, JEDDAH, SAUDI ARABIA"
ALM INFORMATION TECHNOLOGY,ALM INFORMATION TECHNOLOGY,+966537060997,https://www.alm-ict.com,"sales@alm-ict.com, info@almfzc.com","999999999, +974 44210929, 41782795364655, +971 45756942, 2000000000, +974 4421 0929, 99999999","PO BOX 40901, RIYADH, SAUDI ARABIA"
ALMAJAL GROUP FOR SECURITY,ALMAJAL GROUP FOR SECURITY,+966569805899,https://www.g4s.com/en-sa,marketing@almajalg4s.com,"2147483647, 87654321, 12345678, 2147483645, 2147483646, 3333333333, 11223344, 6666666667, 16638795927","JEDDAH, JEDDAH, SAUDI ARABIA"
AlMalath Al Arabia Co.,ALMALATH AL ARABIA COMPANY,+966114002031,https://www.almalath.com/en/,Info@almalath.com,0376160065,"ANAS BIN MALIK, GROUND, RIYADH, SAUDI ARABIA"
ALMUSANADA FOR PUBLIC SERVICES COMPANY,ALMUSANADA FOR PUBLIC SERVICES COMPANY,+966551346143,https://almusanda-gs.com,,,"7419 HAEL ST ALBOHDADYA JEDDAH KSA, JEDDAH, SAUDI ARABIA"
ALNAFITHA INTERATIONAL,ALNAFITHA INFORMATION TECHNOLOGY,+966122349100,,,,"KING FAHAD ROAD, RIYADH, SAUDI ARABIA"
ALPHA DATA INFORMATION TECHNOLOGY COMPANY,ALPHA DATA INFORMATION TECHNOLOGY COMPANY,+966546238204,https://www.alphadata.sa,,61558582831760,"AL EHSAA 7101 3074 BUILDING 3887 SECONDARY NO 6391, RIYADH, SAUDI ARABIA"
ALPHA DIGITAL COMPANY,ALPHA DIGITAL COMPANY,+966543434343,https://www.alphadigital.sa,"79baaa8e09c746d2b7401643b99792e0@sentry.wixpress.com, 8eb368c655b84e029ed79ad7a5c1718e@sentry.wixpress.com, info@alphadigital.sa","80594495-8673, 33456921, 26790905, 635-8505-3391-9791, 71200017, 205641565, 60441845, +966 11 5200884, 769641412, 56234440, 7-2112895, 88-9288338191, 668711133, 70715464, 29178430, 9392-5604-1148, 27757599, 25507953, 700-8487-6366, 08087274, 2545352419","2253 ALURUBAH ROAD, RIYADH, SAUDI ARABIA"
ALPHA DIMENSIONS COMPANY,ALPHA DIMENSIONS COMPANY,+966571700001,https://www.alphaevent.com.sa,,"17992295707734, 14754602519818, 52934057466939, 7977493952225, 9331814074094, 5934905731394, 87164230867455, 122716352234725, 9525915462142, 9523427293555, 0157981597513, 41413583253792, 925925925925924, 832163303322, 3925715412394, 09289750283267, 410418167096, 139999999999997, 130634997962744, 86754602519828, 5966415209806, 9535269606025, 94430013182435, 17740848186094, 86754602519827, 5407424354288, 62242138552834, 089658151, 58605286244452, 355992453259848, 4298829958395, 28505487473345, 333246329803, 9181787995366, 20000000000002, 6666666666665, 6664817301787, 81681307926468, 10711634307467, 45355297243304, 9272780178228, 73555661438519, 22146458285245, 59014111081976, 436214284164, 51838754621849, 12874999999998, 24793390, 3068442107311, 588963090346635, 1248664454278, 504726403224737, 765876499528531, 54279022089787, 7652514746079, 2394378930148, 87696121489162, 04399434, 78646907282318, 87968899882495, 32036277641504, 205776530172963, 459020744, 0007616242547, 111111111111114, 9959643842885, 2947909164519, 04146769906166, 5782601617666, 14000000000001, 4998432170344, 39999999999998, 418508582298955, 76611660444445, 3402970179116, 97081169058401, 9999999999998, 44999999999996, 334522084974, 46625343735, 14754602519824, 8142049943346, 1475460251982, 7801550532085, 3655210750787, 34778847211732, 66162699124317, 50733354634326, 539208289377726, 3595108506476, 94982890772627, 2327272727272, 36881216538275, 89151190142593, 0300653764602, 7540694462086, 400386660937812, 9999999999999, 140000000000004, 7309858403898, 41754934455815, 8462379068318, 8951545412255, 38746666941742, 53252392696896, 0442155398554, 41850858229896, 9639668511765, 87682323258949, 06320726597627, 296408874667236, 55272392343394, 6503992338365, 94422431291689, 94620386672139, 38746666941753, 9018056394113, 92351636758417, 005106531446714, 4331774083034, 74344058821022, 3979620068538, 009910084484, 77694474466074, 59014111081984, 23267358229895, 12874999999997, 3024200745963, 266499888912492, 5591575589256, 0567777043565, 605029093778356, 70697477814963, 74502999796277, 177578614471656, 204437328556, 87750981061185, 0442155398555, 78543372849723, 906428130251925, 755975386194194, 89925000000005, 7888888888888, 7981270470009, 4586208922988, 7530363187544, 58605286244455, 02084357549484, 8125698338298, 6901411108198, 15437923385309, 11084139503623, 12656766185552, 10599561453, 97241659179616, 9523427293557, 5465596951276, 6723552216945, 552713678800501, 2070122598427, 0613847286585, 759193773109246, 818329159462, 526512829121202, 887611638814, 71748116127625, 9525461042119, 6148043066136, 71111111111111, 81420499433462, 6336851581575, 9002411190077, 93633679114956, 05522579486353, 0947128880194, 81382259741542, 69800250306499, 8046498520999, 84439724521445, 6876641551471, 0484514021297, 851891542223484, 41175783725964, 25545054646625, 74485246224384, 6604834169931, 6794958847197, 27749498240465, 8402918947096, 291733464167, 22491111375905, 5040377504926, 3541666666667, 62515078397746, 66660660700336, 19878075412917, 2142110289345, 588963090346642, 04845140212971, 95149740428064, 19125771573545, 21175783725965, 57826016176648, 633109634255, 3554571629656, 59014111081987, 14620386672135, 7801550532084, 174763206, 8474718265528, 3975137857459, 349999999999966, 03188234152958, 59998225296144, 588963090346656, 81420499433466, 5135869105772, 306052862444616, 330224036321, 907985046680551, 31092533542017, 7967452865696, 23267358229897, 59014111081981, 2484819296734, 79694407393293, 44682302173337, 8597029820885, 2796047947643, 517324525407048, 078098285247535, 9712434725035, 8839268751686, 1425338626123, 582924722593674, 85633961240654, 959027887616, 40156523334963, 050200066424495, 40572667126963, 5395124671748, 631368368104, 23388018014428, 7872272177948, 63997109187864, 13709291769084, 0090806633386, 81420499433459, 460191562295, 883702424181685, 60279961740082, 2703050703079, 8675460251983, 2214645828524, 163179916318, 97905567798313, 2413874841208, 660483416993, 5702812514061, 876823232589445, 5360173958942, 3364376915732, 54168313295, 3600173245773, 75758592, 14213561109216, 9993517463057, 876823232589565, 47346735867097, 6664200783016, 41850858229897, 3557886412656, 930476863215745, 14072033045727, 578850001296601, 3548051302343, 046779484065, 579600461736874, 0498794404962, 98519409255147, 91878075412905, 876823232589675, 812206933253, 3678366966781, 7122789637766, 31118109181722, 80000000000001, 1416644633917, 16481472181732, 681880394783, 1047075470486, 29074570885067, 39247012506576, 000075538427, 4160089996794, 67949588471964, 69887838210703, 9839211472157, 817748109994795, 79999999999978, 6561679224266, 58759390904606, 547473508864641, 263256414560601, 5941671548378, 78854665746076, 311217277204406, 20076871, 3335799216982, 62597866293885, 75053167981827, 03583343415124, 0442155398553, 45445346, 3525616880145, 2760002823509, 4015652333499, 7093587954563, 9814833444088, 9333811437799, 55924813414086, 08450704225356, 26825241295876, 31382143, 56527445214505, 33333587646484, 9828400030369, 539506577543, 418508582298976, 02084357549495, 08329097433233, 6299713771245, 105427357601002, 83562500000002, 5529129895229, 6722467752109, 3803276148942, 20582176254061, 58605286244462, 368403680497494, 7189113938127, 19878075412912, 8557886412656, 35826172454415, 0811906048738, 140000000000015, 98069627895296, 81382259741541, 3779208944479, 78032600660029, 9268980666393, 8291493155591, 74919936815147, 87682323258929, 29841922535905, 04850259571947, 4065094268605, 90437114213222, 62612289628055, 0000000000001, 61636363636359, 399171224541796, 29175038413808, 90528711198056, 90867505826174, 00454061421857, 40074284321383, 829595195615, 2720316752444, 132325917, 90704283385674, 5281392567298, 5144582950392, 4087414518026, 9360017324575, 9029948085613, 558468761016343, 21708474815357, 87526880613893, 3850228455324, 6801725415305, 469080678455, 90528711198033, 6509090909091, 66710035192506, 947598300641403, 14383207757396, 3699075883267, 64744496860624, 14253386261231, 120321293016815, 2867623530819, 28792415988744, 625662761800186, 341540449724, 558468761016258, 75426918715834, 3271147662011, 53091932154496, 57602742758557, 21175783725974, 44849218793297, 1310491947694, 23267358229899, 53382259741535, 6972563488388, 32283528054217, 139999999999993, 42725071527309, 9790118148863, 04611051067856, 2907238383132, 5123358448526, 51358691057726, 86754602519825, 8876641551476, 48329097433225, 2466059272402, 9046268041287, 5834890593023, 9780065874284, 58605286244459, 0246631957938, 6449950278967, 46349517408254, 95011625071868, 0847734633631, 6613049501989, 694822225952521, 38502284553243, 50528161473665, 8073140676, 6421566971524, 0127555126205, 7142110289345, 888705348555035, 235487471882166, 9206438749899, 12486644542776, 8768720018218, 57575265530871, 13773438753935, 807179696895446, 5212184877463, 53129384425307, 14754602519827, 8539510248454, 4752477116801, 3945619988173, 7560131748567, 6876641551473, 61072405313692, 93665583311548, 0358334341513, 0976750739501, 89473636941764, 23267358229898, 4475395388721, 554487802463, 704312567662, 81681307926465, 050093593832571, 4145746577796, 1 0 540 1080, 991795300355, 58130702, 11328676785713, 59847203696646, 60000000000025, 4746514075383, 04146769906163, 0466714414224, 4057207772929, 67039148716417, 352054855171154, 73679273402365, 58605286244456, 58158995815916, 6035048450855, 9450366872765, 77747947202738, 266556353973, 90318217594125, 01497563023129, 22254778424394, 2513334861305, 15428821657798, 476171364677612, 476419235288631, 1382886851711, 841635873068526, 924120041038293, 54170819274935, 226333297518, 9023249260499, 7623020092292, 53601739589416, 306052862444595, 9478532347571, 67708333333331, 74344059, 72505421355135, 928289971882155, 55272392343393, 88392687516867, 0404402848998, 5812824090876, 31087187777132, 441006621, 30513705534287, 87280809269805, 6226821041935, 883058302222224, 99074167220442, 689582056016661, 67003597121749, 5989819366567, 71979673, 3060528624446, 0465278345427, 2947128880196, 88392687516864, 515631590346782, 29479091645203, 15970810529043, 8162900122718, 3661031567724, 641259419361859, 40685396402495, 07319184712793, 2907788313271, 91226586773405, 44818779256636, 7226862454212, 80084946465644, 140000000000008, 054789191960097, 136666037569, 34778847211734, 44398682514338, 91371610145426, 04132395609014, 5767679952992, 4647442283605, 2049454174334, 40522083291756","SAUDI ARABIA - RIYADH - ALSULAIMANIYAH - PRINCE MUHAMMAD IBN ABDULAZIZ, RIYADH, SAUDI ARABIA"
ALRAKEEN,ALRAKEEN,508873555,https://alrakeen.sa,info@alrakeen.sa,"16824801, 00000012, +966112056005","2858 MAKKAH MUKAROMAH ROAD OLAYA DIST 12221 RIYADH, RIYADH, SAUDI ARABIA"
AlRammah International Telecom and IT Services RITIS,ALRAMMAH INTERNATIONAL TELECOM AND IT SERVICES RITIS,+966138961700,https://goritis.com,info@goritis.com,"+966 5 311 6800, +10190-1019, +966 13 8961700, +966 13 896 1700, +10140-1018","AL MOUSA TRADING CENTER 1ST FLOOR BLOCK C ST13 YAR, AL KHUBAR, SAUDI ARABIA"
ALRAYAH NETWORK Co.,ALRAYAH NETWORK COMPANY,+966138337049,https://www.alrayahnetwork.com,info@alrayahnetwork.com,"+966 54 744 4432, +966 13 833 7049","2944 KING ABDULAZIZ STREET, AD DAMMAM, SAUDI ARABIA"
ALSAHABAT ALTASIAH L COMPANY FOR CONNECTIONS W TKNYT ALMLUMAT SHRKT SHKHS WAHID,ALSAHABAT ALTASIAH L COMPANY FOR CONNECTIONS W TKNYT ALMLUMAT SHRKT SHKHS WAHID,+966115121746,https://www.cloud9.com.sa,info@cloud9.com.sa,"11-11-133116, 12468-7815, 50090007","4034 AL-HUSSEIN BIN ALI - AL-MASIF DISTRICT RIYADH, RIYADH, SAUDI ARABIA"
ALTAKAMUL NATIONAL INFORMATION TECHNOLOGY,ALTAKAMUL NATIONAL INFORMATION TECHNOLOGY,+966126446645,https://altakamultech.com.sa,Sales@altakamul.com.sa,"966581524763, 966581524476","PO BOX 15420 JEDDAH 21444 KINGDOM OF SAUDI ARABIA, JEDDAH, SAUDI ARABIA"
Altamam United Co,ALTAMAM UNITED COMPANY,+966555450307,https://tuc.com.sa,,"33333333, 66666667","11345 RIYADH, RIYADH, SAUDI ARABIA"
ALZAHRAA ALMASRYAH ALWALAA,ALZAHRAA ALMASRYAH ALWALAA,592834307,https://ecca-group.com/,info@ecca-group.com,"+201026786943, +20 1060937328, +20 1002679634, +2 38313490, 255 255 255, +966 56 001 6807, +0001234567890","12233-4264 IBN KATHEER ST AL SULAYMANIYAH DISTRICT RIYADH, BUILDING NO7783, RIYADH, SAUDI ARABIA"
AMAL CADY ESTABLISHMENT FOR COMMUNICATION AND INFORMATION TECHNOLOGY,AMAL CADY ESTABLISHMENT FOR COMMUNICATION AND INFORMATION TECHNOLOGY,+966594869818,https://actitsolutions.com,info@actitsolutions.com,"+966 594 869 891, 02010100, 17776772936, 14369752, 03223280","IBN KATHEER STREET, BUILDING 7199, RIYADH, SAUDI ARABIA"
AMALOGY FOR INFORMATION TECHNOLOGY,AMALOGY FOR INFORMATION TECHNOLOGY,+966580320022,https://pif.gov.sa,,,"SALAH AL DIN AL AYOUBI ROAD, RIYADH, SAUDI ARABIA"
AMAN SOLUTIONS FOR CYBERSECURITY,AMAN SOLUTIONS FOR CYBERSECURITY,+966115122919,https://www.aman.com.sa/,,"81605201326, 85714285714286, 7333333333333, 87661528, 3333333333333, 1333333333333, 613505581, 79071506, 6666666666667, 177466510, 31536000, 628490875077, 12045858, 0666666666667, 86303148, 79793081, 26972607, 53095138650, 2047667016, 100000000, 7496969728, 00000057","3549 AL URUBAH ROAD, RIYADH, SAUDI ARABIA"
Anazeem information technology,ANAZEEM INFORMATION TECHNOLOGY COMPANY LTD,+966545554405,https://www.anazeem.com,,"99316683, 1459424385912, 98461285, 676575446, 1461318078360, 1459337282173, 79025753, 163813038, 1459341455425, 1461318876954, 10591754, 1461318039174","RIYADH-OTHMAN BIN AFFAN ROAD, AL TAWUN DISTRICT, AL TAWUN COMMERCIAL BUILDING, FLOOR # 1 OFFICE # 12, RIYADH, SAUDI ARABIA"
ANINE SOLUTIONS COMPANY,ANINE SOLUTIONS COMPANY,545357770,https://a9it.com,,+966114797342,"RCRB6327, RIYADH, SAUDI ARABIA"
ANKAR ALMUTATAWIRA COMPANY FOR TELECOMMUNICATIONS,ANKAR ALMUTATAWIRA COMPANY FOR TELECOMMUNICATIONS,+966115126789,https://www.anchoreg.com,info@anchoreg.com,"+20 111 988 8942, 537895 100, +968 7688 7717, 201119888942, 09819 100, 596164 100, 321575 100, 304352 100, +966 539 918 108, +201119888942, 45688367, 31536000, 330867 100, +971 568985585","Al aflaj  St AL-SUWAIDI 125 UNIT A1-B1, RIYADH, SAUDI ARABIA"
Anmat Tech,ANMAT TECH,+966112221177,,,,"Riyadh, King Fahad Road , Olaya Avenue Building, 2nd Floor. #Office 4023, Riyadh, SAUDI ARABIA"
ARAB SPECIFICATIONS COMPANY FOR INFORMATION TECHNOLOGY,ARAB SPECIFICATIONS COMPANY FOR INFORMATION TECHNOLOGY,+966133476663,https://www.arabspec.com,"info@arabspec.com, sales@arabspec.com","9027-0435-4434, 4030539362, 9007-4000-9534, 653126934, 70762772, 8604524519, 0-4210-847, 58925384, 9098900722, 1384-4653-8167, 255 255 255, 23595959, 25032292, 0-8475-156, 63994214, 1-9456-0486, 94-692321, 510-3728786, 47-333754, 00000000, 230 230 230, 8487523-2788-447, 317-7131-4607, 11151754, 442-4642-879, 2-9365-295, +966 50 723 8882, 239 239 239, 244 244 244, 1089991078, 01823-6872, 5692897-0651, 89-4074-431, 247 118 140, 832899938, 48258975, 7-4375-8707, 1462899006636, 115779-8070, 44-0334-448, 43118867-3376, 50213165, 2-4458-999, 208 208 208, 41-8274-4049, 402-023944, 0006-4447-9173, 829-0552-4372, 00000026, 5-2290-4252, 9017379-008, 94-4833-4262, 646317024271, 8987-8389408, 311080717800003, 55068931, 9-4090-9685-6428","EBRAHIM RADWAN STREET, BUILDING 7577, JEDDAH, SAUDI ARABIA"
Arabian for science and Technology ASTC,ARABIAN FOR SCIENCE AND TECHNOLOGY ASTC,0096655666543,https://www.astc.com.sa,sales@astc.com.sa,"+966 53 378 2207, +966 114 544 158, 73350169","8101 OTHMAN BIN AFFAN ROAD, KING ABDUL, RIYADH, SAUDI ARABIA"
"Arabian Information Technology Co, -ARCOM","Arabian Information Technology Co, -ARCOM",+966114508243,https://www.arcom.com.sa,info@arcom.com.sa,"11-450-5917, 11-450-8243","88 ABIDUJANA STREET ALMURSALAT, RIYADH, SAUDI ARABIA"
Arabian Networking Systems (ANS),ARABIAN NETWORKING SYSTEMS,+966138941048,https://www.ans.com.sa,"support@ans.com.sa, info@ans.com.sa","+966 3889 2126, +966 3894 1048","1ST, CROSS PRINCE ABDULLAH STREET, AL KHOBAR, SAUDI ARABIA"
ARDENON,ARDENON,+966566565661,https://www.ardenon.com,"info@ardenon.com, Sales@ardenon.com, sales@ardenon.com","4030388588, 12 6927390","PRINCE SULTAN STREET, LINK BUILDING OFFICE A1, JEDDAH, SAUDI ARABIA"
ARKAN ALKHALEEJ,ARKAN ALKHALEEJ,+966557878315,https://info@arkanalkhaleej.com.sa,"user@website.com, info@arkanalkhaleej.com.sa","070324 100, 10472276, 2478260869566, +966)54553669","5031 KING ABDULAZIZ ROAD, AL SULAYMANIYAH, RIYADH, SAUDI ARABIA"
Arkan Almustaqbal for Telecomunication,ARKAN ALMUSTAQBAL FOR TELECOMUNICATION,+966138685418,https://www.arkantel.net,info@arkantel.net,"+966 138685413, +966 138685412, +966 597517773","OFFICE # 403 , 4TH FLOOR CLOCK TOWER KING KHALID STREET, AL NAKHIL AREA, AD DAMMAM, SAUDI ARABIA"
ARKANPRO COMPANY,ARKANPRO COMPANY,920021241,https://arkanpro.com.sa,Info@arkanpro.com,966534212795,"ALFAYHA DIST ALMASSJID RD35811, AL JUBAIL, SAUDI ARABIA"
Arma International for Information Technology,ARMA INTERNATIONAL FOR INFORMATION TECHNOLOGY,+966544784696,https://arma-technology.com.sa,info@arma-technology.com,"209 250 229, 249 250 251, 254 243 199, 33 128 190, 16 185 129, 243 232 255, 219 234 254, 59 130 246, 207 250 254, 255 255 255, 156 163 175, +966-544-784-696, 107 114 128, 243 244 246, 229 231 235, 255 237 213, 74 222 128","JEDDAH, MOHAMMADIYAH, PRINCE SULTAN ROAD, SHAKER CENTER, 3RD FLOOR OFFICE 10, JEDDAH, SAUDI ARABIA"
ARMOR INTEGRATED SECURITY COMPANY,ARMOR INTEGRATED SECURITY COMPANY,+966112242405,https://aisco.com.sa/,info@aisco.com.sa,"99999999999997, 966) 920 003, 00000000000003, 02010100","ABDULAZIZ AL-ARIFI RAOD, RABIE DISTRICT, RIYADH, SAUDI ARABIA"
ARTKOM TRADING COMPANY,ARTKOM TRADING COMPANY,+966505566611,https://www.artkom.com,info@artkom.com,"061018 100, 00966114642237","RIYADH, OLAYA ST, RIYADH, SAUDI ARABIA"
Asari Trading and Contracting Est.,ASARI TRADING AND CONTRACTING EST,+966112882572,https://www.asariest.com,info@asari.com,"+966 503062499, 966503062499, 99999999","OLAYA COMPUTER MARKET, RIYADH, SAUDI ARABIA"
ASPIRE TECHNOLOGIES,ASPIRE TECHNOLOGIES,+966114004343,https://www.aspiretechno.com,info@aspiretechno.com,538781662,"PO BOX 2143, RIYADH, SAUDI ARABIA"
ASPIRING TECHNOLOGIES COMPANY LTD,ASPIRING TECHNOLOGIES COMPANY LTD,+966126501846,https://www.atclarabia.com,,,"JEDDAH SA, JEDDAH, SAUDI ARABIA"
AT&T,AT&T SAUDI ARABIA,441189168608,https://www.corp.att.com,,"4000000000000, 561815144351253, 1049001539, 10004119, 475248796, 10003169, 2797353676, 2676946699, 18003891, 20020101","RIYADH MALLAZ, RIYADH, SAUDI ARABIA"
Atheeb Integrated Solutions Company for Technologies,Atheeb Integrated Solutions Company for Technologies,+966114622335,https://www.aisc-sa.com/,info@aisct.sa,"231 229 228, 209 213 219, 333333333333336, 150 151 156, 255 255 255, 156 163 175, 226 232 240, 107 114 128, 243 244 246, 96611462235, 229 231 235, 28571429, 30 132 197","2F CIRCON BUILDING OLAYA ROAD, PO BOX 54668 RIYADH 11524, SAUDI ARABIA"
ATHEER AL ATAA COMPANY LTD,ATHEER AL ATAA COMPANY LTD,+966543274411,https://www.atheerco.com,sales@atheerco.com,"9999999999, 68580994, 46044627, 00000026, 31536000, 00966563719335","6841 LFAROOQ DIST, REQA6842, RIYADH, SAUDI ARABIA"
ATLAS AL MUSTAKBAL FOR TELECOMMUNICATION AND INFORMATION TECHNOLOGY,ATLAS AL MUSTAKBAL FOR TELECOMMUNICATION AND INFORMATION TECHNOLOGY,+966500974930,https://atlasgroupone.com,info@atlasgroupone.com,"23000000, +97126127500, 0 0 512 512","2450 AL-RAYYAD, 12314-6789, RIYADH, SAUDI ARABIA"
ATRIA SOLUTIONS ARABIA LTD,ATRIA SOLUTIONS ARABIA LTD,+966920034166,https://atria.sa,,"52428800, 61559953329548","8974 WADI AL THUMAMAH, RIYADH, SAUDI ARABIA"
AUTOMATION SYSTEM SOLUTIONS & MAINTENANCE ESTABLISHMENT,AUTOMATION SYSTEM SOLUTIONS & MAINTENANCE ESTABLISHMENT,+966126172686,https://www.assmsa.com,info@assm-sa.com,"+10140-1018, +966 12 617 2686, +10190-1019","1ST FLOOR AL-NAFJAN BUILDING SITEEN KING FAHAD STR, JEDDAH, SAUDI ARABIA"
AVVALE LTD.,AVVALE LTD.,+966112753060,https://www.techedgegroup.com,,"26732895, 2933276541, 1222083472, 2985984737, 94684110169, 812842568, 3508454897, 2685733372, 2857142857, 988075951, 494047706, 2973-4021-855, 613305155, 3128134379, 2481764524, 3967842156, 113124871036, 04113150967, 1348078617, 146670284106, 3281949485, 722322694, 1041095097, 12746753, 2699082514, 2083580917, 3064412225, 2512015367, 471583506, 3670563033, 2147483647, 1432718904, 2369186930, 3921366393, 3000000000, 456419034, 2417249464","3485 AL AMIR SULTAN IBN ABDUL AZIZ STREET, AL OLAYA DISTRICT, NOOR BUILDING, OFFICE 18, RIYADH, SAUDI ARABIA"
Awaam,Awaam,+966504313671,https://haj.gov.sa,,"01238658-7037, 86906161334187, 02535829, 82189728, 4109123758, 47671205508995, 34-2687512, 423807793175616, 92200980, 45620888733642, 98411490506553, 9-4201-8740-5409, 66234440, 709-702940, 1-6699445017, 109925603, 8-4920-982, 61113332193461, 9952-259533, 41989138, 6659592-2308, 914346756071104, 1310225428, 372534701583962, 394525350, 801329923322754, 2-4253-897, 9740-2489-405, 2683-5522-467, 651618207, 354889364705596, 5-731902304530, 94-7114-4688, 948056424, 43389566, 010-10752511, 71884130, 38758682575318, 34840603, 267819405526, 6469515422, 46937044, 65733553, 463499852, 43941300000225, 4509-8395-869, 53581-460, 19547036347, 67450534, 95601283, 70158134-0665-496, 135515573, 919-4991-495, 19-7876029, 84-8970-6438, 10715755, 9-9124-127123, 2694668251, 838147718, 825466983208905, 1-5143-4754, 90739401, 467671028713784, 3-4713-892, 458709173064, 19254358, 4601724577, 933513943, 85533863682307, 94044564290, 26-4742-9345, 617299535604275, 32674890, 462337154359, 82428236935519, 093002276, 9-7687672, 035-7105-426, 637647828, 1-4324-849, 83880544, 647-50395229, 3-3766-4586, 43590337, 675-6046-4802-9056, 879698-852, 467762811605784, 901347462, 46271652, 809793931, 9283317-762, 1268368563, 374-7532-4021, 76-7756-4638, 39286341415, 36853503, 2264125279, 3020080000, 59622993688525, 414-4933-963, 34505247","KING FAHAD STREET, JEDDAH, SAUDI ARABIA"
Axelerated Solutions,AXELERATED SOLUTIONS,+966112845700,https://www.axs-sa.com,,17774691417,"8498 KING FAHD ROAD, FLOOR 5, RIYADH, SAUDI ARABIA"
Axis Supplies Trading Est,AXIS SUPPLIES TRADING EST,+966112166684,https://axessup.com,,"901347462, 651618207, 1310225428, 2264125279, 3020080000, 1268368563, +966 847 6789, 463499852, 4109123758","OLAYA COMPUTER MARKET - PO BOX 8881 RIYADH 11492 -, RIYADH, SAUDI ARABIA"
AXIS Systems Information Technology Co.,AXIS SYSTEMS INFORMATION TECHNOLOGY COMPANY,+966138653750,https://www.axisitsystems.com,info@axisitsystems.com,"013-8653750, 10000000, +966 13-8653750, +966502910785, 811794635345, +966 50 291 0785","PRINCE NAYEF BIN ABDULAZIZ STREET, AL KHUBAR, SAUDI ARABIA"
Ayser Kayal Trading Est,AYSER KAYAL TRADING EST,+966126395255,https://www.kaylest.com,,"33333333, 1461258064, 78418066, 1493098611, +10140-1018, 944016617, 23000000, +10190-1019, 85610117, 59264814, 14285714, 85714286, 28571429, 1230367105","JEDDAH - AL RAWDA, JEDDAH, SAUDI ARABIA"
Azeemi Technologies Private Limited,Azeemi Technologies Private Limited,+966112174445,https://azeemi-tech.com,,"966536965024, 99999999, 333333333333","BUILDING NO 4470 AL JAROUDIA AL DHUBBAT DIST, RIYADH, SAUDI ARABIA"
BANDWIDTH TELECOMMUNICATIONS COMPANY,Bandwidth Telecommunications Company,+966920009606,https://www.b-telco.sa,sales@b-telco.sa,+966 9200 0960,"2075 Northern Ring Road, Al Ezdihar District, Riyadh, SAUDI ARABIA"
BARMAJIAT FOR COMMUNICATIONS AND INFORMATION TECHNOLOGY,BARMAJIAT FOR COMMUNICATIONS AND INFORMATION TECHNOLOGY,+966555150660,https://www.prmgiat.com,info@prmgiat.com,"10464500, 2-9577-4298, 966564496838, 31187869, 441492499","4263 RIYADH 58883-7175, RIYADH, SAUDI ARABIA"
Barq Systems,BARQ SYSTEMS,+966114645664,https://www.barqsystems.com,info@barqsystems.com,"6592-823152, 86350569, 114645664, 999999999, 39-3851-412, +966 114645664, 4852-688684, 17510204, 151-4201-8835, 20000000, 28724365","BADER CENTER TAHLIA STREET, JEDDAH, SAUDI ARABIA"
Barq Technology EST,BARQ TECHNOLOGY EST,+966114532168,https://www.barq-tech.com,info@barq-tech.com,"+966548311338, 0 0 1280 720","6839 AL ULAYA KING FAHD DIST, RIYADH, SAUDI ARABIA"
Bashaer Al Binaa Contracting Co.,BASHAER AL BINAA CONTRACTING COMPANY,,http://www.bashaersa.com,,"555555555556, 966535582844, 0 0 512 512, +966535582844, 105786448744043, 000000 100, 11111111111","YARMOUK - EXIT9, RIYADH, SAUDI ARABIA"
BASMAT AL MAHER TRADING ESTABLISHMENT,BASMAT AL MAHER TRADING ESTABLISHMENT,+966536458188,,,,"KING ABDULAZIZ ROAD, NAJRAN, SAUDI ARABIA"
BAUD TELECOM COMPANY,Baud Telcom Company,+966126918787,https://www.btc.com.sa,info@btc.com.sa,+966-920018482,"Prince Majed Street, P. O. Box: 6045, Jeddah, SAUDI ARABIA"
Bayt Al Ejada for Trading and Technology Co.,BAYT AL EJADA FOR TRADING AND TECHNOLOGY COMPANY,+966112441884,https://mhtt.sa/,info@mhtt.sa,"+966112441884, 011 244 1884, 214416647","7775 KING FAHD RD AL OLAYA 2970 RIYADH 12212, RIYADH, SAUDI ARABIA"
Bayt al Ma'lumat al 'Arabiyyah For Information Technology,BAYT AL MA'LUMAT AL 'ARABIYYAH FOR INFORMATION TECHNOLOGY,0966502619610,https://www.btech.com.sa/,,,"AL MORBI, RIYADH, RIYADH, SAUDI ARABIA"
BDTECH SOLUTION,BDTECH SOLUTION,+966543599737,https://www.bdtech-solutions.com,"dd0a55ccb8124b9c9d938e3acf41f8aa@sentry.wixpress.com, 8c4075d5481d476e945486754f783364@sentry.io, c183baa23371454f99f417f6616b724d@sentry.wixpress.com, contact@bdtech-solutions.com","+971 55 845 0710, 33456921, 26790905, 635-8505-3391-9791, 3-9780-477, 71200017, 61747158, 14666402, 53150414429, 23371454, 60441845, 00000080, 309-7865384, 56234440, 7-2112895, 77-5633-462, 3621250335, 29178430, 14-216071924, 734527084, 526-718556732, 9392-5604-1148, 945486754, 38185301, 27757599, 82231899, 276-1246-058, 25507953, 700-8487-6366, 2545352419","BLDG 7425 AL OLAYA STREET DIST AL WOROUD, RIYADH, SAUDI ARABIA"
Beacon tracks,BEACON TRACKS,+966138646866,http://beacontracks.com/,info@beacontracks.com,+966 501 887 666,"KHOBAR, KHOBAR, AL KHUBAR, SAUDI ARABIA"
BEGINNING SOLUTIONS IT,BEGINNING SOLUTIONS IT,+966114622282,https://www.beginsols.com,"sales@beginsols.com, Sales@beginsols.com","50316316, +966 59 600 3417, 36737954, 02010100, 02010180, 42424200, 33333300, +10140-1018, +10190-1019, 268435456, 000000 100, 68455498, +966 11 462 2282","PO BOX 22159, RIYADH, SAUDI ARABIA"
Best Solutions For ICT,BEST SOLUTIONS FOR ICT,+966554336697,http://www.bsoln.com,info@bsoln.com,11 2180 008,"BUILDING NO 3177 ANAS IBN MALIK DISTRICT AL MALQA ,RIYADH SAUDI ARABIA, RIYADH, SAUDI ARABIA"
BETT AL-ANZAMA AL-RAQMI,BETT AL-ANZAMA AL-RAQMI,+966114609080,https://www.dtera.com,contact@dtera.com,,"3654 AL-UROOBA ROAD AL-WOROUD DISTRICT, BUILDING NO, RIYADH, SAUDI ARABIA"
BINARY HORIZON INFORMATION SYSTEMS TECHNOLOGY COMPANY,BINARY HORIZON INFORMATION SYSTEMS TECHNOLOGY COMPANY,+966500747097,https://www.binaryhz.com,Info@binaryhz.com,,"OFFICE # 304, 3RD FLOOR,AL JAZEERA BUILDING, CUSTODIAN OF THE TWO HOLY MOSQUES RD, ST PO BOX 3208 A, AL KHUBAR, SAUDI ARABIA"
BIRONEX HOLDING COMPANY,BIRONEX HOLDING COMPANY,+966569298622,https://bironexholding.com/,,,"OLYA STREET, RIYADH, SAUDI ARABIA"
BIT CLOUD,BIT CLOUD,0562086919,,,,"RIYADH - OLAYA 3074 STREET PRINCE MOHAMED IBN ABDU, RIYADH, SAUDI ARABIA"
BITS-BINARY INFORMATION TECHNOLOGY,BITS-BINARY INFORMATION TECHNOLOGY,+966126535553,https://www.bitsarabia.com,"info@bitsarabia.com, support@bitsarabia.com","21734839638525, 60091306066777, 972766437038302, 312468935422, +966-12-653-5553, 509822512869142, +966 12 653 5553, 781928319333467, 282246827174582","Suite 103, Block E9. EMAAR Square, King Abdullah Road, JEDDAH, SAUDI ARABIA"
blaather,BLAATHER CO,+966114617153,http://www.blaather.com/pages/default.aspx,,,"AL SULAYMANIAH, RIYADH, SAUDI ARABIA"
BLUE EDGE COMMUNICATIONS AND INFORMATION TECHNOLOGY,BLUE EDGE COMMUNICATIONS AND INFORMATION TECHNOLOGY,+966535066362,https://www.b-edgetech.com,info@b-edgetech.com,"61585828703450, +966 55 8693 195, +966 13 8355 382, 966558693195","PRINCE MUHAMMED BIMN FAHD STREET, AD DAMMAM, SAUDI ARABIA"
BLUE HORIZON ICT,BLUE HORIZON ICT,+966508883708,https://www.bluehorizon.com.sa,,,"AL ARID DISTRICT, KING ABDULAZIZ ROAD, RIYADH, SAUDI ARABIA"
Blue Networks co.,Blue Networks co.,+966551280555,https://www.bluenetworks-sa.com,,"31536000, 66666666666663","GOLDEN TERRACE GENERAL ESTABLISHMENT - GTE, RIYADH, SAUDI ARABIA"
BLUECHIP ADVANCED COMMUNICATION AND INFORMATION TECHNOLOGY COMPANY,BLUECHIP ADVANCED COMMUNICATION AND INFORMATION TECHNOLOGY COMPANY,+966506736544,https://bing.com,,"2147024882, 79234357, 1165519206, 70146349, 0088128873, 002220260629","STREET ABDULLAH BIN SAUD ISHBILIYAH RIYADH 13217 8, RIYADH, SAUDI ARABIA"
BMB SAUDI ARABIA LTD,BMB SAUDI ARABIA LTD,96612005813,http://www.bmbgroup.com,info@bmbgroup.com,"02010130, 825567871, 76467129, 02010145, 73985990, 669199968, 031007751937984, 33554432, 02010152, 31782945736434, 57434359, 02010117, 1131342218, 301102333","SHAHD INVESTMENT CENTER OFFICE #6, RIYADH, SAUDI ARABIA"
BOUABAT AL SAMA FOR INFORMATION TECHNOLOGY,BOUABAT AL SAMA FOR INFORMATION TECHNOLOGY,+966541499909,https://www.skygates.sa,info@skygates.sa,"0547183010, 99999999999999, 99999999999996","23446 KING FAHAD BRANCH ROAD AR RABWA DIST JEDDAH, JEDDAH, SAUDI ARABIA"
BRANCH OF COMPUROOTS NETWORKS AND INFORMATION TECHNOLOGY COMPANY,BRANCH OF COMPUROOTS NETWORKS AND INFORMATION TECHNOLOGY COMPANY,+966561632922,https://compuroots.com/,,"+2 01012773807, 966540057709","AL NADA DISTRICT, RIYADH, RIYADH, SAUDI ARABIA"
Branch of Waseela for Technology,BRANCH OF WASEELA FOR TECHNOLOGY,+966545267535,https://www.waseela.com,,"536870912, 23000000","OLAYA STREET, RIYADH, SAUDI ARABIA"
BRANCH OF X A V EXPERTS AUDIO VISUAL EQUIPMENT & ACCESSORIES TRADING & INSTALLATION,BRANCH OF X A V EXPERTS AUDIO VISUAL EQUIPMENT & ACCESSORIES TRADING & INSTALLATION,+966547625863,https://www.av-xperts.com,sales@av-xperts.com,"50 329 6520, 54 762 5863","PRINCE TURKI ABDULAZIZ AL AWWAL RIYADH AR RIYAD, RIYADH, SAUDI ARABIA"
BRIGHT FIBER,BRIGHT FIBER,+966554225752,https://www.brightfiber.co,info@brightfiber.co,"9 464 464 464, 93823156, 961 192 192, +966-55-243-2553, 0 0 384 512, +966552432553, 0 0 448 512, 0 0 512 512","DAMMAM, ALMANAR DIST ABDULRAHMAN IBN AOUF, AD DAMMAM, SAUDI ARABIA"
BRIGHT GATE COMPANY,BRIGHT GATE COMPANY,+966545464009,https://www.brightgates.com,,,"GHIRNATAH DISTRICT DAMMAM BRANCH STREET, BUILDING 3329, RIYADH, SAUDI ARABIA"
Business City LLC,Business City LLC,+966112531555,https://bc.com.sa,Sales@bc.com.sa,0112531555,"QP955W6 IMAM SAUD BIN ABDULAZIZ BIN MOHAMMED RD AT, RIYADH, SAUDI ARABIA"
BUSINESS MANAGEMENT COMPANY LTD BMC,BUSINESS MANAGEMENT COMPANY LTD BMC,+966114790689,https://www.bmc.com.sa,,,"IHSAA STREET, RIYADH, SAUDI ARABIA"
BUSINESS SPACE COMPANY LTD,BUSINESS SPACE COMPANY LTD,+966538079368,https://bsnspace.com,info@bsnspace.com,,"PRINCE MAMDOUH IBN ABDULAZIZ STREET, AL SULIMANIYAH DIST, RIYADH, SAUDI ARABIA"
BYTE GUARD,BYTE GUARD,+966564262164,https://www.bgtecsa.com/,info@bgtecsa.com,009-665-3157-4733,"JEDDAH - AL NAHDA DIST - AL SAFA ST, JEDDAH, SAUDI ARABIA"
CADEN TELECOM,CADEN TELECOM,+966500473730,https://www.cadentel.com,sales@cadentel.com,"+971 50 352 2460, 999999999, +966 54 132 9710, +962 79 723 6942","RIYADH, RIYADH, SAUDI ARABIA"
CAPITAL INFORMATION TECHNOLOGY SYSTEM EST.,CAPITAL INFORMATION TECHNOLOGY SYSTEM EST.,+966546661089,https://www.capital.net.sa,info@capital.net.sa,"13-896-0890, 3333333333","AL-KHOBAR PRINCE BADAR STREET, AL KHOBAR, SAUDI ARABIA"
CCDS,CCDS,+966112388882,https://www.ccds.ws,info@ccds.ws,"7647058823529, 1 (149020789, +966112388882, +96824476212, 76470588235294, 0588235294118, 4117647058824, 64705882352941, 3529411764706, 88235294117647, +968 94984840","ALRABEA TOWER, RIYADH, SAUDI ARABIA"
Cegelec Network & Security Systems,CEGELEC NETWORK & SECURITY SYSTEMS,+966569968805,https://www.axians.com/,,"820053 100, 666666667, 31536000","SUMU TOWER 4TH FLOOR-PRINCE TURKY STREET AL YARMOUK, AL KHUBAR, SAUDI ARABIA"
Cipher Company for Cybersecurity,CIPHER COMPANY FOR CYBERSECURITY,+966112423333,https://cipher.com.sa,"info@cipher.com.sa, nurellden@gmail.com","+966 11242 3333, 00000057","BUSINESS GATE, RIYADH, SAUDI ARABIA"
CIRROBITFORT COMPANY,CIRROBITFORT COMPANY,+966550868027,https://www.cirrobitfort.com,sajed@cirrobitfort.com,+966 55 086 8027,"KINGDOM TOWER 28TH FLOOR KING FAHAD ROAD OLAYA RIY, RIYADH, SAUDI ARABIA"
CITY NETWORKS,CITY NETWORKS,+966112922250,https://shabakath.com,sales@shabakath.com,,"2C AL DANA CENTER, MALAH, SAUDI ARABIA"
Clarity Of Vision Information Technology,CLARITY OF VISION INFORMATION TECHNOLOGY,+966112013530,https://cov.sa,info@cov.sa,"176470588235294, 14159265359, 28318530718, 00966114536719, 411764705882353","AL ULAYA STREET, RIYADH, SAUDI ARABIA"
Clear Vision,Clear Vision,+966535397995,https://www.clearvision.com.sa,info@clearvision.com.sa,,"PRINCE SULTAN, WITH, AL-MAATHER AL-SHAMALI, RIYADH, SAUDI ARABIA"
clever solutions for communication co,clever solutions for communication co,+966112224999,https://www.cleversolutions.sa/,"88170cb0c9d64f94b5821ca7fd2d55a4@sentry-next.wixpress.com, bfb679c754744c58a7374ee6e25cfc13@sentry.wixpress.com, 271e9fa3230b4eec94b02bf95780f5f2@sentry.wixpress.com, c183baa23371454f99f417f6616b724d@sentry.wixpress.com, 460ff4620fa44cba8df530afde949785@sentry.wixpress.com, baf30a2b91654c5a840931f0137bed30@sentry.wixpress.com, ed436f5053144538958ad06a5005e99a@sentry.wixpress.com, 8eb368c655b84e029ed79ad7a5c1718e@sentry.wixpress.com, 8c4075d5481d476e945486754f783364@sentry.io, dd0a55ccb8124b9c9d938e3acf41f8aa@sentry.wixpress.com, 0e6a29e4756740a8a63493e912ba2174@sentry.wixpress.com","40127106, 23371454, 38185301, 14666402, 2545352419, 555989583333336, 9013671875, 27757599, 73958969116211, 860000000000001, 34635416666667, 50390625, 1-9685588, 8010862883, 26616003, 54917330766, 82231899, 17-4843-458, 14467716217041, 121419270833336, 25581741333008, 237261076721319, 945486754, 538485209147137, 5053144538958, 3-5495-4361, 85072835286458, 458914-8048, 521484375, 88773854573569, 03356552124023, 6282146654, 9392-5604-1148, 554036458333332, 96712239583333, 022860209147137, 25507953, 77430979410808, 10185194015503, 81366093953451, 61747158, 82931137084961, 311342636744182, 48-96791677, 53150414429, 18666585286458, 700-8487-6366, 900000000000002, 98697916666667, 249999999999998, 3-5420-9568, 22106552124023, 661751122267, 9584-775920339, 45197041829427, 29178430, 797743320465088, 60441845, 842593828837078, 4773-9820-922, 77922948201497, 25924-5664, 516857213, 54160040, 819446563720703, 6446787516276, 95516767, 2147483648, 4-9973-682, 276-1246-058, 940104166666666, 2-5350-6322-487, 71200017, 443238808, 52317746480306, 2236696879069, 345716451, 131077448527016, 33456921, 2147483647, 26790905, 6631965637207, 94473845, 37500317891439, 635-8505-3391-9791, 56234440, 7-2112895, 44589614868164, 51996739705404, 11256281534831, 509260495503744, 531870-0413, 85330073038737, 309-7865384, 99652989705403, 313151041666666, 734527084, 168144861857094, 26388994852702, 00000080, 14-216071924, 422482490539553, 998845418294266, 94054465, 9460-0814554, 040000000000003","8918 OTHMAN BIN AFFAN - AL WAHAH DISTUNIT NO 203 R, RIYADH, SAUDI ARABIA"
CLOUDMATES,CLOUDMATES,+966556516766,https://www.cloudmates.me/,"c183baa23371454f99f417f6616b724d@sentry.wixpress.com, 8c4075d5481d476e945486754f783364@sentry.io, 78f7996315bc402f9dcb8a2f974b82d1@sentry.wixpress.com, 2062d0a4929b45348643784b5cb39c36@sentry.wixpress.com, 8eb368c655b84e029ed79ad7a5c1718e@sentry.wixpress.com, 460ff4620fa44cba8df530afde949785@sentry.wixpress.com, 9a65e97ebe8141fca0c4fd686f70996b@sentry.wixpress.com, 271e9fa3230b4eec94b02bf95780f5f2@sentry.wixpress.com, dd0a55ccb8124b9c9d938e3acf41f8aa@sentry.wixpress.com, hello@cloudmates.me, ed436f5053144538958ad06a5005e99a@sentry.wixpress.com","71-525908938, 606-267994, 3537389287, 3396465136, 23371454, 84-072604939, 60441845, 8-2311-451, 94204878, 0049914375, 7-2112895, 29178430, 12472627565, 3372578893, 38185301, 547129737, 706586722, 02233374943, 49139426, 798808028, 83885246, 00023225876, 2147483648, 701364023, 1-4483-870, 61747158, +61-0468917552, 14666402, 9-0293-490, 8-4048-8897, 714371833, 742789514, 9460-0814554, 309-7865384, 56234440, 9-8085-415, 8-0531-426, 14-216071924, 74290729, 1-9685588, 9392-5604-1148, 945486754, 10857625-1711-489, 0-1475-2487, 27757599, 81684214920, 98319004, 24-8456-845768, 26109-514, 34725111, 45348643784, 2545352419, 2305195801, 830-03459639, 26790905, 8-4942-9787, 5053144538958, 78431639, 15396787, 25924-5664, 15293875, 52027028465, 95729330, 03832081, 32205379, 7-8242323, 3-5420-9568, 387601325, 63817575, 1499856979270, 25507953, 217985510, 7358-5563-414, 2015960785, 502174924, 7645763947, 815198092, 33456921, 635-8505-3391-9791, 71200017, 00000080, 19009198, 14409595, 3122-4351-878, 79082550, 2352141355, 439916890, 00648892410, 9900000095367, 8933820567, 76359954, 734527084, 866301160, 076-4753-8303, 83365509, 224341589, 276-1246-058, 68843882, 700-8487-6366, 3099934109","7273 AL SULAYMANIYAH DISTRICT, RIYADH, SAUDI ARABIA"
ComCrafts,COMCRAFTS,+966126612305,https://comcrafts.net/,,0950635027,"PO BOX 11020, JEDDAH, SAUDI ARABIA"
COMLAB COMPANY FOR INFORMATION TECHNOLOGY,COMLAB COMPANY FOR INFORMATION TECHNOLOGY,+966126570150,https://www.comlabtech.com,comlabsaudi@gmail.com,"2-4030-877, 999999999, 75239090, 28-4446-883, 70996659, 77-6532-4591, 966539049985, +966539049985, 8-8496-7606","KALED BIN WALEED, AL SHARAFIYAH DIST, JEDDAH, SAUDI ARABIA"
COMPANY AFAQ DIGITAL INFRASTRUCTURE,COMPANY AFAQ DIGITAL INFRASTRUCTURE,+966594197929,https://adi.sa/,Info@adi.sa,"37 211 102, 96 165 250, 192 132 252, 148 163 184, 226 232 240, 248 113 113, 255 255 255, 100 116 139, 74 222 128, 87 181 231, 59 130 246, 18 140 126, 30 170 231","AL BIHAR ST - KING SALMAN DISTRICT, RIYADH, SAUDI ARABIA"
COMPANY AJNIHAT ALNAJAH,COMPANY AJNIHAT ALNAJAH,577861815,https://www.alnajahksa.com/,,"9999999999, 2147483647, 3914409583, 98071535, 5-9456-976166, 2143122602, 2492412357","7505 AL OLAYA 2222 AL OLAYA DIST, RIYADH, SAUDI ARABIA"
COMPANY AL MAJAL LAKHDHAR FOR CYBER SECURITY,COMPANY AL MAJAL LAKHDHAR FOR CYBER SECURITY,+966535483097,https://www.greenzone.tech,"info@greenzone.tech, sales@greenzone.tech, support@greenzone.tech","+966535483097, 999999999, +971-4-555-0123, +964-1-987-6543, +971529920296, +966 535483097, +966-11-123-4567, +964780 985 4065","2975 PRINCE AHMAD IBN ABDULAZIZ, RIYADH, SAUDI ARABIA"
COMPANY AL MENTAQA ALTHAMNEH FOR COMMUNICATIONS AND INFORMATION TECHNOLOGY,COMPANY AL MENTAQA ALTHAMNEH FOR COMMUNICATIONS AND INFORMATION TECHNOLOGY,0555672433,https://oktazone.com,,,"12333 RIYADH, RIYADH, SAUDI ARABIA"
COMPANY ALMOAYED ALAALAMIA ALKHASSA LTD,COMPANY ALMOAYED ALAALAMIA ALKHASSA LTD,+966509687089,https://www.almoayedgroup.com/,,+973 17 828 828,"7446 AL-KHABR, 34441-4456, AL KHUBAR, SAUDI ARABIA"
COMPANY ASIAR FOR COMMUNICATIONS AND INFORMATION TECHNOLOGY,COMPANY ASIAR FOR COMMUNICATIONS AND INFORMATION TECHNOLOGY,+966560560222,https://www.asyar.com,Info@asyar.com,"1-4483-480, 715941921, 912094172127, 12698028, 628-4102-428","7563 PRINCE MOHAMMED IBN SAAD ROAD, ALMALQA DI, RIYADH, SAUDI ARABIA"
COMPANY BARMAJIAT ARAB FOR INFORMATION TECHNOLOGY,COMPANY BARMAJIAT ARAB FOR INFORMATION TECHNOLOGY,+966507003739,https://arabprog.sa/,mmanwerkeen@gmail.com,"228042144, 71665843, 493060703, 19881205","PRINCE MUHAMMED IBN ABDULAZIZ BRANCH, JEDDAH, SAUDI ARABIA"
COMPANY FADAA AL WASEA FOR COMMUNICATIONS AND INFORMATION TECHNOLOGY,COMPANY FADAA AL WASEA FOR COMMUNICATIONS AND INFORMATION TECHNOLOGY,+966549014666,https://WWW.Octa-s.com,,"33333333, 8571428571, 66666667, 666666666666668, 6666666667, +10190-1019, 23198754, 3333333333, 23212529, +10140-1018","AZIZIYA BUSSINESS CENTER AL AMN AL AM STREET, JEDDAH, SAUDI ARABIA"
COMPANY FUTURE TECHTRENDZ,COMPANY FUTURE TECHTRENDZ,0535398660,https://www.techstrendz.com/,info@techstrendz.com,"10422779, 323620764400430, 0561657087, +966535398660, 45001-2018, 0535398660, 0115126975","KING FAISAL BIN ABDULAZIZ AL SAUD ROAD, RIYADH, SAUDI ARABIA"
Company Nabdah For Information Technology,COMPANY NABDAH FOR INFORMATION TECHNOLOGY,+966115122025,https://nabda.com.sa,,"999999999, +966 56 417 3263, +966 11 512 2024, 31536000, +966 11 512 2025, 99999999","RIYADH, RIYADH, SAUDI ARABIA"
COMPANY NUMO HIGHER TRAINING,COMPANY NUMO HIGHER TRAINING,+966551040265,https://www.numo.sa,,"3116146097, 1010870912","DAR DINAR STREET, RIYADH, SAUDI ARABIA"
COMPANY RATTAM AL SHARQ LATSALAT WATGINEE MAALOUMAT,COMPANY RATTAM AL SHARQ LATSALAT WATGINEE MAALOUMAT,+966114006390,https://www.retaam.com,info@retaam.com,"+966-11-400-6390, +966 11 400 6390, 966114006390","7003 AL-RAYYAD, RIYADH, SAUDI ARABIA"
COMPANY SAHABEH SHABKAT FOR INFORMATION TECHNOLOGY,COMPANY SAHABEH SHABKAT FOR INFORMATION TECHNOLOGY,+966593208700,https://cloudnts.com/,"info@cloudnts.com, gaber@cloudnts.com","00000026, +966593208700, +966593209050","3599 AL OLAYA DIST, RIYADH, SAUDI ARABIA"
COMPANY SQUARE INCH,COMPANY SQUARE INCH,+966534716496,https://www.forgetech.sa,info@forgetech.sa,"05499257796, 40640077, 3481100895, +966 56 746 5664, 00000057, 85714285714286","ABBAS IBN SIDDIQ, AL REHAB, JEDDAH, SAUDI ARABIA"
Computer and Software Commercial Center Company,COMPUTER AND SOFTWARE COMMERCIAL CENTER COMPANY,+966558833033,https://www.compusoftme.com,"training@compusoftme.com, info@compusoftme.com, sales@compusoftme.com","134217728, +966 920004911, +966 13 814 4753, 02010100, 31536000, 26214900, 00000087, 255 255 255, +966 11 476 9400, 00000038, +966 12 665 7647, 00000057","Khaldiya, King Abdulaziz Road, Port Gate Bldg., Gate 2, 2nd Floor, Office 45, AD DAMMAM, SAUDI ARABIA"
COMPUTER DIAGNOSTIC CENTER,COMPUTER GENERATIONS,+966126516639,https://www.cdc-sa.com,,,"JEDDAH AL-SHARAFIEAH, JEDDAH, SAUDI ARABIA"
Computer World International Co. LTD W.L.L.,COMPUTER WORLD INTERNATIONAL COMPANY LTD WLL,+966138454130,https://www.cwbah.com/ksa/,communique@cworldintl.com,"966 13 8970128, 34441-8264, 87084115","20 AL HUGAYAT TOWER, AL KHOBAR, SAUDI ARABIA"
Consolidated Telecoms,CONSOLIDATED TELECOMS,+966122619667,https://www.ctelecoms.com.sa,info@ctelecoms.com.sa,"+966 12 261 9667, +966 12 2619843, 60672726","MUHAMMED BIN ABDULAZIZ STREET, JEDDAH, SAUDI ARABIA"
CONSTRUCTIVE SOLUTIONS ESTABLISHMENT,CONSTRUCTIVE SOLUTIONS ESTABLISHMENT,+966545765499,https://www.consolcit.com.sa,info@consolcit.com.sa,"+966 566650069, +966 561318989","UM ALMUMENEEN HABEEBAH STREET, JEDDAH, SAUDI ARABIA"
CONTINUOUS INFORMATION TECHNOLOGY SUPPORT-CITS,CONTINUOUS INFORMATION TECHNOLOGY SUPPORT-CITS,+966544048271,https://cits.sa,info@cits.sa,+966 544 048 271,"SOUDAH BINT ZAMAAH STREET, KING FAISAL, RIYADH, RIYADH, SAUDI ARABIA"
CONTROL FIELD FOR INFORMATION TECNOLOGY,CONTROL FIELD FOR INFORMATION TECNOLOGY,554527626,https://www.controlfield.sa,,6666666667,"ABDULLAH BN KHAMIS , AL-SAHAFA DIS RIYADH, RASA3065, RIYADH, SAUDI ARABIA"
CONVERGED GENERATION COMMUNICATIONS COMPANY CGC,CONVERGED GENERATION COMMUNICATIONS COMPANY CGC,+966112939680,https://www.cgc-sa.com,,000000 100,"KING ABDEL AZIZ STREET INTERSECT WITH UROUBEH STREET, RIYADH, SAUDI ARABIA"
Convergent Technology Est.,CONVERGENT TECHNOLOGY EST,+96638479333,https://www.ctechsa.com,info@convergent.sa,,"DELMON TOWER, PRINCE SULTAN STREET, KHOBAR, SAUDI ARABIA"
CONVERGINT INFORMATION TECHNOLOGY COMPANY LLC,CONVERGINT INFORMATION TECHNOLOGY COMPANY LLC,+966114722259,https://www.convergint.com/,,"68118008, 30588921, 68117477, 68116889, 66666666666667","3465 PRINCE MOHAMMED IBN SALMAN IBN ABDULAZIZ ROAD, RIYADH, SAUDI ARABIA"
Counterpoint for Telecom and IT Co (CPTIT),Counterpoint for Telecom and IT Co (CPTIT),+966562894585,https://www.cpt-it.com,salesadmin@cpt-it.com,+966 112 455 503,"NORTHERN RING ROAD, RIYADH, SAUDI ARABIA"
CRYSTAL INTERNATIONAL TECHNOLOGY COMPANY,CRYSTAL INTERNATIONAL TECHNOLOGY COMPANY,+966114856237,https://www.crystaltech.sa,,"569389004285684, 10000000, 593034631962, 126278780, 3861576453, 31536000, 384781909082","2599 NORTHERN RING ROAD AL TAAWUN DISTRICT TAAWUN HILLS, 12477, RIYADH, SAUDI ARABIA"
Crystal Networks Saudi Arabia Ltd.,Crystal Networks Saudi Arabia Ltd.,+966501177611,https://www.crystalnetworks.me,Info@crystalnetworks.me,"+966 11 248 0208, 966535454552, 251663040, 20971520, +966 55 507 7467, 00000057, 99999999","OFFICE 101, KHAYAT CENTER, JEDDAH, SAUDI ARABIA"
CRYSTAL TECHNOLOGY SOLUTIONS,CRYSTAL TECHNOLOGY SOLUTIONS,+966590021240,https://www.crystaltech-mea.com,"needhelp@company.com, info@crystaltech-mea.com","+20 100 170 8083, 790584092","13342 ABI AL QASIM ABDULRAHEEM AL ARID DISTRICT, RIYADH, SAUDI ARABIA"
Cubit Technologies Co Ltd,Cubit Technologies Co Ltd,+966542849949,https://cubittechnologies.com,info@cubittechnologies.com,"666666666667, 3333333333333, +971 4305 7888","OLAYA STREET, RIYADH, SAUDI ARABIA"
CXP,CXP,+966565654326,https://home.cxp.sa,,,"7036 SAIYDA, 2487, RIYADH, SAUDI ARABIA"
CYBER INFRASTRUCTURE SOLUTIONS,CYBER INFRASTRUCTURE SOLUTIONS,+966504676862,https://www.cisinfosec.com,info@cisinfosec.com,"9999999999, 347826087, 50-467-6862, 00000057, 85714285714286","ABDULLAH BIN HANI STREET, JEDDAH, SAUDI ARABIA"
CYBERSHELTER INFOSEC SOLUTIONS,CYBERSHELTER INFOSEC SOLUTIONS,+966592480019,https://www.cybershelter.com,info@cybershelter.com,"+971501146930, 9999999999","7783 IBN KATHEER STREET, RIYADH, SAUDI ARABIA"
DALIL INFORMATION TECHNOLOGY COMPANY,DALIL INFORMATION TECHNOLOGY COMPANY,+966537111447,https://daliltech.sa,,"81531715, 999999999, 56 163 175, 255 255 255, 21753802","OSUS TOWER, KING SALMAN RIYADH KSA, RIYADH, SAUDI ARABIA"
DAM ALHOLOOL,DAM ALHOLOOL,+966556689265,https://www.que.com.sa,,"10244402551, 317 208 209, 966556689265, 54-71-144-144, 0 0 512 512, 0 0 448 512, 94730671, 23215341, 53732993, 59-112 112, 2 336 163 284, 66 54 112 120","6556 AL THOUMAMAH ROAD, RIYADH, SAUDI ARABIA"
DAMAN SECIALAIZE CONTRACTING,DAMAN SECIALAIZE CONTRACTING,+966564805424,https://www.damanc.com,,0564805424,"8090 KING FAHAD BRANCH, RIYADH, SAUDI ARABIA"
Danat Business for Information Technology,DANAT BUSINESS FOR INFORMATION TECHNOLOGY,+966500127951,https://www.danatksa.com,"8c4075d5481d476e945486754f783364@sentry.io, 8eb368c655b84e029ed79ad7a5c1718e@sentry.wixpress.com, sales@danatksa.com, dd0a55ccb8124b9c9d938e3acf41f8aa@sentry.wixpress.com, c183baa23371454f99f417f6616b724d@sentry.wixpress.com","14666402, 60441845, 53150414429, 309-7865384, 38185301, 14-216071924, 71200017, 26790905, 945486754, 9392-5604-1148, 2545352419, 823-4578-8369, 30912077, 276-1246-058, 700-8487-6366, 29178430, 56234440, 57548951231324, 61747158, 51277410, 00000087, +966 500 127951, 076-4753-8303, 00000080, 8-2787-4268-989, 25507953, 80324637, 82231899, 23371454, 7-2112895, 8424556662, 27757599, 734527084, 1362354148568, 036-5516-6104, 14409595, 33456921, 8-4479-8941, 40127106, 635-8505-3391-9791","JEDDAH, JEDDAH, JEDDAH, SAUDI ARABIA"
Dar Alkenani Company,Dar Alkenani Company,+966564313604,https://www.daralkenani.co,,,"-4 OFFICE, BUILDING 7234, RIYADH, SAUDI ARABIA"
Dar beta Information Technology,DAR BETA INFORMATION TECHNOLOGY,+966112006066,https://www.betait.net,"ruh@betait.net, dxb@betait.net, dmm@betait.net, auh@betait.net","+971 2 666 2836, +966 11 200 6066, +971 4 706 1111, +966 13 809 2515","AL IMAM SAUD STREET, AL HAYAT CENTER, BUILDING A, 2ND FLOOR, RIYADH, SAUDI ARABIA"
DAR DELTA for Information Technology,DAR DELTA for Information Technology,+966544975429,,,,"AL, NAJAH STREET, AL MUNSIYAH, RIYADH, RIYADH, SAUDI ARABIA"
DAR SAS SECURITY SERVICES COMPANY,DAR SAS SECURITY SERVICES COMPANY,0115089854,https://darsas.sa/,,"85714285714286, 100204361","AL-MURABBA, RIYADH, RIYADH, SAUDI ARABIA"
DATA CONSULT SAUDI,DATA CONSULT SAUDI,+966112465644,http://www.dcgroup.com,legal@dcgroup.com,"49969574, 231511158","312 OLAYA STREET, Office 312, Olaya St, RIYADH, SAUDI ARABIA"
DATA LIVE ESTABLISHMENT FOR GENERAL CONTRACTING,DATA LIVE ESTABLISHMENT FOR GENERAL CONTRACTING,+966582070077,https://www.datalivesa.com,,,"KING FAHAD ROAD, BUILDING 6986 , JEDDAH, SAUDI ARABIA"
Data Logic Establishment,Data Logic Establishment,+966595535919,https://www.data-logic.net,,"639936026, 825862754","AR RABWAH DIST, 4411, RIYADH, SAUDI ARABIA"
Data Minds,DATA MINDS,+966115118015,http://dataminds.com.sa/,,,"GRENADA BUSINESS PARK TOWER A4, 12TH FLOOREAST RING ROAD PO BOX 100211 , RIYADH 11635, RIYADH, SAUDI ARABIA"
DATA SLOT LIMITED,DATA SLOT LIMITED,+966549750195,https://www.dataslot.net,,,"3774 KING FAHAD BRANCH SECONDARY NO, RHOA8592, RIYADH, SAUDI ARABIA"
DataLink Leaders Foundation for IT,DataLink Leaders Foundation for IT,+966547981074,https://www.datalinkleaders.com,,,"MUSA IBN NASIR STREET, RIYADH, SAUDI ARABIA"
DATAPLUS NETWORK SOLUTIONS,DATAPLUS NETWORK SOLUTIONS,+966504267486,https://dataplus.com.sa/,info@dataplus.com.sa,"+7776000000, 0138544782, 2000000000, +966504267486","AL QURTABI STREET, RIYADH, SAUDI ARABIA"
DATAWIDE,DATAWIDE,+966112121346,https://www.data-wide.com,"info@data-wide.com, sales@data-wide.com","+966-11-212 1371, +971-4-383-5104, 31536000, +966-505-972-444, +971-50-212-8468, +966-11-212 1346","DATAWIDE 5TH FLOOR AL MADAR TOWER OLAYA DISTRICT O, RIYADH, SAUDI ARABIA"
DB SYSTEMS INC,DB SYSTEMS,+966114779019,https://dbisys.com,,,"MALAZ, RIYADH, SAUDI ARABIA"
DELTA LINE INTERNATIONAL,DELTA LINE INTERNATIONAL,+966114603028,https://deltaline-it.com/,"info@deltaline-it.com, sales@deltaline-it.com, support@deltaline-it.com, d.khan@deltaline-it.com","1569006-7371-451, +971 4 4200563, +966 1 2936282, 31218578, +966 1 14603027, 14090886, 153060248, 4 4200563, 182386830, 1 2936282, 4 4200458, 2000000000, 1 14603027, 0 0 128 128, 426013895, +971 4 4200458, 1014959077","TAHLEYAH STREET, RIYADH, SAUDI ARABIA"
DEPTH DEFENSE FOR CYBERSECURITY,DEPTH DEFENSE FOR CYBERSECURITY,+966539006060,https://depthdefense.com/,info@depthdefense.com,"1409-455347, 9089-2593165, 0535714295, 0833333337, 16050741, 966-539006060, 0714285705, 0416666682, 0714285718","KHALID AL HAKIM ROAD, AR RABWAH DIST, RIYADH, KINGDOM OF SAUDI ARABIA, RIYADH, SAUDI ARABIA"
Detecon Al Saudia Co. Ltd.,DETECON AL SAUDIA COMPANY LTD,+966114558385,https://www.detasad.com,"info@detasad.com, DC@detasad.com","80000000, 66666666666667, 00000000, +966 92000 1221, 42857143, 40000000","3314 IMAM ABDULLAH IBN SAUD IBN ABDULAZIZ ROAD, EXIT 9, RIYADH, SAUDI ARABIA"
DEVISERSTECH ARABIA FOR INFORMATION AND TECHNOLOGY,DEVISERSTECH ARABIA FOR INFORMATION AND TECHNOLOGY,+966503321963,https://www.deviserstech.com,info@deviserstech.com,"19095299, +321 123 4567, 24278343","GROUND FLOOR, BUILDING S4, ROSHN BUSINESS FRONT, AIRPORT ROAD, RIYADH, SAUDI ARABIA, RIYADH, SAUDI ARABIA"
Digital & Security Shield,DIGITAL & SECURITY SHIELD,+966546644447,,,,"7358 OLAYA STREET KING FAHD DISTRICT, RIYADH, SAUDI ARABIA"
Digital Business IT Systems Co,DIGITAL BUSINESS IT SYSTEMS CO,+966138340542,https://www.dbsmena.com,,,"DAMMAM-KHOBAR HIGHWAY, DAMMAM, SAUDI ARABIA"
Digital Future Vision,Digital Future Vision,0535990315,https://dfv-it.net,dfv@dfv-it.net,"03277896121904, 9662068575094, 8628610615641, 72377763243237, 94029690009566, 62654449348645, 74492682947437, 72141313530847, 459636438944, 06012274285714, 73266819047619, 66163030, 79129990234213, 73902008, 244830475863, 87417218543047, 8809483588464, 12244898, 81765691392263, 7912737283107, 0489880952381, 16696868369758, 568493300478394, 7519529847171, 2502355495867, 0421747668107, 4160260233741, 105427357601002, 40000000000003, 4023129600836, 5059977768501, 2688975064082, 59376553226738, 16295646770715, 80812901779777, 7079962394306, 4921378839658, 75514458641584, 82323848064937, 2203250994533, 62486532956217, 8963108462178, 3616668215375, 79999999999995, 0323184902992, 36812130683762, 9436143110347, 12753672038707, 0434782607, 8265966285967, 81240431310994, 280001833342, 31418041938758, 9034255473354, 3333333334, 12401352017983, 76102237716867, 9138729024921, 79218376795535, 71296699507053, 17661767465273, 30000000000018, 92592592592591, 2946239101504, 738287791270324, 99999999999999, 3550413856814, 43652213099756, 64152393142979, 450292137140195, 0893054023025, 15637704570312, 9294307028993, 59425347250988, 66156886110767, 0327789612191, 40781623204475, 7117982547678, 33059387262153, 56218833642724, 0921153662043, 00641200758025, 8200978857424, 6220512939394, 7572710469426, 56379839969539, 5119592864378, 1340786819101, 549736969858756, 99340327619047, 50698814581506, 165070286466, 1179389704773, 94718080293643, 4721906718073, 34420004368917, 0455576053735, 5266371578299, 2995535675174, 8802411093613, 032778961219, 6972194456755, 46727262733793, 416026023374, 15637704570307, 85715450500658, 54115623204478, 116885456, +966 535990315, 4672726273379, 552713678800501, 55823270386273, 4798534476188, 3119212952074, 29847814381512, 6246942311586, 69924610769553, 331513374, 79018971625533, 2215319902505, 1102135928183, 43512785206428, 2131934476189, 88327814569547, 2131934476188, 57301275340309, 3463721945888, 63157854967807, 32041050, 7164551394532, 71759202364876, 3372081160224, 03231849029913, 085013664123004, 41204570933303, 8010784073763, 5438460495111, 35236420107756, 7572710469424, 00641200758024, 6277639146401, 2715815077093, 67442233481552, 32406704419529, 7258362294594, 4370818852703, 533633995453016, 1486872363532, 3770011202672, 6370818852703, 1087465426, 13407868191, 5059977768502, 2976943599581, 2689605967241, 3386719029062, 1258278145695, 588841201716804, 1220769522254, 23344854571502, 53810652446265, 53723442, 71131145056256, 26340637262155, 6205739389443, 5084864589705, 411764705882351, 59684108373074, 63265306124, 142198032, 8435165024648, 395208241661, 2214938189735, 6081421265676, 939901092818445, 4351278520642, 54973696985877, 9569562002748, 43512785206434, 7336209143584, 701119567075, 0068594485545, 4218114771485, 77227230476189, 05131276364676, 766418133333325, 5840075211383, 5955569539134, 5836021010, 7132818350254, 2481092585799, 865917370685, 3333333335, 8370435322929, 9284184922905, 189618930346, 00685944855445, 5084864589703, 5069881458151, 21094822809403, 2654404735806, 33948160980415, 91428571428574, 46625343735, 427171361518, 4906072644038, 37082411, 37615740958502, 0151785714285, 08501366412299, 1371389384362, 3647681346756, 6588437679552, 3284432387718, 56708972109368, 191180038095236, 74691101302716, 05638568896535, 063635626, 82654449348615, 58840953274978, 2901800415592, 20000000000005, 2703382726471, 99156891204912, 57371072594933, 0754606629946, 9804814693638, 657777560285695, 4160260233742, 37615740958505, 3127019522253, 1062136777963, 7027705543249, 33586017523757, 212945160169767, 452987063, 2065967238093, 98840953274978, 4785502966273, 7008991585, 7519866531826, 723777632432363, 81240431311, 8793779809524, 04178796736494, 2255434157207, 07745721, 7841682040302, 3226997914, 6036982579762, 30728064877215, 9471808029364, 5325389679508, 9836105193905, 5968410837308, 407648156869, 05131276364673, 97942031848697, 89753639569612, 39999999999998, 83073459212277, 7013507836538, 2173913043, 4537710655703, 1092560063878, 4464376414439, 641523931429816, 066141128, 32406704419527, 0022583641888, 6071639890867, 1330874288706, 0887550020451, 40781623204487, 740740740740733, 0834911364103, 20124533808982, 32771426898813, 5264095985317, 6865204844572, 98532691463969, 51543523, 43512785206426, 09644074963742, 774884168, 0098797555706, 6248468860, 75311226681072, 80000000000007, 9796749005468, 9156504663781, 749376023374, 8081290177978, 49720238095236, 44679193967497, 379172613699, 3503950334897, 09713657353115, 32831574182154, 79018971625536, 92046546963326, 99364149303392, 2814258911817, 4572354456755, 64777463882177, 6269590310851, 6822771884035, 33535506038706, 4392615074187, 9673666262854, 7113114505625, 9553389161748, 07769982385547, 4960940305657","ABI BAKR AL SIDDIQ ,ALNAFEL,RIYADH, RIYADH, SAUDI ARABIA"
DIGITAL HARBOR,DIGITAL HARBOR,+966547476000,https://digitalharbor.com.sa/,,+966 54 747 6000,"PMR668H KING FAHD RIYADH 12262 SAUDIARABIEN, RIYADH, SAUDI ARABIA"
DIGITAL METHODS TRADING COMPANY,DIGITAL METHODS TRADING COMPANY,+966550050879,https://digimethods.com/,info@digimethods.com,,"6696 AL ASHOUR STREET 3748 AZ ZAHRA DIST JEDDAH 23, JEDDAH, SAUDI ARABIA"
Digital Networks For Communications Company,Digital Networks For Communications Company,+966538080609,https://stc.com.sa,,00966114555555,"KING ABDULAZIZ BRANCH ROAD, BUILDING 8556, RIYADH, SAUDI ARABIA"
DIGITAL NETWORKS SUPPLIES FOR IT,DNSIT,+966556006616,https://www.dnsit-sa.com,,,"KING ABDULLAH ROAD, RIYADH, SAUDI ARABIA"
Digital Oasis Information Technology,DIGITAL OASIS INFORMATION TECHNOLOGY COMPANY,+966114500774,https://www.doitc.com.sa,info@doitc.com.sa,9661145007741,"AL RAWDAH DISTRICT, RIYADH, SAUDI ARABIA"
DIGITAL PLAN LTD,DIGITAL PLAN LTD,+966535677583,https://www.digitalplan.tech,info@digitalplan.tech,"+971 50 256 0924, +966 55 507 6547, 49027607","6871 KING ABDULAZIZ RD 2516 ALYASMIN DIST 13322 RI, RIYADH, SAUDI ARABIA"
DIGITAL TEAM FOR COMMUNICATION AND INFORMATION TECHNOLOGY,DIGITAL TEAM FOR COMMUNICATION AND INFORMATION TECHNOLOGY,+966561000113,https://digitalteam-sa.com,info@digitalteam-sa.com,,"2191 NORTHERN RING RD AL EZDIHAR DIST RIYADH - KSA, RIYADH, SAUDI ARABIA"
DIGITALTRACK LIGHTS LLC,DIGITALTRACK LIGHTS LLC,+966533776545,https://www.digitaltracksaudi.com,sales@digitaltracksaudi.com,"0566996659, 10312010","OFFICE 104, AL BABTAIN BLDG, 9073, AL ARFAJ, OLAYA, RIYADH, SAUDI ARABIA"
Dimension Data Saudi Arabia,DIMENSION DATA SAUDI ARABIA,+966112523099,https://www.dimensiondata.com,,,"RIYADH, RIYADH , RIYADH, SAUDI ARABIA"
Direct Solutions,DIRECT SOLUTIONS,,https://www.dsest.net,,"+966568658882, 52468958","6441 MAZROIYAH, AD DAMMAM, SAUDI ARABIA"
DIYAR MIDDLE EAST FOR INFORMATION TECHNOLOGY,DIYAR MIDDLE EAST FOR INFORMATION TECHNOLOGY,+966114650008,https://diyar.com,,,"KING ABDUL AZIZ ROAD, SULAIMANIYA AREA NEXT TO SAFWA HOSPITAL, RIYADH MAILING ADDRESS PO BOX 75056,, RIYADH, SAUDI ARABIA"
DNCO COMPANY,DNCO COMPANY,+966504489549,https://www.dosor-najed.com,,,"MOHAMMED BIN SALMAN IBN ABDULAZIZ, RIYADH, SAUDI ARABIA"
domain network,DNT,+966568474826,https://www.dnt.com.sa,info@dnt.com.sa,,"Al Harith bin Abd Manaf ST., Al Rawdah district, Khamis Mushait, SAUDI ARABIA"
DSST SPECILIZED COMPANY,DSST SPECILIZED COMPANY,+966595540409,https://www.dsst.global,,,"RIYADH SAUDI ARABIA, RIYADH, SAUDI ARABIA"
DYNAMIC SYSTEMS SOLUTIONS,DYNAMIC SYSTEMS SOLUTIONS,+966114622220,https://www.dsc.sa,,,"JUDE CENTER, OFFICE 27, RIYADH, SAUDI ARABIA"
e and enterprise,e and enterprise,+966542939288,https://www.eandenterprise.com,,,"RIYADH FRONT, RIYADH, SAUDI ARABIA"
E ENTERPRISES E2,E ENTERPRISES,+966114660152,https://www.e2sa.com,,"871233-3032, 285714285714, 12934-1074, 113363-1080","503 ROSAIS BUILDING OLAYA ROAD, RIYADH, SAUDI ARABIA"
EBTTIKAR TECHNOLOGY COMPANY,EBTTIKAR TECHNOLOGY COMPANY,+966114162222,https://www.ebttikar.com,,,"SULAYMANIYAH PRINCE MASAAD BIN ABDULAZIZ ROAD, RIYADH, SAUDI ARABIA"
EchoServe,ECHOSERVE,+966126602283,https://www.echoserve.com.sa,,"8571428571, 0392156863, 295183786, 1000000000, 1411764706, 0588235294, 3184713376, 3333333333, 66666667, 23198754, 6666666667, 33333333, 2705882353","AL MADINA ROAD, OFFICE 309, JEDDAH, SAUDI ARABIA"
EDRAJ FOR IT,EDRAJ FOR IT,+966502220133,https://www.edraj.com.sa,info@edraj.com.sa,920010540,"UTHMAAN BIN AFFAN ROAD, RIYADH, SAUDI ARABIA"
EFAD FOR IT COMPANY DISPATCH GLOBAL,EFAD FOR IT COMPANY DISPATCH GLOBAL,+966500035282,https://www.dispatchglobal.com,support@dispatchglobal.com,"+966590898338, +966500035282","GHARNATAH STREET ALZIZIYAH DIST, BUILDING 4320 OFFICE 26, JEDDAH, SAUDI ARABIA"
EJADA SYSTEM COMPANY LTD,EJADA SYSTEM COMPANY LTD,+966506221906,https://www.ejada.com,info@ejada.com,"21474836480, +966 (11) 4722277, 26504038443872","206, Al Umam Commercial Building, Sitteen Street, RIYADH, SAUDI ARABIA"
Elite Horizon for Communications and Information Technology,ELITE HORIZON FOR COMMUNICATIONS AND INFORMATION TECHNOLOGY,+966126795849,https://elitehorizon-ict.com,,"588114354, 1450868674, 369184586, 185116391","7139 ALHASN BIN ALZUBIR STREET, JEDDAH, SAUDI ARABIA"
Elite Ideas Est.,Elite Ideas Est.,+966126522996,https://www.eliteideas.net,info@eliteideas.net,"+966 12 6510644, 00966 53837674, 0966 12 6510644, +966126522996, 009661265 2299, 0966 12 6522996, +966 12 6522 996, +966 115256176","KING ABDULLAH ROAD SULTAN CENTER, OFFICE 206, JEDDAH, SAUDI ARABIA"
ELITE INTELLIGENCE COMPANY,ELITE INTELLIGENCE COMPANY,556066212,https://elite-grp.com,,999999999,"RIYADH, RIYADH -KSA, RIYADH, SAUDI ARABIA"
EMAAR EXECUTIVE COMPANY EEC,EMAAR EXECUTIVE COMPANY EEC,+966920007366,https://www.eec-it.sa,,,"8052 King Abdul Aziz Branch Rd, Al Muruj, Riyadh 12284 4031 King Abdul Aziz Branch Rd, Al Muruj, Riyadh 12284 4031, RIYADH, SAUDI ARABIA"
EMDAD CCS,EMDAD CCS,+966920008124,https://www.emdadccs.com,info@emdadccs.com,"92 000 8124, +966 92 000 8124","OTHMAN BIN AFFAN, RIYADH, SAUDI ARABIA"
EMDAD DIGITAL,EMDAD DIGITAL for Technology,+966538466681,https://www.edigital.sa,info@edigital.sa,"31536000, 52428800, +966920008124","King AbdulAziz, Al Nafel District, Riyadh 13312, RALA7707, 2125, RIYADH, SAUDI ARABIA"
emdad digital trading company,emdad digital trading company,+966551070909,https://emdad-digital.com/en/,"sales@emdad-digital.com, info@emdad-digital.com, info@website.com, projects@emdad-digital.com","270368204, 1277487904, 976786814, 475485522, 00000000, 1329459969, 1050302356, 02010100, 275452494, 1273799175, 815100794, 953978019, 817067216, 129712770, 45416975, 782313801, 31536000, 827144541, 640330892, 238686009","AL ULAYA AL WURUD DIST - 6403 - 301 RIYADH RIYADHA, RIYADH, SAUDI ARABIA"
Emdad Solutions for ICT,EMDAD SOLUTIONS FOR ICT COMPANY,+966599450150,https://emdad-digital.com,"sales@emdad-digital.com, info@emdad-digital.com, info@website.com, projects@emdad-digital.com","270368204, 1277487904, 976786814, 475485522, 00000000, 1329459969, 1050302356, 02010100, 275452494, 1273799175, 815100794, 953978019, 817067216, 129712770, 45416975, 782313801, 31536000, 827144541, 640330892, 238686009","YAQEEN CAPITAL, OLAYA STREET, RIYADH, SAUDI ARABIA"
Emerson Saudi Arabia LLC,Emerson Saudi Arabia LLC,+966138168788,https://www.emerson.com,,"18290378, 18290708, 2147483647, 18290360, 18290711, 51 111 163, 18290717, 18290357, 18290714, 18290318, 18290375, 255 255 255, 17512942, 69999999552965, 18290315","BUILDING NO 4713 DHAHRAN 31942 SAUDI ARABIA, DHAHBAN, SAUDI ARABIA"
Energy Projects support company,ENERGY PROJECT SUPPORT COMPANY,+966138979944,https://www.enpro.com.sa,,,"DHARAN STREET, AL KHOBAR, SAUDI ARABIA"
ENICAS COMPANY FOR TRADING,ENICAS COMPANY FOR TRADING,+966568111000,,,,"3172 NO 48 AL OLAYA, RIYADH, SAUDI ARABIA"
EPOCHAL SENSE FOR IT LLC,EPOCHAL SENSE FOR IT LLC,009662759291,https://www.esensesoftware.com,,,"GROUND FLOOR, UNIT 3, 7894 KING ABDUL AZIZ ROAD, AL GHADIR, OFFICE NO 3, RIYADH, SAUDI ARABIA"
ERA OF VISION TRADING COMPANY LLC,ERA OF VISION TRADING COMPANY LLC,+966590074613,https://eraofvision.com/,"impallari@gmail.com, team@latofonts.com","66666666666666, 84143222506393, 33333333333333, 333333333333332, 33333333333334, 740506329113924, 666666666666664, 721763085399449, 414835164835165","2 ASH SHAMALIA AL KHOBAR PRINCE NAWAF STREET, AL KHUBAR, SAUDI ARABIA"
ESHRAQ AL JAZEERA TECHNOLOGIES,ESHRAQ AL JAZEERA TECHNOLOGIES,570968665,https://ejt.sa/,,268435456,"AL MURABBA RIYADH 12612, RIYADH, SAUDI ARABIA"
ESNAD LETKNOULOUGIA MAALOUMAT,ESNAD LETKNOULOUGIA MAALOUMAT,+966114564371,https://protech-me.net,,,"KING ABDULAZIZ BRANCH ROAD, BUILDING NO8246, RIYADH, SAUDI ARABIA"
Essential Solution Communications Est,ESSENTIAL SOLUTION COMMUNICATIONS EST,+966590376833,https://www.essentialsolutions-sa.com,,,"7 UNIT NO, BUILDING 5407, JEDDAH, SAUDI ARABIA"
EST FADNI CONTRACTING SPECLIZED,EST FADNI CONTRACTING SPECLIZED,,https://fadnisp.com,,,"AL-NASEEM DISTRICT, RIYADH, SAUDI ARABIA"
ESTABLISHMENT AL HASIB AL ANIQ COMMERCIAL,ESTABLISHMENT AL HASIB AL ANIQ COMMERCIAL,+966126143520,https://www.gce.net.sa,info@gce.net.sa,0966 12 6143520,"JEDDAH - ALROWIS, JEDDAH, SAUDI ARABIA"
ESTABLISHMENT BYTE ARABIA,ESTABLISHMENT BYTE ARABIA,+966534489598,https://www.bytearabia.com,,,"3122 AL-RAYYAD, 13512-7463, RIYADH, SAUDI ARABIA"
ESTABLISHMENT HALLOUL AL BAYANAT,ESTABLISHMENT HALLOUL AL BAYANAT,+966548126513,http://halloulalbayanat.com/,info@halloulalbayanat.com,+966548126513,"4844 NESMA - ALNAHDA, RIYADH, SAUDI ARABIA"
ESTABLISHMENT HULUL LABIBAH COMMERCIAL,ESTABLISHMENT HULUL LABIBAH COMMERCIAL,+966543199849,https://www.labiib.com/,,,"4378 KING ABDULAZIZ ROAD, SAYHAT, SAUDI ARABIA"
ESTABLISHMENT MIHWAR ALTIQNIYAT ALHADITHA,ESTABLISHMENT MIHWAR ALTIQNIYAT ALHADITHA,+966561759991,https://www.techhubsa.com,,,"5148 ALBASATIN DIST, 8175, JEDDAH, SAUDI ARABIA"
ETESALAT INNOVATIONS,ETESALAT INNOVATIONS,+966543000240,https://ei-mena.com/en,,,"J42C35H ASH SHATI, JEDDAH, SAUDI ARABIA"
Etihad Atheeb Telecom Company,ETIHAD ATHEEB TELECOM,+966115111416,https://www.go.com.sa,al.alnajjar@go.com.sa,"41670411933866, 21667470035133, 416238003, 4186610525, 3402873351, 255 255 255, 33333333, 4224476309, 81670408258197, 65126387, 3395363541, 397049615, 95354428, 741670409361057, 2921891645, 733297757, 66666667, 581670408123103, 71670409666942","KING ABDUAL AZIZ ROAD, RIYADH, SAUDI ARABIA"
ETIHAD SALAM TELECOM COMPANY,ETIHAD SALAM TELECOM COMPANY,+966115055555,https://agbi.com,feedback@agbi.com,"26732895, 2933276541, 1222083472, 2985984737, 812842568, 3508454897, 2685733372, 988075951, 494047706, 20422171, 613305155, 3128134379, 2481764524, 3967842156, 1348078617, 3281949485, 722322694, 32462819, 1041095097, 2699082514, 2083580917, 3064412225, 2512015367, 471583506, 3670563033, 23065510668, 1432718904, 2369186930, 3921366393, 456419034, 2417249464, 88068600","PO BOX 230919, RIYADH, SAUDI ARABIA"
EuroTech ME,EUROTECH ME ARABIA CONTRACTING COMPANY,,https://www.eurotechme.com/,info@eurotechme.com,"+971 4-454-0970, +971 4-454-0970, 999999999, 99999999","8006, KING KHALID AIRPORT, 3583, RIYADH, SAUDI ARABIA"
EXCELLENCE ARBIA TRADING COMPANY,EXCELLENCE ARBIA TRADING COMPANY,+966564255495,https://www.exatco.com,,94183589,"MOHAMMED BIN ABDULAZIZ RD, AL OLAYA DIS, 12331, RIYADH, SAUDI ARABIA"
EXCELLENT SOLUTION TRADING COMPANY,EXCELLENT SOLUTION TRADING COMPANY,500000130,https://www.es-saudi.com,info@es-saudi.com,"920003306, 2147483000, 2147482998, +966-920003306","AROOBA STREET, RIYADH, RIYADH, SAUDI ARABIA"
EXD,EXPERTS DECISION EXD,9664666220,https://www.exd-int.com,info@exd-int.com,,"OFFICE 9, OLAYA AL TAHLIA ST, RIYADH, SAUDI ARABIA"
Expansion Plan Information Technology Est.,EXPANSION PLAN INFORMATION TECHNOLOGY EST,9661102915209,https://www.epit-sa.com,sales@epit-sa.com,"+966 11 4502141, 12222 8012","FATIMAH AZ ZAHRA, JARIR ST, MALAZ,, RIYADH, SAUDI ARABIA, RIYADH, SAUDI ARABIA"
EXPERIENCE SHIFT COMPANY FOR BUSINESS SERVICES,EXPERIENCE SHIFT COMPANY FOR BUSINESS SERVICES,+966112634233,,,,"RMZ CENTER KING ABDUL-AZIZ ROAD NORTH AL YASMIN, RIYADH, SAUDI ARABIA"
FABOURFAM COMPANY FOR COMMUNICATIONS AND INFORMATION TECHNOLOGY,FABOURFAM COMPANY FOR COMMUNICATIONS AND INFORMATION TECHNOLOGY,+966596700679,https://www.vaporvm.com,"sales@vaporvm.com, info@vaporvm.com","010138 100, 00000038, 999999999, 99999999","9827 BULIDING NO, FLOOR 1, RIYADH, SAUDI ARABIA"
FAJR TECHNOLOGY ALMUTAMAYIZA COMPANY,FAJR TECHNOLOGY ALMUTAMAYIZA COMPANY,+966504489549,https://www.fajr-technology.com,,,"RIYADH KSA, RIYADH, SAUDI ARABIA"
FALCON EYE SOLUTIONS COMPANY FOR CONTRACTING,FALCON EYE SOLUTIONS COMPANY FOR CONTRACTING,+966599675046,https://www.fesolutions.com.sa,INFO@FESOLUTIONS.COM.SA,058 279 7640,"AL OLAYA STREET, BUILDING 6269, RIYADH, SAUDI ARABIA"
FAMA Technologies,FAMA TECHNOLOGIES,+966114649291,https://www.famatechnologies.com,"info@famatechnologies.com, campaigns@famatechnologies.com","+966 920007079, 135 135 135, 00000090, 10349812, 00000040","OLAYA 30 STREET, RIYADH, SAUDI ARABIA"
FANUUN COMMUNICATIONS AND INFORMATION TECHNOLOGY COMPANY,FANUUN COMMUNICATIONS AND INFORMATION TECHNOLOGY COMPANY,+966541415697,https://www.f-bcg.com,info@f-bcg.com,"61586993364408, +966558673949","8479 AL MASHAF, RIYADH, SAUDI ARABIA"
FARA SHIRKA COMPUERA COMPANY,FARA SHIRKA COMPUERA COMPANY,553437088,https://www.compuera.net,Ps@compuera.net,"+20 111 365 5503, +966 54 898 6873, +971 4327 7356","6099 PRINCE MUHAMMED IBN SAAD IBN ABDELAZIZ - SAUD, RIYADH, SAUDI ARABIA"
Fast Computers Trading,FAST COMPU,+966112875859,https://www.fastcompu.com,info@fastcompu.com,"00966502881719, 104698165, 61687205, 46542203768, 60392997, 31129667, 57883917, 15192264604, 63100236","OLAYA COMPUTER MARKET, RIYADH, SAUDI ARABIA"
Fast Lane Computer Consultancy,FAST LANE,971569747442,http://flane.ae,"training@fastlane-mea.com, 18d2f96d279149989b95faf0a4b41882@sentry-next.wixpress.com, 2062d0a4929b45348643784b5cb39c36@sentry.wixpress.com, bfb679c754744c58a7374ee6e25cfc13@sentry.wixpress.com, 271e9fa3230b4eec94b02bf95780f5f2@sentry.wixpress.com, c183baa23371454f99f417f6616b724d@sentry.wixpress.com, 460ff4620fa44cba8df530afde949785@sentry.wixpress.com, 5d1795a2db124a268f1e1bd88f503500@sentry.wixpress.com, 1eeb89147c984dc6bc3ffafd9e6cd089@sentry.wixpress.com, ed436f5053144538958ad06a5005e99a@sentry.wixpress.com, 8eb368c655b84e029ed79ad7a5c1718e@sentry.wixpress.com, 8c4075d5481d476e945486754f783364@sentry.io, 9a65e97ebe8141fca0c4fd686f70996b@sentry.wixpress.com, dd0a55ccb8124b9c9d938e3acf41f8aa@sentry.wixpress.com","40127106, 46119449, 078446983451323, 8-0531-426, 23371454, 38185301, 9440-519801911, 771299323, 8132568670, 79554-7319-486, 687-2425-4461, 14666402, 2545352419, 80066596098, 10-6832-4347, 89762071, 73586546, 27757599, 11-7966-4516-986, 07298483, 262-6181-491, 544668072, 22396-2613, 206338363067, 25237-1635, 1-9685588, 26616003, 67342179, 9-8085-415, 82231899, 95676920-561, 841-990708, 009340737, 93454640482, 012420970, 7-9865-8257, 932622508, 39-9681-7518, 177368317, 945486754, 5053144538958, 84-8840-6163, 6282146654, 93-8034-4409, 9392-5604-1148, 993-5885-4196, 25507953, 3630632-1773-417, 705318113476, 7-8242323, 8117-8070214, 9976-963695, 94-654010, 90-6657-435, 76186347858, 61747158, 9-9067-6398, 495825227289, 6944320975, 136837648, 26073173673, 48-96791677, 700-8487-6366, 23255792, 3-5420-9568, 2243-3809-472, 9584-775920339, 8-4942-9787, 29178430, 76540270252, 018932600, 48822432, 888674005, 58803596, 60441845, 6431325631, 780236601, 65058-4437, 25924-5664, 53616502339, 54160040, 95516767, 71-525908938, 276-1246-058, 10068398, 71200017, 04075215, 076-4753-8303, 628101242, 902968267, 345716451, 33456921, 2147483647, 26790905, 51965492, 19009198, 91527217, 94473845, 36443479-112, 635-8505-3391-9791, 52261035, 56234440, 9-3909375057, 0-1475-2487, 7-2112895, 036-5516-6104, 81961069, 8-3219-470, 365453-6511, 309-7865384, 45348643784, 28012025, 8-2311-451, 734527084, 36581695, 14-216071924, 27938283, 14409595, 76359954, 26109-514, 23177991499129, 67041012, 23969696, 279149989, 9460-0814554, 439916890","8480 AL-THUMAMAH VALLEY STREET, RIYADH, SAUDI ARABIA"
FASTCOMM CONTRACTING EST,FASTCOMM CONTRACTING EST,0569180618,http://www.fastcco.com/,sales@fastcco.com,"205309443, +966 569180618","7097-PRINCE ABDULAZIZ IBN MUSSAED IBN JALAWI STREET, RIYADH, SAUDI ARABIA"
FIFTH GENERATION FOR INFORMATION TECHNOLOGY,5TH GENERATION FOR INFORMATION TECHNOLOGY,+966501996947,https://www.5gtch.com,"info@5gtch.com, salah@5gtch.com","311225658800003, 11489935057, +966 50 199 6947, 87909563, 466072261907, 333333333333336, +966115153250, +966114503409, 66666666666667","AL OLAYA GULF COMMIRICAL CENTER 3RD FLOOR OFFICE NO 305, RIYADH, SAUDI ARABIA"
First Edifice Trading Est,FIRST EDIFICE TRADING EST,+966138999888,https://wta-sa.com,,,"KING ABDULAZIZ ROAD, AL KHUBAR, SAUDI ARABIA"
FIRST GULF COMPANY FOR SUPPLIES AND CONTRACTING LTD,FIRST GULF COMPANY FOR SUPPLIES & CONTRACTING LTD,+966112190888,https://www.fgc.sa,info@fgc.sa,"99003300, 2919921875, +966 11 2190 888, 245278560","AL SOLIMANIAH OM AL HEDAB ST OPPOSITE KING FAHD CITY, RIYADH, SAUDI ARABIA"
FIRST MASSILA FOR TELECOMMUNICATION COMPANY,FIRST MASSILA FOR TELECOMMUNICATION COMPANY,+966582785226,https://www.metconetworks.com/,,,"AL RABIE DISTRICT, KING ABDUL AZIZ ROAD, RIYADH, SAUDI ARABIA"
FIRST PREMIUM SOLUTIONS LTD,FIRST PREMIUM SOLUTIONS COMPANY LTD,+966114733331,https://www.ghostprotocol.com,info@ghostprotocol.com,184642190,"AL SULIMANYAH DISTRICT AL URUBAH ROAD, BLDG 3351, RIYADH, SAUDI ARABIA"
FIRST VIRTUAL NETWORK COMPANY,FIRST VIRTUAL NETWORK COMPANY,+966560032888,https://www.vlanone.net,"sales@vlanone.net, info@vlanone.net",11 802 0208,"RAJA3159 3159 ABDULRAHMAN AL SUBAIE STREET 7010 AL, RIYADH, SAUDI ARABIA"
Flex Shield IT Company,FLEX SHIELD IT COMPANY,+966112311202,https://www.flexssolutions.com,sales@flexssolutions.com,"+966 50 498 7520, +966 59 907 0189, +966 56 792 3806","AL OLAYA STREET, RIYADH, SAUDI ARABIA"
FLEXI INGRATED SOLUTIONS COMPANY,FLEXI INGRATED SOLUTIONS COMPANY,+966114752031,https://www.flexi-is.com,"Sales@flexi-is.com, user@domain.com","+966 9200 3565, 470486473, 2-1381953051, 443080718, 314192535267336, 87811433, +966 11 504 8587, 14400000, 442900805, 22077032","SALAH ALDIN AYYUBI, AL MALAZ , 6837 AL ZAIN TOWER, 12836 RIYADH ,SAUDI ARABIA, RIYADH, SAUDI ARABIA"
FLINT CONSULTING SAUDI COMPANY LTD,FLINT CONSULTING SAUDI COMPANY LTD,+966112273585,https://flint-international.com/,hello@flintmail.com,"+44 1923 677733, 224365881","KING SAUD RD, AL MURABBA, RIYADH 12612, RIYADH, SAUDI ARABIA"
FLOWSTAR GENERAL CONTRACTING EST,FLOWSTAR GENERAL CONTRACTING EST,+966593117135,https://flowstartech.com/,"sales@flowstartech.com, info@flowstartech.com","+966172380312, +966 537 021 909, +966 537021909, +966537021909, +966 172380312","AS SINAIYAH, AD DAMMAM, SAUDI ARABIA"
FOUR FRONT SOLUTIONS LTD,FOUR FRONT SOLUTIONS LTD,+966112481950,https://www.4frontconsultants.com,"hello@4frontconsultants.com, 2062d0a4929b45348643784b5cb39c36@sentry.wixpress.com, 8eb368c655b84e029ed79ad7a5c1718e@sentry.wixpress.com","2147483647, 71-525908938, 023485853, 815198092, 2305195801, 33456921, 26790905, 8-4942-9787, 2843479031, 00000087, 635-8505-3391-9791, 71200017, 3537389287, 087547223, 78431639, +966 11 248 1950, 81735302, 29199608, 60441845, 8-2311-451, 19009198, +971 4451 9961, 79082550, 1285623676262, 2352141355, 56234440, 439916890, 9-8085-415, 7-2112895, 87623974, 9900000095367, 806454159, 8-0531-426, 7-8242323, 29178430, 76359954, 74290729, 502174924, 12472627565, 781978018911332, 9392-5604-1148, 3372578893, 0-1475-2487, 1066533123580, 27757599, 547129737, 6300001144409, 02233374943, 41319881, 13571251, 26109-514, 6999998092651, 45348643784, 25507953, 700-8487-6366, 109451958, 9899997711182, 2015960785, 4800000190735, 2545352419, 2147483648","MENASSAT BUILDING, 2ND FLOOR, OFFICE 13 6231, OLAYA STREET, AS SAHAFAH, RIYADH, RIYADH, SAUDI ARABIA"
FOURLINKS INFO TECH COMPANY,FOURLINKS INFO TECH COMPANY,544740567,https://frlinks.com,mghori@frlinks.com,"+966 0546741666, +966 54 674 1666","23216 JEDDAH, JEDDAH, SAUDI ARABIA"
Fourlinks trading Est,FOURLINKS TRADING EST,+966126700772,https://www.frlinks.com,mghori@frlinks.com,"+966 0546741666, +966 54 674 1666","KHALID BIN WALID ST AL-SHARFIYAH DISTRICT, JEDDAH, SAUDI ARABIA"
Fourth Dimension Systems,Fourth Dimension Systems,+966541711172,https://fdsme.com/,,"6 5532900, 11671 966, 971 4 3024040, 962 6 5522401, 0535714295, 99999999, 2 6443367, 0833333337, 33078 971, 971 2 6443368, 073420264, 1 14565235, 0714285705, 971 4 3024000, 11118 962, 0416666682, 966 1 14569452, 0714285718","13241 ABI JAFAR AL MANSOUR ST GHIRNATAH RIYADH, RIYADH, SAUDI ARABIA"
FRONTLINE INVESTMENT COMPANY,FRONTLINE INVESTMENT COMPANY,+966114080744,http://www.frontline.sa,,,"DABBAB STREET, RIYADH, SAUDI ARABIA"
Fusion Transform for Information Technology,FUSION TRANSFORM FOR INFORMATION TECHNOLOGY,+966112611420,https://www.fusiontransform.com,,"05368692688, 76412907379, 3021426253, 74575140626, 3892882839, 125602840, 33557568774, 90060673148, 25424859374, +966 56 412 0744, +966 56 498 5495, 09939326852, 31695488855, 6107117161036, 235870926212, 94631307312, 10000000, 66442431226, 29490168752, 683045111454, 4478573747, 70509831248","LEVEL 1 BUILDING 7 ZONE A AIRPORT ROAD BUSINESS GA, RIYADH, SAUDI ARABIA"
FUTURE DATA COMMERCIAL,FUTURE DATA COMMERCIAL,+966596403744,https://www.future-data.com.sa,wajid@future-data.com.sa,"0596403744, 59 6403744","BILAL BIN HABL STREET, RIYADH, SAUDI ARABIA"
FUTURE GRID TRADING COMPANY,FUTURE GRID TRADING COMPANY,+966544833481,https://www.futuregrid.sa,,"45909917, 17936009","SULAYMAN IBN AL MUHARBI, 3940, RIYADH, SAUDI ARABIA"
FUTURE LINK FOR CONTRACTING,FUTURE LINK FOR CONTRACTING,+966112886432,https://www.ftcgroup.net,,69985358711567,"3941 UNIT, 3, RIYADH, SAUDI ARABIA"
Future Nas Company,FUTURE NAS COMPANY,+966138466661,https://www.futurenas.com,,"33333333333333, +10190-1019, 538265306122449, 12369177666018, 46720107942385, 365079365079365, 558968058968059, +10140-1018, 411764705882353, 345794392523365","32413-3392 DAMMAM, AD DAMMAM, SAUDI ARABIA"
FUTURE PROJECTS COMPANY,FUTURE PROJECTS COMPANY,+966506323226,https://www.Future-projects.sa,,"582792440, 1225185177, 4168139460, 3963105342, 00000005, 3734154920, 4196156513, 2960666763","6219 AL LZAZ, RIYADH, SAUDI ARABIA"
FUTURE SOLUTIONS COMPANY,FUTURE SOLUTIONS FOR COMMUNICATIONS AND INFORMATION TECHNOLOGY COMPANY,+966138656667,https://www.futsol.com.sa,"info@futsol.com.sa, Info@futsol.com.sa","26831113, 36980280, +966 13 865 6667","BUILDING NO-3938 AL-KHOBAR, KING ABDULLAH ST., AL KHUBAR, SAUDI ARABIA"
Future Tag Security,FUTURE TAG SECURITY,+966556444742,https://www.future-tag.com,"c183baa23371454f99f417f6616b724d@sentry.wixpress.com, 8c4075d5481d476e945486754f783364@sentry.io, 460ff4620fa44cba8df530afde949785@sentry.wixpress.com, dd0a55ccb8124b9c9d938e3acf41f8aa@sentry.wixpress.com, info@future-tag.com, bfb679c754744c58a7374ee6e25cfc13@sentry.wixpress.com, 54b4aac306184111a223c0f4aea635c3@sentry.wixpress.com","26616003, 33456921, 26790905, 635-8505-3391-9791, 71200017, 9205675859, 345716451, 61747158, 099678788, 14666402, 306184111, 53150414429, 23371454, 9584-775920339, 60441845, 824837851, 14409595, 25924-5664, 196158637511335, 309-7865384, 56234440, 48-96791677, 7-2112895, +966 11 225 2552, 56480499543, 29178430, 14-216071924, 734527084, 1-9685588, 2545352419, 9392-5604-1148, 945486754, 75586023, 38185301, 95516767, 8462380398, 27757599, 076-4753-8303, 54160040, 82231899, 94473845, 6282146654, 276-1246-058, 25507953, 700-8487-6366, 51-7351694251, 1504-2807-455","AR RAYAN, AL RAWABI, RIYADH, SAUDI ARABIA"
Futuretech,FUTURETECH,0096614653938,https://www.futuretech-group.com,info@futuretech-group.com,"+966 504100163, +10190-1019, +966 507353847, +10140-1018, 966504100163","RIYADH, MOBILE 0508005547, RIYADH, SAUDI ARABIA"
FUZAIL AL ARABIA COMPANY LTD,FUZAIL AL ARABIA COMPANY LTD,+966126171155,https://www.alfuzail.com,info@alfuzail.com,02010100,"HEAD OFFICE PO BOX 1628 JEDDAH 21441 KINGDOM OF SA, JEDDAH, SAUDI ARABIA"
G-enviro Investment Co.,G-enviro Investment Co.,009662378537,https://www.g-enviro.com,"Info@tawasol-tech.com, info@g-enviro.com, info.ksa@g-enviro.com",,"EXIT 9 EMAM ABDULAAH BEN SAUD ROAD WITH KHALED IBN, RIYADH, SAUDI ARABIA"
Galaxies Systems for Information Technology,Galaxies Systems for Information Technology,+966563494731,https://www.gsit-ksa.com,info@gsit-sa.com,"00000057, 00966531453999, 85714285714286","ALFIRDOUS 4022 ASH SHULAH DIST 7518, AD DAMMAM, SAUDI ARABIA"
GARTIECK INFORMATION TECHNOLOGY,GARTIECK INFORMATION TECHNOLOGY,+966559976421,https://www.gartit.com,sales@gartit.com,"697137285, 697137180, 697137459, 697137030, 697137135, 697137453, 697137456, 13562457, 697137072, 697137444, 22541087, 697137468, 697137450, 697137162, 697137342, 966-5573-2670, 697137081, 697137237, 697137462, 697137234, 697137189, 697137390, 697137153, 697137291, 697137423, 697136988, 697137336, 697137381, 697137018, 697136976, 697137108","OLAYA COMPUTER MARKET, 5TH FLOOR, RIYADH, SAUDI ARABIA"
Gas Vectror Saudi Arabia Ltd,GAS VECTOR,+966551840262,https://www.vectorinfotech.com,,"26592619, +65 6356 7333","KING SAUD STREET COR JUFFALI SHOWROOM, DAMMAM, SAUDI ARABIA"
GATEWAY INFOTECH,GATEWAY INFOTECH,+966507879819,https://www.gatewayitech.com,shahul@gatewayitech.com,"+966-507879819, +966 507879819","9TH CROSS PRINCE NAIF STREET, AL KHUBAR, SAUDI ARABIA"
Geer Information Technology & Communication Company,GEER INFORMATION TECHNOLOGY & COMMUNICATION COMPANY,+966114192019,https://decypha.com,,,"KING ABDUL AZIZ STREET, ONE SQUARE BUILDING, RIYADH, SAUDI ARABIA"
GERMAN TECHNICAL SERVICES CO.,GERMAN TECHNICAL SERVICES CO.,+966112935323,https://GTS.SA,"info@gts.sa, business@gts.sa","+966)11293532, 78715122, 254975198, 305-222701","RIYADH, RIYADH, SAUDI ARABIA"
GIGATRON COMPANY,GIGATRON COMPANY,+966502381469,https://www.giga-tron.com,,00000026,"KHALID BIN WALEED STREET, JEDDAH, SAUDI ARABIA"
Giza Arabia,GIZA ARABIA SYSTEMS,96614602890,https://www.gizasystems.com,"support@yourcompany.com, sales.support@pulsebysolutions.com, info@pulsebysolutions.com","641) 754-0072, 3266096104, 074419218","0569200664 MOBILE, RIYADH, SAUDI ARABIA"
Global Advanced Technology Co. LTD,Global Advanced Technology Co. LTD,+96626515333,https://www.hi-tech.sa,,"33333333333333, 502606882168926, +966 56 666 2251, 823529411764706","MADINA ROAD- SAUDI BUSINESS CENTER, JEDDAH, SAUDI ARABIA"
GLOBAL ARABIAN FOR MODERN APPLICATION LTD,GLOBAL ARABIAN FOR MODERN APPLICATION LTD,+966126650682,https://www.gama-ksa.com,info@gama-ksa.com,"+966 126010799, +966 126656024","JEDDAH 21533 KSA, PO BOX 50406, JEDDAH, SAUDI ARABIA"
Global Business Solutions,GLOBAL BUSINESS SOLUTIONSGBS,+966138283555,https://www.gbs.com.sa,,00000000,"KING ABDULAZIZ STREET 1ST CROSS, AL KHOBAR, SAUDI ARABIA"
GLOBAL CLOUD TECHNOLOGIES LTD,GLOBAL CLOUD TECHNOLOGIES LTD,+966114162222,https://cloudtech.com.sa/,,,"PRINCE MUSAID BEN ABDELAZIZ STREET, RIYADH, SAUDI ARABIA"
GLOBAL INTEGRATED DIGITAL SOLUTIONS COMPANY ARAMCO DIGITAL,GLOBAL INTEGRATED DIGITAL SOLUTIONS COMPANY ARAMCO DIGITAL,+966505956677,https://aramcodigital.com,,"31879102, 201707483772, 86402023","31311 KINGDOM OF SAUDI ARABIA, AL KHUBAR, SAUDI ARABIA"
Global Knowledge - Saudi Arabia,BRANCH OF GLOBAL KNOWLEDGE,9661920009278,https://www.globalknowledge.com.sa,,"531210840398633, 57550325498, 10-12-171400, 2147483647","OURBA STREET, RIYADH, SAUDI ARABIA"
Global Technologies,GLOBAL TECHNOLOGIES CO.,+966112170110,https://www.gt-ict.com,info@gt-ict.com,"1484218475050, 1484562287960, +966 115905814, +966 112170110, 1484564265501, 1484544532628, 1484214606906, 1484544532618, 1484562288018, 1484214606903, 1484564265496, 1484214606897, 1484218475045, 830230712890625, 1484218475047, 1484218475071, 1484214606900, 0501708984375, 10000000, 1484214606909, 1484218475053","Building 3085, Ground Floor, AL Doghathr St, AS Sahafah., RIYADH, SAUDI ARABIA"
Golden Electron InfoTech,GOLDEN ELECTRON INFOTECH,+966112171071,https://www.golden-electron.com,Info@golden-electron.com,"+966 11 217 1071, 00000014, 53535366, 11424890209, +966 59 111 4466, 49043704, 00000073, 12483-8188, 99999999","2855 AL IMAM SAUD IBN ABDUL AZIZ BRANCH ROAD, RIYADH, SAUDI ARABIA"
GOLDEN TERRACE EST GTE,GOLDEN TERRACE EST GTE,+966551280555,https://www.gldterrace.com,,,"AL NAFAL DISTRICT - NORTHERN RING ROAD, RIYADH, SAUDI ARABIA"
GRANTEQ ARABIA INFORMATION TECHNOLO,GRANTEQ ARABIA INFORMATION TECHNOLO,+966549045845,https://www.granteqarabia.com,,"42918057, 70843976","PRINCE SULTAN BIN ABDULAZIZ, RIYADH, SAUDI ARABIA"
GREEN GATE COMMUNICATIONS AND INFORMATION TECHNOLOGY EST,GREEN GATE COMMUNICATIONS AND INFORMATION TECHNOLOGY EST,+966555433334,https://greenway.com.sa,sales@greenwayct.com,"011-2282897, 10000000, 011-2274385, 877702491, 31536000, 0505404002","9241 ABI ALKHAIR ALKALAMI, RIYADH, SAUDI ARABIA"
Green Point Co,Green Point Co,+966138686696,https://www.gplighting.co,info@greenpoint-sa.com,"0112446883, 0138686696","KHOBAR - ABABTAIN TOWER - OFFICE 304, AL KHUBAR, SAUDI ARABIA"
Greenway Technologies,GREENWAY TECHNOLOGIES,+966112274385,https://www.greenway.com.sa,sales@greenwayct.com,"011-2282897, 10000000, 011-2274385, 877702491, 31536000, 0505404002","KING FAHEAD AREA , KING ABDULLAH STREET , BESIDE THE SASCO PETROL SATATION, RIYADH, SAUDI ARABIA"
GTECH COMPUTER,G. TECH COMPANY LTD.,96614010177,https://gtechsa.com,info@gtechsa.com,"33333333, 66666666666666, 33333333333333, +966(11)4010177, 428571429, +966(11)4040560","2450 ABDULLAH IBN, RIYADH, SAUDI ARABIA"
GTS,GTS SYSTEMS AND INFORMATION,+966540726635,https://www.gtsholding.net,,5010770020411,"2549 IMAM SAUD BIN ABDULAZIZ BIN MOHAMMED ROAD, RIYADH, SAUDI ARABIA"
GUEST-TEK MIDDLE EAST DMCC,GUEST-TEK MIDDLE EAST DMCC,+966110000000,https://guesttek.com/management/,"careers@guest-tek.com, sales@guest-tek.com","55056400, 155689093, 62914560, 510985579, 081059624","RIYADH, RIYADH, RIYADH, SAUDI ARABIA"
GULF COMPUTER SERVICES COMPANY LTD. SPSNET,GULF COMPUTER SERVICES COMPANY LTDSPSNET,+966126824556,https://www.gulf.sa,sales@gulf.sa,920-020-800,"PO BOX 1678, JEDDAH, SAUDI ARABIA"
Gulf Gaihab Int,GULF GAIHAB INT,+966138279912,http://www.gaihab.com,info@gaihab.com,"+966 13 827 9981, 100079535936289, +966-503021381, 574542984","ALABDULKARIM Holding Building, King Fahad High Way, DAMMAM, SAUDI ARABIA"
Gulf Solutions company for IT,Gulf Solutions company for IT,+966114734521,https://www.gulf-solutions.com,info@gulf-solutions.com,"50711957, +966 11 473-4521, 11 473-4521, 11 473-1586","409 UMMUM COMM CENTER, RIYADH, SAUDI ARABIA"
Gulfnet Solutions,GULFNET SOLUTIONS COMPANY LTD,+966138138100,https://www.gns.com.sa,,"966 13 813 8100, 31-9929694645, 2147483647","ASSAYEL BUSINESS CENTER 7298 TARIQ BIN ZIYAD STREE, AL KHUBAR, SAUDI ARABIA"
Haboob technology's for communication and information technology,HABOOB TECHNOLOGY'S FOR COMMUNICATION AND INFORMATION TECHNOLOGY,https://haboob.sa/,https://haboob.sa/,,"3743218193, 920009577","BUILDING MU04,7TH FLOOR, ALRAIDAH DIGITAL CITY, RIYADH, SAUDI ARABIA, RIYADH, SAUDI ARABIA"
HABTAL FOR INFORMATION TECHNOLOGY,HABTAL FOR INFORMATION TECHNOLOGY,+966504164218,https://habtal.com/,,999999999,"IBN AL SAQA STREET, AS SALIYAH, RIYADH, SAUDI ARABIA"
Haji Abdullah Alireza & Co. LTD. (GENTEC),Haji Abdullah Alireza & Co. LTD. (GENTEC),+966126220715,https://www.gentec.com.sa,,,"AL-BALAD DISTRICT KING ABDULAZIZ STREET AL-REZA CO, JEDDAH, SAUDI ARABIA"
HAL AL MOUTHALATHAT,HAL AL MOUTHALATHAT,+966503200649,https://www.halalmouthalathat.com,"astigma@astigmatic.com, Procurement@halalmouthalathat.com","66666666666666, 33333333333333, 33333333333334, +966503200649, 333333333333332, 666666666666664","RESA4805, SALAHUDDIN AL AYYUBI, RIYADH, SAUDI ARABIA"
HAMID Y AL FURAIH TRADING ESTNY,AL FURAIH TRADING,+966138980569,https://www.alfuraihgroup.com,,,"PRINCE MESHARI STREET, AL KHOBAR, SAUDI ARABIA"
HARMONIC SYSTEMS FOR INFORMATION TECHNOLOGY CO.,HARMONIC SYSTEMS FOR INFORMATION TECHNOLOGY CO.,+966555320285,https://www.hsys.com.sa,,,"AD DWADMI STREET, RIYADH, SAUDI ARABIA"
HASAFA FOR ICT CONSULTATION,HASAFA FOR ICT CONSULTATION,+966114055002,https://foresight.com.sa,,,"2930 NORTHERN RING ROAD, RIYADH, SAUDI ARABIA"
HASIBAT ALFALAK FOR INFORMATION TECHNOLOGY COMPANY,HASIBAT ALFALAK FOR INFORMATION TECHNOLOGY COMPANY,+966547302180,https://WWW.fcit.sa,info@fcit.sa,,"HIJAZ BLVD , KING ABDULLAH ECONOMIC CITY, JEDDAH, JEDDAH, SAUDI ARABIA"
HASOUB,HASOUB,+96622289289,https://www.hasoub.com,,"+966 12 2289289, 6963605073","P.O. Box 122136, Jeddah, SAUDI ARABIA"
HASSAN MAITHAM SALEH AL-MOUMEN INFORMATION TECHNOLOGY ESTABLISHMENT,HASSAN MAITHAM SALEH AL-MOUMEN INFORMATION TECHNOLOGY ESTABLISHMENT,+966544513324,https://nehmatinfotech.com,"sales@nehmatinfotech.com, 2062d0a4929b45348643784b5cb39c36@sentry.wixpress.com","635-8505-3391-9791, 8-0531-426, 815198092, 12472627565, 40409312-1151, 9392-5604-1148, 8-4942-9787, 29178430, 56234440, 2545352419, 25507953, 0-1475-2487, 97466558, 7-2112895, +91 8369254280, 3537389287, 60441845, 547129737, 27757599, 04270241320, 02233374943, 2015960785, 00000026, 95039428, 7-8242323, 787811721847719, 45348643784, 2305195801, 8-2311-451, 52008625, 6-9734-8212, 71-525908938, 00000080, 3372578893, 71200017, 502174924, 76359954, 26109-514, 9-8085-415, 82231899, 33456921, 2352141355, 26790905, 74290729, 53150414429, 19009198, 39-9681-7518, 700-8487-6366, 439916890, 82069464-2067","21 AL-KHOBAR GATE TOWER KING FAHAD ROAD, AL KHUBAR, SAUDI ARABIA"
HAWSABAH COMPANY FOR IT,HAWSABAH COMPANY FOR IT,+966114887771,https://www.hawsabah.sa,,,"PRINCE JALAWI BIN TURKI BIN ABDULAZIZ STREET, RIYADH, SAUDI ARABIA"
HCL ARABIA LTD COMPANY,HCL ARABIA LTD COMPANY,+966503014044,https://www.hcl.com,,,"2ND FLOOR, OFFICE 203, C BLOCK, AL AQARIYA PLAZA, AL OLAYA STREET, RIYADH, SAUDI ARABIA"
Help Security Solutions for Telecommunications and Information Technology,HELP SECURITY SOLUTIONS FOR TELECOMMUNICATIONS AND INFORMATION TECHNOLOGY,+966114507082,https://www.helpag.com,,53726425,"8290 KING ABDULAZIZ ROAD AL RABIE DISTRICT, RIYADH, SAUDI ARABIA"
HIDAB ALMAZOLAH FOR TRADING,HIDAB ALMAZOLAH FOR TRADING,502612045,https://hidab.co,m.abuzaied@hidab.co,+966 50 261 2045,"6473-13515 RIYADH, RIYADH, SAUDI ARABIA"
HIGHBROW FOR INFORMATION TECHNOLOGY,HIGHBROW FOR INFORMATION TECHNOLOGY,+966591363564,https://www.highbrow-it.com,,,"3485 AL AMIR SULTAN IBN ABDUL AZIZ STREET, AL OLAYA DISTRICT, NOOR BUILDING, OFFICE 16, RIYADH, SAUDI ARABIA"
Highpoint technology,High Point Technology Company,+966112930320,https://www.hp-tech.com,,"82096-705, 20-947170, 95284844, 128-843550, 0-96622257, 10308668, 2-8065-983, 3702-8620-493, 5-6426-4854, 2-1305-4658","Al Saif Building, 5th FL, Unit-20, Olaya Computer Market., Olaya Street, Riyadh., RIYADH, SAUDI ARABIA"
Hilal Computers Technical for Trade Co.,HILAL COMPUTERS,+96638676851,https://www.hilalcomputers.com,consult@hilal-technology.com,"+966 138676851, +971 45515434, +973 36222684, +966 12 5785730, 31536000, +966 11 2924972","HILAL COMPUTER & TECHNICAL FOR TRADE CO, FLOOR 5, AL KHUBAR, SAUDI ARABIA"
HISHAM NABIL ALIREZA TRADING COMPANY,HISHAM NABIL ALIREZA TRADING COMPANY,+966502338868,https://www.GroupC1.com,info@groupc1.com,"9291561557, 144750675, +966 9200 1481","SHAIKH MUBARAK AL SUBAH STREET, ARCADE CENTER - GATE #4 FIRST FLOOR - OLAYA - RIYADH - KSA, RIYADH, SAUDI ARABIA"
Honeywell Turki Arabia Ltd,HONEYWELL TURKI ARABIA LTD,96600966138133798,https://www.honeywell.com,,"15086884, 2147483647, +1-800-582-4263, +1-704-627-6200, 6666666667, 2147483646, 3333333333, 2147483645","13&16 DHAHRAN TECHNO VALLEY PLOT, DHAHRAN, SAUDI ARABIA"
Horizon Information Technology,HORIZON INFORMATION TECHNOLOGY,+966114733467,https://ipaddress.com,,,"BUILDING NO 6737, AL OLAYA, RIYADH, SAUDI ARABIA"
Horizon Technology Trading,Horizon Technology Trading,+966549256445,https://htt.com.sa,,"11071890, 562078425, 562078476, 562078341, 562078485, 562078119, 697631990, 562078509, 562078326, 11896751, 562078449, 562078374, 696778923, 697662947, 562078359, 562078017, 562077993, 562078323, 562078437, 562078353, 562078344, 696778920, 562078125, 562078317, 562078041, 562078092, 562078101, 562078389, 562078503, 562078158, 562078074, 562078515, 562078146, 562078377, 562078494, 562078164, 562078521, 697662950, 562078065, 562078128, 562078083, 562078143, 562078035, 562078407, 562078356, 562078455, 562078431, 562078386, 562078110, 562078023, 562078401, 697662944, 562078329, 562078395, 562078518, 562078038, 562078464, 562078365, 562078479, 562078335, 562078470, 562078149, 562078419, 562078026, 562078020, 562078314, 562078029, 562078068, 562078443, 562078527, 562078467, 562078446, 562078311, 697631999, 562078152, 562078533, 562078404, 562078137, 562078416, 562078524, 562078473, 562078347, 562078071, 697662956, 562078089, 697631987, 562078461, 562078107, 697662941, 562078032, 562078371, 562078161, 562078383, 562078434, 562078413","KING FAHAD ROAD, AL KHUBAR, SAUDI ARABIA"
HORIZONVERTICA SYSTEMS,HORIZONVERTICA SYSTEMS,+966599086968,https://www.horizonvertica.com,info@horizonvertica.com,00000026,"AL FAISALIYYA, JEDDAH, JEDDAH, SAUDI ARABIA"
Hulool ZainTech for Information Technology,Hulool ZainTech for Information Technology,+966112179712,https://zaintech.com,,0714285714,"Abdul-Aziz Aba Al-Khail Complex, 1st Floor Office # 5, Riyadh, SAUDI ARABIA"
HULUL ALMADAR ALTEQNI ESTABLISHMENT,HULUL ALMADAR ALTEQNI ESTABLISHMENT,564129920,https://www.hululalmadaralteqni.com,sales@hululalmadaralteqni.com,"00000026, +966 56 570 5830","ARKWAN ALRUWMI AN NAIM, JEDDAH, SAUDI ARABIA"
Hyoon for security solutions,HYOON FOR SECURITY SOLUTIONS,+966920004441,https://www.hyoon-ksa.com,,00000026,"Saudi Arabia ,Riyadh, North ring road, Exit No 2 , Prince Turkey ben Abdul-Aziz Al Awal Street,, RIYADH, SAUDI ARABIA"
Hyphen Technologies Company,Hyphen Technologies Company,539715505,https://www.hyphenksa.com,,,"34623 SAUDI ARABIA, AL KHUBAR, SAUDI ARABIA"
I G R C SQUARE,I G R C SQUARE,+966505712227,https://igrcsquare.com,Info@igrcsquare.com,"+201008087608, +966505712227, 9-4147-8614, 799999999999997, 156862745098039, +966 112922241, 730769230769231, 00000000000002, 737-6040-4351","RIYADH - NADA CENTER, RIYADH, SAUDI ARABIA"
Ibix Global Tech,IBIX GLOBAL TECH,+966539308760,https://www.ibixglobal.tech,,,"KING FAHAD ROAD, RIYADH, SAUDI ARABIA"
IBM MIDDLE EAST - SAUDI ARABIA,IBM MIDDLE EAST FZ LLC  SAUDI ARABIA BRANCH,4725241,http://www.ibm.com/,xxx@ccc.com,"16910807, 67087912, 36490885, 942 288-288, 00211589, 26074219, 34161247, 56054688, 51636607, 596-352-352, 999999999, 74348697, 01985677, 37087912, 3333333333, 23273155, 71614583, 76-352-352-352, 92480469, 81771088, 37792969, 7777777778, 01381978, 66113281, 39491758, 00515316, 96549479, 942-288-288-288, 72802734, 942-288 288, 64241446, 68 160 160, 596-352 352-352, 61813187, 96055773, 99886068, 66145717, 10649455, 20719401, 1039368403, 00846354, 42366536, 23246493, 39796911, 99273901, 18353373, 43086172, 02805611, 08131378, 33203125, 76703407, 37483724, 6666666667, 83049451, 78401693, 30906593, 14648438, 46289063, 15430862, 430496588, 65136719, 70758183, 23730469, 76757812, 16232465, 59318637, 78571429, 62057448, 35791016, 56940659, 20532227, 98155416, 0 0 1024 1024, 25 416 416, 96259185, 04817708, 50488281, 36979167, 25-416 416-416, 65531062, 79638672, 41482966, 17234469, 84879557, 99703014, 28417969, 09082031, 596 352-352 352, 596 352 352, 942 288 288 288, 29701063, 404 0-352-157, 08483634, 08496094, 76285807, 31796703, 99131597, 67529297, 74602266, 91137831, 81088809, 84912109, 47127921, 45303631, 477341867, 86035156, 77977302, 76785714, 13873626, 96845644, 95947802, 058 0-288 128, 81282775, 61411712, 20089157, 96796332, 85839844, 19033135, 77853973, 29676019, 10302198, 45488824, 81162325, 63671875, 93538411, 14579158, 91666667, 03613281, 11914062, 13043478, 22981771, 23388672, 80769231, 27922512, 73939861, 34535738, 35671343, 93522135, 92687249, 30861723, 22802734, 31396126, 96993988, 03955078, 57417582, 42994505, 75692636, 54375418, 92220052, 99641927, 81028724, 89176432, 23112892, 20800781, 55810547, 38019929, 73918396, 85192607, 99072266, 69624849, 87890625, 54931641, 57362637, 74902344, 86372745, 78889974, 67947802, 03784481, 08024089, 410864984, 15894819, 89794922, 191485972, 75551102, 52320968, 32958984, 06141493, 67735471, 17285156, 1159259241, 14054034, 41040565, 05263158, 16-224-224-224, 89306641, 78945132, 24720677, 17046703, 24862637, 02065242, 52063574, 97596154, 92134269, 86863552, 596-352-352-352, 75549451, 06279225, 74445187, 308-128 128-128, 32457143, 71543086, 04427083, 27855711, 65104167, 24937143, 17529297, 22645291, 446952913, 44921875, 57291667, 4879956390802, 00756896, 56041124, 55082418, 40497253, 2147483647, 19402985, 35839844, 33066132, 308 128-128 128, 29458918, 24820964, 58729384, 78434066, 12158203, 440609733, 39276754, 89285714, 90981323, 57153195, 83767535, 97753906, 65066559, 76815149, 596-352 352, 1069499076, 03466797, 10986328, 95591182, 59445055, 86845682, 11072028771, 46092184, 24394133, 60725911, 14941406, 76866813, 404 0 352 157, 07972656, 44994876, 89257813, 65155707, 75600879, 51464844, 24739583, 88589011, 308 128 128, 00684547, 66065464, 90781563, 058 0 288-128, 74824176, 60714286, 34314684, 88673407, 308-128-128, 07861328, 67773438, 83691406, 96 288 288, 06212425, 93055219, 69930609, 18837675, 08121745, 30408374, 78522567, 18570474, 92936198, 77995172, 146001191, 14697266, 45078007, 65690054, 64261857, 45166016, 88888889, 75830078, 51903808, 00927734, 10058594, 040 0 288 128, 74549098, 73282967, 86760201, 40154339, 01905934, 52117789, 08577474","28TH FLOOR, RIYADH KINGDOM CENTRE, RIYADH, SAUDI ARABIA"
IBTIKAR ALHUL ALDHAKIYAH COMPANY FOR INFORMATION TECHNOLOGY,IBTIKAR ALHUL ALDHAKIYAH COMPANY FOR INFORMATION TECHNOLOGY,+966543102345,https://www.ibtikar.com.sa,info@ibtikar.com.sa,"+966543102345, 454-57210364, +966 54 310 2345, 25-456960, 966543102345","RFYA6685 AS SAHABAH ROAD, RIYADH, SAUDI ARABIA"
ICAD,INNOVATIVE CONTRACTORS FOR ADVANCED DIMENSIONS,+966126166771,https://www.Icad.com,info@icad.com,"+966 12 616 6771, +966 12 616 6773, 8002474223, 216148214, +971 43 279 300","SAUDI ARABIA, JEDDAH, SAUDI ARABIA"
ICS Nett Inc.,ICS NETT INC,2112344,https://www.icsarabia.com,,"09999999999, 999999999999999, 37373700, 00000000, 072621523, 1078252556, 66000000","SULTAN BUSINESS CENTER SUITE 23, PR SULTAN RD. ULAYA, RIYADH, SAUDI ARABIA"
IDEAL NETWORK SOLUTIONS INS,IDEAL NETWORK SOLUTIONS INS,+966114623666,https://www.ins-sa.com,,,"PRINCE SULTAN STREET, AL OLAYA, RIYADH, SAUDI ARABIA"
IDEAL SOLUTION FOR SECURITY,IDEAL SOLUTION FOR SECURITY,+966500127550,https://www.idealsolution.sa,sales@idealsolution.sa,"0 0 512 512, 8571428571429, 6470588235294, 946230528, 4117647058824, 100083726802405, 7647058823529, 9200-35-157 9200, 8823529411765, +9660590183163, 3529411764706, 76470588235294, 2941176470588, 82352941176471, 00000057, 64705882352941, 88235294117647, 10953315949, +966920035157, 011-482-9659, 70588235294118, 65234447, 714285714, 0588235294118, +10140-1018, 94117647058824, +10190-1019, 966-11-482-9659, 54592291, 2147483647","PRINCE ABDULAZIZ BIN MUSAAD BIN JALAWI, RIYADH, SAUDI ARABIA"
IDEAL VISION TECHNOLOGY EST,IDEAL VISION TECHNOLOGY EST,+966583884400,https://www.idealvisiontech.com,info@idealvision.sa,+966 11 234 5678,"AL KHOBAR, PRINCE NAIF STREET CROSS 2 &3, KHOBAR, SAUDI ARABIA"
Idec,INTERNATIONAL DESIGN IDEC,+966138935028,https://www.idec.com.sa,info@idec.com.sa,920013023,"PO BOX 31728, AL KHUBAR, SAUDI ARABIA"
INDUSTRIAL TECHNOLOGY CO.LTD,INDUSTRIAL TECHNOLOGY COLTD,+966133631214,https://www.itesaudi.com,,,"1ST FLOOR, ELECTRICAL HOUSE BUILDING,, PRINCE AL MASHOOR STREET, AL-JUBAIL, SAUDI ARABIA"
INEX AL KHALEEJ CONTRACTING EST,INEX AL KHALEEJ CONTRACTING EST,+966531589598,https://www.inexinfra.com,info@inexinfra.com,"+966531589598, +971 554910434, +971586948786, +1 (713) 631-9779, +966112632919","8986 PRINCE ABDUL AZIZ BIN MUSAID BIN JALAWI, RIYADH, SAUDI ARABIA"
INFEO,INFEO,+966114999036,https://www.infeo.com,,,"8000 KING FAHAD ROAD OLAYA, RIYADH, SAUDI ARABIA"
Infinite Solutions Company,Infinite Solutions Company,+966126602677,https://www.infinite-solutions.me/,info@infinite-solutions.me,,"ARAFAT STREET, JEDDAH, SAUDI ARABIA"
INFINITY WORK TRADING COMPANY,INFINITY WORK TRADING COMPANY,,https://trading.infinitygcc.com,,,"AL JABAL STREET, AL JUBAIL, SAUDI ARABIA"
INFLUX CYBER,INFLUX CYBER,+966112880000,https://www.influxcyber.com,info@influxcyber.com,"+961 76 795 895, +966 55 833 5982, +971 55 185 5900, +961 21 395 095, +961 71 559 054","12611 KSA, BLD 9011, RIYADH, SAUDI ARABIA"
INFORMATION LOCK COMPANY,INFORMATION LOCK COMPANY,+966552939873,https://www.ilc.sa,info@ilc.sa,+966506522666,"KING ABDULAZIZ RD, AL ARID RIYADH 13342, SAUDI ARABIA, RIYADH, SAUDI ARABIA"
Information Technology Belt Company,INFORMATION TECHNOLOGY BELT COMPANY,+966565112726,http://www.itb.com.sa,,,"IMMAM MOHAMMED BIN SAUD STREET, RIYADH, SAUDI ARABIA"
INFOSYS LTD,INFOSYS LTD,+966138249967,https://www.infosys.com,,"3333333333, 2147483646, 6666666667, 128308317, 2147483645, 342444581, 2147483647","202 BUILDING, NUMBER 6300, AL KHUBAR, SAUDI ARABIA"
INFRATECH,INFRATECH,+966114449944,https://www.infratech.com.sa,marketing@infratech.com.sa,"+966 92 000 9988, 12476-4407, 857150072575355","7266 Uthman Ibn Affaan Road, Attaawun Business center, Riyadh, SAUDI ARABIA"
INJAZ TECHNICALFOR CONTRACTING,INJAZ TECHNICALFOR CONTRACTING,+966562362205,http://www.injaztec.com,,,"JEDDAH ALSALAMA - AL YAMAMA ST, JEDDAH, SAUDI ARABIA"
Innovative Experiences,Innovative Experiences,+966558119049,https://innovativeexp.com/,info@innovativeexp.com,"+966 55 881 1904, +966 55 571 5169","NAJAH STREET, RIYADH, SAUDI ARABIA"
Innovative Frequency Company Ltd,Innovative Frequency Company Ltd,+966112220404,https://www.ifeme.co,sales@ife.com.sa,89405084,"4172 Musa Ibn Nusayer Al-Ulaya, Unit No. 2, RIYADH, SAUDI ARABIA"
INNOVATIVE QUALITY TECHNOLOGIES,INNOVATIVE QUALITY TECHNOLOGIES,+966536826783,https://www.innoqtech.com,,,"KING FAISAL DISTRICT, ABBAS IN UTBAA STREET, RIYADH, SAUDI ARABIA"
Innovative Solutions,Innovative Solutions,+966112931501,https://www.is.com.sa,info@is.com.sa,"243 244 246, 209 213 219, 255 255 255, 250 250 250, 250 245 255, 156 163 175, 59 130 246, 229 231 235, 249 250 251, 107 114 128, 966555211706","PO Box 69328, Riyadh, SAUDI ARABIA"
INTECH PROCESS AUTOMATION,INTECH PROCESS AUTOMATION,+966138966052,https://www.intechww.com,,"41371264, 1194430803, 945170788, 01202420, 122208917, 10000000, 01461171, 2129102915209, 28312531338, 1490656654","03 FIRST FLOOR SUMOU TOWER, AL KHUBAR, SAUDI ARABIA"
INTEGRATED COMPUTER SYSTEMS,INTEGRATED COMPUTER SYSTEMS,+966114943010,https://www.ics.sa,info@ics.sa,"+966 011-494-3010, +966 011 494 3010, 31554103","KSA RIYADH, RIYADH, SAUDI ARABIA"
INTEGRATED NETWORKS LLC,INTEGRATED NETWORKS COMPANY LTD INET,+966112888888,https://www.inet.net.sa,marketing@inet.sa,92000 4638,"AL-TAWYNIYAH TOWER, FLOOR 16th, South Tower, RIYADH, SAUDI ARABIA"
Integrated Systems Solutions Company,Integrated Systems Solutions Company,565642120,https://www.isyssol.com,"mk@isyssol.com, info@isyssol.com","+966565642120, 00000057, 46743414, 31536000, +966-565642120, 46255372","OFFICE#14, 3RD FLOOR, VILLAGE RESTAURANT BUILDING, GHURNATA STREET, AL AZIZIYAH DIST, OFFICE#14, 3RD FLOOR, VILLAGE RESTAURANT BUILDING, PRINCE MUTAIB BIN ABDUL AZIZ RD STREET, JEDDAH, SAUDI ARABIA"
INTEGRATED TAQDOM FOR INFORMATION TECHNOLOGY,INTEGRATED TAQDOM FOR INFORMATION TECHNOLOGY,+966561380360,https://www.taqdom-it.com,,,"PO BOX 6754, RIYADH, SAUDI ARABIA"
Integrated Technology Systems For Information Technology ISys,Integrated Technology Systems For Information Technology ISys,+966597789043,https://www.isys.ai,info@isys.ai,"+971 52 542 1878, 35337 2018, 2147483000, +2010)60999963","KING FAHD BRANCH STREET EL OLAYA DIST, RIYADH, SAUDI ARABIA"
INTEGRATION SERVICES & TECHNOLOGIES (IST),INTEGRATION SERVICES & TECHNOLOGIES,+966114737326,https://www.istnetworks.com,,380896115987773,"SALAH EL DEEN ST TOWER 2, RIYADH, SAUDI ARABIA"
Intelligent Cloud Technology EST,Intelligent Cloud Technology EST,+966538355331,https://www.intelligen-tech.com,,,"9 AL YAROMOUK, RIYADH, SAUDI ARABIA"
INTELLIGENT CONTRACTING & INFORMATION TECHNOLOGY,INTELLIGENT CONTRACTING & INFORMATION TECHNOLOGY,+966557428370,https://www.icit-grp.com,info@site.com,,"AL MURABBA MALL, AL MURABBA, RIYADH, SAUDI ARABIA"
Intelligent Digital Network Solutions,Intelligent Digital Network Solutions,+966138344849,https://www.idnsolution.com,,,"DAMMAM- KING SAOUD STREET, AD DAMMAM, SAUDI ARABIA"
INTELLIGENT EXPERTS SOLUTIONS,INTELLIGENT EXPERTS SOLUTIONS,+966506311216,https://www.iecits.com,info@iecits.com,"00000026, +966 50 631 1216","AL FAREYAH STREET, AL MANSURAH DIST, RIYADH, SAUDI ARABIA"
Intelligent Technology Co.,INTELLIGENT TECHNOLOGY COMPANY,+966544002028,https://www.intelligent-t.com,info@intelligent-t.com,"+966 11 4647073, 12611-2435","7514 ABDULAZIZ BIN MUSAID BIN GALAWY ST,-OLYA-12221-3795, RIYADH, SAUDI ARABIA"
Intense technologies,INTENSE TECHNOLOGIES,+966581511222,https://www.intense-tech.com,"c183baa23371454f99f417f6616b724d@sentry.wixpress.com, Info@Intense-Tech.com, 8c4075d5481d476e945486754f783364@sentry.io, 5d1795a2db124a268f1e1bd88f503500@sentry.wixpress.com, example@mysite.com, 18d2f96d279149989b95faf0a4b41882@sentry-next.wixpress.com, 8eb368c655b84e029ed79ad7a5c1718e@sentry.wixpress.com, 460ff4620fa44cba8df530afde949785@sentry.wixpress.com, dd0a55ccb8124b9c9d938e3acf41f8aa@sentry.wixpress.com, 54b4aac306184111a223c0f4aea635c3@sentry.wixpress.com","329640366, 631414441, 33456921, 26790905, 635-8505-3391-9791, 71200017, 12040366, 61747158, 14666402, 874902399361, 306184111, 23371454, 2490108247, 60441845, 465291122, 4232694921, 22189066-6193, 25924-5664, 1499935685614, 309-7865384, 048737735, 2369530196, 56234440, 7-2112895, 88-9288338191, 650812507, 6-4493-808, 805068570, 29178430, 14-216071924, 279149989, 4291672415, 74290729, 250868057, +966 58 151 1222, 1-9685588, 734527084, 9392-5604-1148, 945486754, 38185301, 27757599, 2-6493993, 82231899, 9864791859377, 276-1246-058, 25507953, 700-8487-6366, 3072264514, 3021768322, 2545352419, 2147483648, 2598911325","ALHAMRA PALESTINE STREET, JEDDAH, SAUDI ARABIA"
Interactive Creativity for Information Technology Est.,INTERACTIVE CREATIVITY FOR INFORMATION TECHNOLOGY EST,+966112390922,https://www.ic.sa,"98b21aa53d68482b8414e892d9af0e5f@sentry-next.wixpress.com, baf30a2b91654c5a840931f0137bed30@sentry.wixpress.com, 0e6a29e4756740a8a63493e912ba2174@sentry.wixpress.com, 460ff4620fa44cba8df530afde949785@sentry.wixpress.com, 2062d0a4929b45348643784b5cb39c36@sentry.wixpress.com, 271e9fa3230b4eec94b02bf95780f5f2@sentry.wixpress.com, Info@ic.sa, ed436f5053144538958ad06a5005e99a@sentry.wixpress.com","8-4942-9787, 60441845, 1-9685588, 7-8242323, 54576-5976-4757, 71200017, 3-5420-9568, 237275422, 26109-514, 26790905, 9392-5604-1148, 2545352419, 58199322, 71-614313, 00000040, 25924-5664, 7-4874-830, 439916890, 700-8487-6366, 7798470405872, 29178430, 56234440, 584658956, 158-4692-8193, +966 55 619-5621, 147610386219, 39-9681-7518, 076-4753-8303, 00000080, 4-9973-682, 5252424611325, 76359954, 45348643784, 25507953, 9460-0814554, 82231899, 9-8085-415, 5053144538958, 7-2112895, 27757599, 12-85371177292, +966505190837, 14409595, 33456921, 8-2311-451, 71-525908938, 8-0531-426, 5971708-2925-441, 0-1475-2487, 19009198, 635-8505-3391-9791","OTHMAN BIN AFFAN STREET, 7252, RIYADH, SAUDI ARABIA"
INTERACTIVE MANAGEMENT,INTERACTIVE MANAGEMENT,+966591789932,https://www.imanagement.sa,,31536000,"FIRST FLOOR OFFICE 2 6880 AL HAMDI AR RABWAH 4, RIYADH, SAUDI ARABIA"
INTERCOM ENTERPRISES,INTERCOM ENTERPRISES,+966550291646,https://www.intercom.com.eg/,info@intercom.com.eg,"0 0 512 512, 749999998125, 127196660, 66666666666667, 250000001875","OLAYA STREET, RIYADH, RIYADH, SAUDI ARABIA"
International For Modern Industries Co. Ltd,MODERN INDUSTRIES,+96626677207,https://search.infobelpro.com,,"26732895, 2933276541, 1222083472, 2985984737, 812842568, 3508454897, 2685733372, 988075951, 494047706, 613305155, 3128134379, 2481764524, 3967842156, 1348078617, 3281949485, 722322694, 1041095097, 2147483646, 89673135, 2699082514, 2083580917, 00000020, 3064412225, 2512015367, 471583506, 3670563033, 2147483647, 1432718904, 2369186930, 3921366393, 456419034, 2417249464","1ST FLOOR:GULF PLAZA MADINAH ROAD, JEDDAH, SAUDI ARABIA"
International Systems Engineering (ISE),ALARID BUSINESS CENTER,+966118746602,https://www.ise.sa,info@ise.sa,,"ALARID DIST KING ABDULAZIZ RD RIYADH 11514, RIYADH, SAUDI ARABIA"
INTERNET OF THINGS TECHNOLOGY FOR INFORMATION TECHNOLOGY COMPANY,INTERNET OF THINGS TECHNOLOGY FOR INFORMATION TECHNOLOGY COMPANY,+966505886013,https://iotsquared.com.sa,"info@iotsquared.com.sa, pss@iotsquared.com.sa, sales@iotsqauared.com.sa",,"2286-8204 WEST UMM AL HAMAM DIST, BLDG 19, RIYADH, SAUDI ARABIA"
INTERTEC SYSTEMS L L C,INTERTEC SYSTEMS L L C,+966114729431,https://www.intertecsystems.com,,,"AL WASEEL TOWER 2 OFFICE NO-106 AL OLAYA STREET, BUILDING NO-667, RIYADH, SAUDI ARABIA"
INVENT SOLUTIONS FOR INFORMATIVE TECHNOLOGY,INVENT SOLUTIONS FOR INFORMATIVE TECHNOLOGY,+966122562544,https://isolutions-sa.com,info@ismena.com,"333333333333, 1419334421190, 1419335487915","3907 AL FAISALIYAH DISTRICT, JEDDAH, SAUDI ARABIA"
Inventive Business Solutions,INVENTIVE BUSINESS SOLUTIONS,6515147,https://www.inventivebs.com,info@inventivebs.com,"+966) 012 601, 2000000000, +966 012 601 7684","60TH STREET KING FAHD ROAD SUN RISE PLAZA 6TH FLOO, JEDDAH, SAUDI ARABIA"
ipower,IPOWER,0966126110633,,,,"TAHLIA STREET, JEDDAH, SAUDI ARABIA"
IPT Saudi,IPT SAUDI,+966595202399,https://www.iptpowertech.com,info@iptpowertech.com,"2147483647, 655039-577, 163347 100, 86-826096, +961 1 992525","KING FAHAD ROAD, RIYADH, SAUDI ARABIA"
IRIS Technology,IRIS TECHNOLOGY,+966112133320,,,,"ANAS BEN MALEK RD, RIYADH, SAUDI ARABIA"
ISAM KABBANI & PARTNERS TELECOMMUNICATION COMPANY,ISAM KABBANI & PARTNERS TELECOMMUNICATION COMPANY,+966565963571,https://www.ikkgroup.com,,"748077392578125, 99999999999, 2919921875, 247702549","AL-MALAZ DISTRICT FATIMAH AL-ZAHRA ROAD, RIYADH, SAUDI ARABIA"
ISAR,ISAR,+966143916739,https://www.isar-int.com,"info@isar-int.com.com, info@isar-int.com, sales@isar-int.com","193495371, +966 14 3916739, 544397398490, +966 568546564, 0507664369","Jeddah Road, Yanbu, SAUDI ARABIA"
isecure solutions,ISECURE SOLUTIONS,+966138971276,https://www.isecure-solutions.com,info@isecure-solutions.com,999999999,"AL KHOBAR , AL KHOBAR MALL, AL KHUBAR, SAUDI ARABIA"
IT CLOUD TRADING AND PROGRAMMING COMPANY,IT CLOUD TRADING AND PROGRAMMING COMPANY,+966537655756,https://itcloud.sa,info@ITCloud.sa,"+966 55 278 3688, 966 59 424 3720","PRINCE NAWAF IBN ABDULAZIZ STEET, BUILDING NO 7654, AL KHUBAR, SAUDI ARABIA"
IT HUMAN SOLUTIONS,IT HUMAN SOLUTIONS,+96622834533,https://www.ithumansolutions.com,contactus@ithumansolutions.com,"00000017, 00000082, 00000029, +966 568953439, 00000042, 179314944, 31536000, 98605459","JEDDAH - TAHLIA STREET, JEDDAH, SAUDI ARABIA"
IT SECURITY TRAINING & SOLUTIONS,IT SECURITY TRAINING & SOLUTIONS,+966549902221,https://its2.com/,contact@its2.com,"00000066, 594203848, 2147483647, +966 11 207 7008, 934974643","KING FAHED ROAD, RIYADH, SAUDI ARABIA"
IT VALLEY,IT VALLEY,+966566245253,https://www.it-valley.com,info@it-valley.com,"33333333, +201154001551, 66666667, +971 501847977, 17664961995, +20 115 400 1551, 100093495057102, +966544577407","6228 SALAH AL DIN AL AYOUBI ROAD, 3945, RIYADH, SAUDI ARABIA"
IT Works Company LLC,IT Works Company LLC,+966920006247,https://www.it.works,info@it.works,"10205649, +971 4 369 7577, 2545352419, +966 11 239 9220","OFFICE 12, LEVEL 2, AL BADER COMMERCIAL CENTRE, KING ABDUL AZIZ ROAD, RIYADH, KSA, RIYADH, SAUDI ARABIA"
IT-RANKS Technology,IT-RANKS Technology,555106350,https://www.it-ranks.com,info@it-ranks.com,"651618207, 1310225428, 138-6354094256, 901347462, 2264125279, 53732993, 463499852, 1268368563, 0 0 448 512, 3020080000, 4109123758","KING ABDULAZIZ ST, ALYASSMIN DISTRICT, RIYADH, SAUDI ARABIA"
JADWAA ALHAYAAT TELECOM & IT EST,JADWAA ALHAYAAT TELECOM & IT EST,+966148317635,https://www.jadwaa.com,sales@jadwaa.com,"+966 54 488 3510, 31536000, 2150946675, 00966543305987, 00000040","OMAR BIN ALKHATTAB BRANCH ROAD, RIYADH, SAUDI ARABIA"
JAFEER TECHNOLOGIES,JAFEER TECHNOLOGIES,+966534105723,https://jafeer.com/,Sales@jafeer.com,3221225472,"AKARIA MALL BUILDING 3 GATE 15 OLAYA STREET, RIYADH, SAUDI ARABIA"
Jamal Jaroudi Group,JAMAL JAROUDI GROUP,966112053030203,https://jaroudigroup.com,info@jaroudigroup.com,"+966 11205 4848, +966 11 205 3030, 36768855, 2000000000","SAUDI ARABIA, RIYADH, SAUDI ARABIA"
JERAISY COMPUTER AND COMMUNICATION SERVICES (JCCS),JERAISY COMPUTER & COMMUNICATION SERVICES EST,+966114198000,https://www.jccs.com.sa,info@jccs.com.sa,"0 0 100 100, 89915444, 536546684, +966 11 419 8000, 23172473","KING FAHD HIGHWAY, AL JERAISY BUILDING, RIYADH, SAUDI ARABIA"
JINAN ARABIA FOR GENERAL CONTRACTING,JINAN ARABIA FOR GENERAL CONTRACTING,+966570663188,https://iconnect-intl.com/,info@iconnect-intl.com,"0534214091, 13849393, 966534214091, 33398535","SUPER OFFICE SWIDI - RIYADH, RIYADH, SAUDI ARABIA"
JISR ICT,JISR ICT,+966540065944,https://www.jisrict.com,info@jisritc.com,+966540065944,"AL IMAM ABDUL AZIZ, ALFAYSALIAH, JEDDAH, SAUDI ARABIA"
JODAYN INFORMATION TECHNOLOGY,JODAYN INFORMATION TECHNOLOGY,+966553329747,https://www.jodayn.com,info@jodayn.com,"+966114661406, 962305159029980, 536259278301239, 80328212, +966-11-123-4567, 86097695, 876267965","RIYADH - AL TAAWUN DISTRICT - ABU BAKR AL SIDDIQ R, RIYADH, SAUDI ARABIA"
JRM GULF FOR COMMUNICATIONS,JRM GULF FOR COMMUNICATIONS,+966501138847,https://www.jrmgulf.com,,,"AL MUGHEERA IBN AYYASH, AL SULAIMANIYAH, RIYADH, RIYADH, SAUDI ARABIA"
JUSOOR FOR COMMUNICATIONS & INFORMATION TECHNOLOGY,JUSOOR ALTAMIL TELECOM CO,+966598858487,https://www.connectps.com,,36958722,"115 AL UMAM COMMERCIAL CENTER, RIYADH, SAUDI ARABIA"
Jusoor Professional Services,JUSOOR PROFESSIONAL SERVICES,+966543022391,https://www.connectps.com,,36958722,"RIYADH, RIYADH, SAUDI ARABIA"
K-Tech,KHOZAIM TECHNOLOGY,+966920000215,https://www.K-Tech.com.sa,,,"OLYA STREET COMPUTER MARKET ALSAIF BUILDING 5TH FLOOR OFFICE 507, RIYADH, SAUDI ARABIA"
Kadia trading,KADIA TRADING,+966553233069,https://www.Alkadya.com,info@alkadya.com,"33718532, +966 594 176 900, 929200 100","OLAYA, RIYADH, SAUDI ARABIA"
KALAAM TELECOM FOR COMMUNICATIONS LLC SINGLE PERSON COMPANY,KALAAM TELECOM FOR COMMUNICATIONS LLC SINGLE PERSON COMPANY,+966920014784,,,,"414 BUSINESS GATE DAMMAM, Alkhalidiyah Ash Shamaliyah District, AD DAMMAM, SAUDI ARABIA"
Kanoo Elite Company Limited,Kanoo Elite Company Limited,+966138178559,https://kanooelite.com/,,"4285714285714, 2857142857143, +973 13304959, 7857142857143, 09122938217101, 00000057, 0714285714286, 8571428571429, 1428571428571, +966 115204950","109 AL SAADOUN TOWER 1ST FLOOR KHALID BIN WALEED S, AD DAMMAM, SAUDI ARABIA"
KAYANAT Golden Tech foe information technology,KAYANAT Golden Tech foe information technology,+966533795664,http://www.goldentech-me.com/,,,"966533795664, KAYANAT GOLDEN TECHNOLOGY 966533795664 RIYADH SAUDI ARABIA, RIYADH, SAUDI ARABIA"
keir international,KEIR INTERNATIONAL COMPANY,+966114940999,https://www.keir.com.sa,commercial@keir.com.sa,"61506382, 0530566680","6678 Wag Valley, Al Malga District  Riyadh 13524-3744 Saudi Arabia, RIYADH, SAUDI ARABIA"
Khalidiya supplies est,KHALIDIYA SUPPLIES EST,+966506883277,https://Www.kse.sa,,,"ALURUBAH RD, RIYADH, SAUDI ARABIA"
Kira Business Services,KIRA BUSINESS SERVICES,+966546866583,https://www.kira.sa,sales@kira.sa,"+966 546866583, 536870912","NRR AT TA'AWON DIST EXIT 6, RIYADH, SAUDI ARABIA"
Knowledge connect,KNOWLEDGE CONNECT,+966554885003,https://kcc.sa,"support@kcc.sa, info@kcc.sa, sales@kcc.sa",+966 11 233 9293,"3692 SYED IBN AMIR AN NAKHEEL, RIYADH, SAUDI ARABIA"
KNOWLEDGE PARTNERS INFORMATION TECHNOLOGY,KNOWLEDGE PARTNERS INFORMATION TECHNOLOGY,+966553221037,,,,"9TH STREET AL AMAMRAH, AD DAMMAM, SAUDI ARABIA"
KYAN COOPERATION FOR INFORMATION TECHNOLOGY,KYAN COOPERATION FOR INFORMATION TECHNOLOGY,+966571210977,https://kyan.org.sa,info@kyan.org.sa,,"THABIT BIN ATYL, ALMALAZ, RIYADH, SA, RIYADH, SAUDI ARABIA"
Kyndryl Saudi Arabia,KYNDRYL SAUDI INFORMATION TECHNOLOGY COMPANY,1,https://www.kyndryl.com,,,"KINGDOM CENTRE 2239 AL URUBAH ROAD, RIYADH, SAUDI ARABIA"
lamar united Company,LAMAR UNITED COMPUTER,+966114111010,https://www.lamarit.com,,"+966-114111010, 076923076923077, +10190-1019, +10140-1018","IMAM ABDULLAH IBN SAUD IBN ABDULAZIZ BRANCH RD, ISHBILIYAH, RIYADH 13225, RIYADH, SAUDI ARABIA"
Lantern Software and Security Systems Co. LTD,Lantern Software and Security Systems Co. LTD,+966138982820,https://www.lanternsystems.com,,"+966 (013) 898 1816, +966 (013) 898 2820","2ND FLOOR, STAYBRIDGE BUSINESS SUITE, KING FAHAD ST, QURTUBAH DISTRICT, AL KHUBAR, SAUDI ARABIA"
Last Mile Trading,LAST MILE TRADING,+966138999927,https://www.lmac-me.com,,,"1 ST STREET, KHOBAR, SAUDI ARABIA"
Leader Group,LEADER INVESTMENT GROUP,+966920009276,https://leadergroup.com/,info@leadergroup.com,"172400589, +966 920009276","1578 RIYADH, RIYADH, SAUDI ARABIA"
Leap Networks Arabia Co,Leap Networks Arabia Co,+966138491867,https://www.leap-arabia.com/,"info@leap-arabia.com, asif.imam@leap-arabia.com",,"IBN SINA, AL-KHOBAR,KSA, AL KHUBAR, SAUDI ARABIA"
LINK DOT NET ALARABIA ALSAUDIA COMPANY,LINK DOT NET ALARABIA ALSAUDIA COMPANY,+966112190303,https://www.linkdevelopment.com,,,"BUILDING 2803 PRINCE MOHAMED BIN ABDUL AZIZ STAL TAHLIYA,LOCALIZER MALL,1ST FLOOR,OFFICE 47, RIYADH, SAUDI ARABIA"
LTIM ARAMCO DIGITAL SOLUTIONS FOR INFORMATION TECHNOLOGY,LTIM ARAMCO DIGITAL SOLUTIONS FOR INFORMATION TECHNOLOGY,+966138127708,https://www.ltimindtree.com,,"2147483647, 6666666667, 2147483646, 3333333333, 3271680525066, 2147483645","205 1ST FLOOR BUSINESS GATE, AD DAMMAM, SAUDI ARABIA"
LUCID COMMUNICATIONS & IT CO.,LUCID COMMUNICATIONS & IT COMPANY,+966112920290,https://www.lucidt.com,,"5031697833, 66666667, 136 136 136, 255 255 255, 10067818, 33333333, 99999999","SECOND INDUSTRIAL DISTRICT, RIYADH, SAUDI ARABIA"
Luna Space Telecommunications Co. Ltd,SKYBAND,+966112087575,,,,"AL RABWA NEAR AL NAHDA PARK, RIYADH, SAUDI ARABIA"
MADA AL TAKAMUL FOR INFORMATION TECHNOLOGY,MADA AL TAKAMUL FOR INFORMATION TECHNOLOGY,+966535838392,https://www.mada-it.com,info@mada-it.com,"+966 50 218 0468, 78885188","KING ABDULLAH ROAD, RIYADH, SAUDI ARABIA"
MADAAR SURAA'A,MADAAR SURAA'A,583340222,https://madaar.com.sa/,,"23595959, 0797992753, 239 239 239, 244 244 244, 208 208 208, 63994214, 00000000, 230 230 230, 11151754, 247 118 140, 703-4770-8067, 00000026, 262172759, 255 255 255, 55068931","STREET IBN MUBSHER - DISTRICT AL RAWABI DIST, RIYADH, SAUDI ARABIA"
MADAR INFORMATICS,MADAR INFORMATICS,+966122611664,https://www.almadar-ksa.com,fawaz.m@almadar-ksa.com,22 611 664,"TAHLIA, JEDDAH, SAUDI ARABIA"
MADAR RAQMIYAT COMPANY,MADAR RAQMIYAT COMPANY,+966533445266,https://digitumz.com,,"9999999999, +966 11 4925156, +966 533445266, 00000057","PRINCE MAMDOUH BIN ABDELAZIZ, SULAIMANEYAH, RIYADH, SAUDI ARABIA"
MAFHZA TRADING COMPANY,MAFHZA TRADING COMPANY,+966507986573,https://mafhzatrading.com,"info@mafhzatrading.com.sa, info@mafhzatrading.com, sales3@mafhzatrading.com","0714285714, 4-3200424, +32470139656, +966503964508","PRINCE ABDULAZIZ IBN MUSSAED IBN JALAWI- ALOLAYA- SAUDIARABIA, PRINCE ABDULAZIZ IBN MUSSAED IBN JALAWI- ALOLAYA- SAUDIARABIA, RIYADH, SAUDI ARABIA"
MAJAL COMPANY FOR IT NETWORKS,MAJAL COMPANY FOR IT NETWORKS,+966507809247,https://www.majalnet.com,Sales@majalnet.com,"+966 11 4744763, +966 54 002 5337, +966 11 4733002, 00000026","BUILDING NUMBER 4488 SALAH AL DIN AL AYOUBI RD - J, RIYADH, SAUDI ARABIA"
MAJID MUSTAFA HEJAZI CONTRACTING COMPANY,MAJID MUSTAFA HEJAZI CONTRACTING COMPANY,+966500747576,https://www.majtechai.com,Sales@majtechai.com,"31536000, 45881283, 2000000000","PRINCE TURKI ALAWAL WITH MAKKAH ROAD, RIYADH, SAUDI ARABIA"
Maktabi smart offices company,MAKTABI SMART OFFICES COMPANY,+966115120177,https://www.maktabitech.com,"info@Maktabitech.com, info@maktabitech.com","+966 59 995 2444, +971 58 589 3321, 796392086","ALSULAYMANIYAH, RIYADH, SAUDI ARABIA"
MALAMEH AL MAJD TRADING COMPANY,MALAMEH AL MAJD TRADING COMPANY,+966564705555,https://al-majdtrading.com,info@al-majdtrading.com,+971 56 291 7152,"BULDING NO 8672 AL MALAZ DIST 3418, RIYADH, SAUDI ARABIA"
Manarat Al-Shabakat IT CO.,MANARAT ALSHABAKAT ALMUTATAWIRAH COMPANY LTD,+966114782526,https://www.bnetworksit.com,Jeddah@bnetworksit.com,"+966 55 410 0491, +966 920005451","MALAZ, RIYADH, SAUDI ARABIA"
MANTECH SYSTEMS COMPANY LIMITED,MANTECH SYSTEMS COMPANY LIMITED,+966126611310,https://mantechsystems.com,,00000026,"NO D-13, 6TH FLOOR,, CITY CENTER, MADINA ROAD,, JEDDAH, SAUDI ARABIA"
MASAT AL ALFIAH,MASAT AL ALFIAH,+966540004879,https://almashstore.com/,,"+966549804423, 0 0 512 512, +966540004879, 230868090, 82987299, +966540488018, 16619921668","SAUDI ARABIA, GULF BUSINESS COMPLEX, RIYADH, SAUDI ARABIA"
MASTER WORKS FOR INFORMATION TECHNOLOGY COMPANY,MASTER WORKS FOR INFORMATION TECHNOLOGY COMPANY,+966552180018,https://master-works.sa/,,162795355,"RIYADH - KSA, RIYADH, SAUDI ARABIA"
Matrix Experts Trading Est.,MATRIX EXPERTS COMPANY LTD,+966138102224,https://matrixexperts.com,"88170cb0c9d64f94b5821ca7fd2d55a4@sentry-next.wixpress.com, md@matrixexperts.com, 2062d0a4929b45348643784b5cb39c36@sentry.wixpress.com, 271e9fa3230b4eec94b02bf95780f5f2@sentry.wixpress.com, c183baa23371454f99f417f6616b724d@sentry.wixpress.com, 460ff4620fa44cba8df530afde949785@sentry.wixpress.com, 8c4075d5481d476e945486754f783364@sentry.io, f36cc48fb72b4d298c835f2793cf3b84@sentry-next.wixpress.com, ed436f5053144538958ad06a5005e99a@sentry.wixpress.com, 8eb368c655b84e029ed79ad7a5c1718e@sentry.wixpress.com, 79baaa8e09c746d2b7401643b99792e0@sentry.wixpress.com, 9a65e97ebe8141fca0c4fd686f70996b@sentry.wixpress.com, dd0a55ccb8124b9c9d938e3acf41f8aa@sentry.wixpress.com","40127106, 3299999237061, 23125535, 23371454, 8-0531-426, 38185301, 04441-850, 14666402, 2545352419, 3-8575746, 9499998092651, 27757599, 55888376, 3900001049042, 32452470807268, 9900000095367, 797-737028, 66-9288-242, 8786-38944455, 1-9685588, 9-8085-415, 8-4947-4831, 945486754, 5053144538958, 99071731, 9392-5604-1148, 222-4551-489, 13707259, 79082550, 25507953, 11628040, 7-8242323, 61747158, 2-2827-4671, 6-7148-4713-8331, 412-4093-9155, 74290729, 400-526887, 9899997711182, 700-8487-6366, 9-4433-9111, 3-5420-9568, 56447649, 3-4539-8728, 8-4942-9787, 947-0692124452, 29178430, 360963946, 14924864, 13475898, 64-8116-4527, 60441845, 0-4576-933, 217405463, 25924-5664, +966138102224, 2147483648, 71-525908938, 1499774301866, 276-1246-058, 35986326, 2-5350-6322-487, 71200017, 00000040, 076-4753-8303, 13707244, 76012639, 33456921, 2147483647, 26790905, 4000000953674, 19009198, 0-9681-990, 635-8505-3391-9791, 56234440, 0-1475-2487, 1-9415844, 78431639, 7-2112895, 13016589, 036-5516-6104, 6700000762939, 309-7865384, 73-4180-475, 45348643784, 8-2311-451, 734527084, 8976823817, 00000080, 14-216071924, 14409595, 76359954, 26109-514, 26968954, 73684210526312, 9460-0814554, 9700000286102, 439916890","6140 KING SALMAN STREET, SOMOU TOWER OFF, AL KHUBAR, SAUDI ARABIA"
Matrix Systems,MATRIX SYSTEMS,+966112385666,https://www.matrixest.com,Info@matrixest.com,"00966542844363, +966 0112385666, +9660112385666","4359 AMR BIN AL AS AL WISHAM DIST UNIT NO404, RIYADH, SAUDI ARABIA"
MAWARID ELECTRONICS LTD,MAWARID ELECTRONICS LTD,+966115050800,https://www.mel.sa,info@mel.sa,"+966 11 505 0800, 123139742, 1342177279","SALAH AL DIN AL AYOUBI ROAD, RIYADH, SAUDI ARABIA"
MCC,AL MESPAR CONTRACTING CORPORATION,+966125475734,https://www.almespar.com,,"94444444444444, 3333333333333, 88888888888889, 2222222222222, 6666666666667, 77777777777778, 10000000, 3888888888889, 649449081, 1111111111111, 56402713, 68626847, 8888888888889, 37901777, 83333333333333","ALNOZAHA MAKKAH, PO BOX MCC, MAKKAH, SAUDI ARABIA"
MCTAL FOR IT SERVICES AND COMMUNICATION,MCTAL FOR IT SERVICES AND COMMUNICATION,+966538630445,https://www.mctal.com,sales@mctal.com,+966 532000298,"RIYADH, RIYADH, SAUDI ARABIA"
MDS FOR COMPUTER SYSTEMS CO.,MDS FOR COMPUTER SYSTEMS CO.,+966114791313,https://www.mdscs.sa,mdsruh@mds-sa.com,"173130207, 3333333333333, 6666666666667, +966 (011) 477-1180, +966 (011) 479-1313, 00000057","MOHAMMED M AL RUMAIH EST, FATIMA TUL ZAHRA STREET PEPSI COLA ROAD, RIYADH, SAUDI ARABIA"
MEDAD AL EBTIKAR FOR INFORMATION TECHNOLOGY,MEDAD AL EBTIKAR FOR INFORMATION TECHNOLOGY,+966598616976,https://www.techstrike.com.sa,info@techstrike.com,0112185499,"KING FAHAD RD, OLAYA, RIYADH, 12214, RIYADH, SAUDI ARABIA"
Megamind IT Solutions,MEGAMIND IT SOLUTIONS,+966537548028,https://www.megamind-it.com,,"99999999999999, 000000000000178, 02010100, 99999999999991, 999999999999995","KINGS ROAD TOWER, JEDDAH, SAUDI ARABIA"
MENATECK Trading Company,MENATECK Trading Company,+966558390737,https://menateck.com/itsolutions/,zahir@menateck.com,"362250922, +966 54 303 8919","BUILDING 6785 KHALID BIN AL WALEED STREET ASH SHAR, FLOOR 1, JEDDAH, SAUDI ARABIA"
MERYKH ARABIAN TECHNOLOGIES,MERYKH ARABIAN TECHNOLOGIES,581445566,https://www.merykh.com/,,999999999,"RIYADH, RIYADH, SAUDI ARABIA"
MGHANEM ALRAMZ,MGHANEM ALRAMZ,+966505152135,https://alharamain.gov.sa,,,"ALMUNISIAH DISTRICT, ALSUFRAA STREET, RIYADH, SAUDI ARABIA"
MICROTEC FOR INFORMATION TECHNOLOGY,MICROTEC FOR INFORMATION TECHNOLOGY,+966507526485,https://www.microtec.com.sa,info@microtec.com.sa,"12045858, 100000000, 58895006, 56743572, 966920010120, 5338315676, 7496969728, 88377819, 59597002, +966920010120, 201029449240, 61556948223360, 31536000, 48646070, 11405499023, 2047667016, 55855421","434 AL URUBA STREET, RIYADH, SAUDI ARABIA"
Middle East Internet Co.Ltd - Cyberia,MIDDLE EAST INTERNET COLTD CYBERIA,+966114647114,https://www.cyberia.net.sa,,"+966 12 6520508, +966 13 8871666, +966 11 4654735, +966 13 8870425, +966 12 6520503, +966 11 4647114, 800 124 8124, 189295715","ABDUL AZIZ AB AL KHAIL BLDG, RIYADH, SAUDI ARABIA"
Middle East Task Co,Middle East Task Co,+966112066615,https://www.metco-sa.com/,info@metco-sa.com,"31536000, 44657228, +966 11 206 6615","AL ZAHRA BAKIK 2548 UNIT 2 AR RIYADH 12811 -7571, RIYADH, SAUDI ARABIA"
MIKENOPA ARABIA FOR INFORMATION TECHNOLOGY COMPANY,MIKENOPA ARABIA FOR INFORMATION TECHNOLOGY COMPANY,573746665,http://www.mikenopa.com/,,,"IBN MALIK STREET, RIYADH, SAUDI ARABIA"
MOAMMAR INFORMATION SYSTEMS CO (MIS),MOAMMAR INFORMATION SYSTEMS COMPANY MIS,+966920000334,https://www.mis.com.sa,info@mis.com.sa,"66666667, 999999997, 999999999, 999999998, 9999999999, 255 255 255, 33333333, 99999999999999, 41421356237, 53846154, 99999999, +966) 92002026","PO BOX 6330, RIYADH, SAUDI ARABIA"
MOBDEON TRADING COMPANY,MOBDEON TRADING COMPANY,538100047,https://www.mobdeon.com,"5d1795a2db124a268f1e1bd88f503500@sentry.wixpress.com, 18d2f96d279149989b95faf0a4b41882@sentry-next.wixpress.com, info@mobdeon.com","33456921, 26790905, 635-8505-3391-9791, 71200017, 64702949999999, 6848097185, 78431639, 60441845, 00000080, 1-450494780, 79082550, 56234440, 7-2112895, 29178430, 581182-893, 59 272 0026, 74290729, 392352431, 9392-5604-1148, 27757599, 997156545, 25507953, 700-8487-6366, 72389475, 279149989, 2545352419, 64168866","PRINCE MOHAMMED IBN SALMAN ROAD, RIYADH, SAUDI ARABIA"
Mobile Business Company LTD,Mobile Business Company LTD,+966546143939,https://www.mbuzz.com.sa,info@mbuzz.com.sa,"538871772, +966 1128555300, 4285714285714, 45966387, 1428571428571, 73159365, 53222683, 5714285714286, 548622567991, 784624534, 2142857142857, 10000000, 8994029978696, 2857142857143, 0714285714286","CS01 5TH FLOOR UNIT 11, RIYADH, SAUDI ARABIA"
MODERN ADVANCE FIX,MODERN ADVANCE FIX,+966593282338,https://www.maf-sa.com,,,"IBRAHIM BIN AQEEL ST, RIYADH, SAUDI ARABIA"
Modern Alliance Group,MODERN ALLIANCE GROUP,+966122601222,https://www.mag.sa,,"290810382, 02010100","4734 ABDULLAH SULIMAN ROAD, OFFICE 7, JEDDAH, SAUDI ARABIA"
MODERN ARABIAN SYSTEMS FOR TELECOMMUNICATION AND INFORMATION TECHNOLOGY EST,MODERN ARABIAN SYSTEMS FOR TELECOMMUNICATION AND INFORMATION TECHNOLOGY EST,+966114025065,https://www.masinfosys.com,,"+971 42394550, +966 11 4025065","RIYADH SA, RIYADH, SAUDI ARABIA"
MODERN MEDIA SYSTEM,MODERN MEDIA SYSTEM,+966112439734,https://www.mms.com.sa,infomms@alfaisaliah.com,"+966 13 3418841, +966 11 243 9000, 90012015, +966 11 243 9675, +966 13 341 2004, +966 13 3418868","BUSINESS GATE BLDG 8 FLOOR 1 NEAR EXIT-8, RIYADH, SAUDI ARABIA"
MODERN PIONEERS LTD COMPANY,MODERN PIONEERS LTD COMPANY,+966565064380,https://www.mplt-ksa.com,info@mplt-ksa.com,+966 59 898 9180,"3442 PRINCE ABDULMOHSIN BIN ABDULAZIZ MALAZ DIST RIYADH, RIYADH, SAUDI ARABIA"
Modern Technology ( Moteco),Modern Technology ( Moteco),+966531275965,https://www.moteco.com,,"+966 11 465 0444, +966 11 465 2444","7622 KING FAHD ROAD AN NAKHIL DISTRICT 12381 RIYAD, RIYADH, SAUDI ARABIA"
MODERN WAVE TELECOMMUNICATIONS AND TECHNOLOGY,MODERN WAVE TELECOMMUNICATIONS AND TECHNOLOGY,+966539797909,http://www.mwtksa.com,info@mwtksa.com,"57688881, 1010873345, +966 539797909","7534 KING ABDULAZIZ ROAD, RIYADH, SAUDI ARABIA"
MOHAMMAD AL HROUB & PARTNERS COMPANY LTD FIREROCKS IT,MOHAMMAD AL HROUB & PARTNERS COMPANY LTD FIREROCKS IT,+966568194249,https://www.firerocksit.com,,,"3134 RIYADH HAY ALZAHRAA, RIYADH, SAUDI ARABIA"
MOSOOK GENERAL CONTRACTING COMPANY,MOSOOK GENERAL CONTRACTING COMPANY,+966536633042,https://group.mosook.com/,,"666666666667, 2000000000, 333333333333, 10000000","511 AL MADINAH AL MUNAWARAH 7562 AL MERQAB DIST AL, AL JUBAIL, SAUDI ARABIA"
MOUJOD TECH,MOUJOD TECH,+966920008933,https://www.moujod.net,,"1373204321, 210714326, 3903337354, 782490412, 144590697, 345786517, 1194126003, 1481657661, 151984799, 2663516203, 137659987, 1396455324, 1472509865, 615874745, 3355271701, 2696488325, 1041843308, 1319411029, 310605574, 656319201, 613083533, 422006675, 645128560, 929948546, 320752463, 3909058078, 242461668, 2323755493, 185720037, 1031004054, 222472422, 3255628213, 3311592256, 1402530085, 567598158, 1372621636, 2925605256, 139019098, 449154744, 1218250182, 1330576162, 3180706729, 902103295, 2414860560, 2358895735, 4135187554, 2112685945, 3190584477, 448489063, 541293116, 1416660327, 708063060, 3177161260, 2096762058, 2763389554, 186959791, 3691203581, 3009518171, 1364718695, 90667947, 793491229, 273895769, 2964000730, 99098058, 946539459, 2018189271, 452537033, 156866409, 4160755245, 88509917, 2924082495, 321872988, 2610339098, 1498430152, 3732531768, 1212957441, 929411930","UBAIDAH IBN AL HARITH, RIYADH, SAUDI ARABIA"
Moxmon,MOXMON INFORMATION TECHNOLOGY COMPANY,+966138314595,https://www.moxmon.com,,"31536000, 966557179691, 99999999","AL NAJIM BUSINESS CENTER PRINCE MANSOUR BIN ABDUL STREET, AD DAMMAM, SAUDI ARABIA"
MS Technologies,MS TECHNOLOGIES,+966530423166,https://www.mstechme.com,,000000 100,"5 RING ROAD, RIYADH, SAUDI ARABIA"
MTC GULF,MTC GULF,+966562568847,https://www.mtc-gulf.com,Info@mtc-gulf.com,"31536000, +966138303546","ABI SAEED AL MOUSALI STREET - AL KAWTHAR DISTRICT, AL KHUBAR, SAUDI ARABIA"
MUBADARA AL OULA SECURITY COMPANY,MUBADARA AL OULA SECURITY COMPANY,+966920010734,https://www.mubadara.sa,,,"502 AL WALEED CENTER, JEDDAH, SAUDI ARABIA"
MUBTECH LILITTISALAT WATAQNIYAT ALMAELUMAT COMPANY,MUBTECH LILITTISALAT WATAQNIYAT ALMAELUMAT COMPANY,0554784500,https://www.Mubtech.Sa,info@mubtech.com,"+966 50 673 9631, 999999999","PRINCE ABDULAZIZ BIN MUSAED BIN JALAWI STREET, BUILDING 331, AL-OLAYA DISTRICT, RIYADH 11431, SAUDI, RIYADH, SAUDI ARABIA"
MULTI TELECOMMUNICATION SOLUTIONS,MULTI TELECOMMUNICATION SOLUTIONS,+966564034054,https://www.mtsksa.com,naffay@mtsksa.com,"+966 56 403 4054, +966564034054, +966 56 403 4054","ADAM IBN RABIAH STREET, RIYADH, SAUDI ARABIA"
MULTI TRADING ESTABLISHMENT,MULTI TRADING ESTABLISHMENT,+966570094449,https://www.multi-sa.com,"2062d0a4929b45348643784b5cb39c36@sentry.wixpress.com, 98b21aa53d68482b8414e892d9af0e5f@sentry-next.wixpress.com, 271e9fa3230b4eec94b02bf95780f5f2@sentry.wixpress.com, 460ff4620fa44cba8df530afde949785@sentry.wixpress.com, c183baa23371454f99f417f6616b724d@sentry.wixpress.com, ed436f5053144538958ad06a5005e99a@sentry.wixpress.com, 8c4075d5481d476e945486754f783364@sentry.io, 9a65e97ebe8141fca0c4fd686f70996b@sentry.wixpress.com, dd0a55ccb8124b9c9d938e3acf41f8aa@sentry.wixpress.com","3-5420-9568, 5053144538958, 635-8505-3391-9791, 8-0531-426, 23371454, 38185301, 9392-5604-1148, 8-4942-9787, 29178430, 56234440, 2545352419, 25507953, 14666402, 0-1475-2487, 33899240, 424161843, 7-2112895, 12044675, 60441845, 27757599, 71-614313, 9900000095367, 113894146, 25461017, 25924-5664, 7-8242323, 309-7865384, 45348643784, 8-2311-451, 734527084, 2147483648, 71-525908938, 00000080, 276-1246-058, 4460284-0684, 71200017, 14-216071924, 1-9685588, 00000040, 011 233 0554, 76359954, 26109-514, 9-8085-415, 61747158, 82231899, 34-4617-9789-907, 33456921, 2147483647, 26790905, 9982831071, 21831789, 196817301, 53150414429, 9460-0814554, 19009198, 700-8487-6366, 945486754, 439916890","AL MUTANABBI STREET, AL MALAZ, RIYADH, RIYADH, SAUDI ARABIA"
MULTIPLE CIRCUITS,MULTIPLE CIRCUITS,+966556056333,https://WWW.MULTIPLECIRCUITS.COM,eben@eyebytes.com,"33333333333333, 465168539325843","GHURNATAH STREET - ALAZIZIYAH DIST, JEDDAH, SAUDI ARABIA"
Musanada,MUSANADA,+966501825052,http://musanada.sa/Main/contact.html,"egypt@musanada.sa, info@musanada.sa, sales@musanada.sa",,"RIYADH - KSA, RIYADH, SAUDI ARABIA"
MUSTAQBAL AL AMAL FOR COMMUNICATIONS & IT COMPANY HENDITECH,MUSTAQBAL AL AMAL FOR COMMUNICATIONS & IT COMPANY HENDITECH,+966920011736,https://www.matech.com.sa,info@matech.com.sa,+966 11 200 4400,"4146 PRINCE MOHAMMED IBN SALMAN IBN ABDUL-AZIZ ROAD, RIYADH, SAUDI ARABIA"
N.I.L Middle East for Commercial Services,N.I.L Middle East for Commercial Services,+966598996292,https://www.nil-me.com,info@nil-me.com,"999999999, +2010 24861526, 99999999, +966 598996292, +971 4 557 2624","Riyadh Al Muhandis Mussaed Al Anqari Street, Building No. 7503, Al Sulaimaniyah Dist.,Postal Code 12245, RIYADH, SAUDI ARABIA"
NABDAT ELKAMM COMPANY FOR INFORMATION TECHNOLOGY,NABDAT ELKAMM COMPANY FOR INFORMATION TECHNOLOGY,+966549826103,https://qp-it.com/,sales@qp-it.com,+966 549826103,"OLAYA STREET, RIYADH, SAUDI ARABIA"
NADAIR ALFARIS TRADING EST,NADAIR ALFARIS TRADING EST,+966114762036,https://alfaris-it.com/,"info@alfaris-it.com, it-sales@alfaris-it.com",0966-11-476 2036,"2431 RAFI BIN AL ALI-AL, RIYADH, SAUDI ARABIA"
NAHIL COMPUTER COMPANY,NAHIL COMPUTER COMPANY,96614645373,https://nahil.com.sa,info@nahil.com.sa,"436279296875, 0849609375, +966114645373, +966114645365","PRINCE ABDULAZIZ IBN MUSAID IBN JALAWI, RIYADH, SAUDI ARABIA"
Nahla Trading,AL NAHLA ARABIAN IT COMPANY,+966539848481,https://www.nahlatelecom.com,,"+966 11 2922488, +966 11 2922366","AL WADI AL AHMAR, AL AHMAR, SAUDI ARABIA"
NAS INNOVATIONS EST,NAS INNOVATIONS EST,533127191,https://www.nasstech.net,"Sales@nasstech.net, amkryukov@gmail.com, jonpinhorn.typedesign@gmail.com","33333333333333, +966 53 312 7191, 100082034454471","SHURFA, NAS INNOVATIONS, RIYADH, SAUDI ARABIA"
NASAQ TECHNOLOGY EST,NASAQ TECHNOLOGY EST,+966112158886,https://www.nasaq.co,info@nasaq.co,+966-539-391-471,"LOAYE AL AKKAS OFFICE, FLOOR NO 49, KINGDOM TOWER, RIYADH, RIYADH, SAUDI ARABIA"
Naseej Business,NASEEJ BUSINESS,+966920007796,https://nb.sa,,"+966920007796, +966112694614","AL-HUSAIN BIN ALI STREET, RIYADH, SAUDI ARABIA"
Nastech Services Arabia for IT Co.,Nastech Services Arabia for IT Co.,+966138693485,https://www.nastechgroup.com,info@nastechgroup.com,"+966 13 8693485, 966557839187, +97333402445, +966138693485, 99999999","Building No. 8407, Prince Sultan Street 27th cross, Al Khobar Al Shamaliyah, AL KHUBAR, SAUDI ARABIA"
National Advanced Systems Company NASCO,NATIONAL ADVANCED SYSTEMS COMPANY LTD NASCO,+966114507772,https://www.nasco.com.sa,"sales@nasco.com.sa, info@nasco.com.sa","+966-11 450 7772, +966-11 450 7773","RIYADH-11523, RIYADH, SAUDI ARABIA"
NATIONAL COMPUTER SYSTEMS COMPANY,NATIONAL COMPUTER SYSTEMS COMPANY,+966126444777,https://WWW.NATCOM.COM.SA,,,"10TH FLOOR, HHA BUILDING, JEDDAH, SAUDI ARABIA"
National DataServe and Turnkey Solutions,NATIONAL DATASERVE & TURNKEY SOLUTIONS,+966114603006,https://ksatendersgate.com,info@ksatendersgate.com,"+96654438992, 75867275, 0 0 512 512, 59381525, +966 54 438 9926, 1073741824, 6906645239","AL RUSAIS COMMERCIAL CENTER OLAYA MAIN ROAD, RIYADH, SAUDI ARABIA"
NCR Solutions Middle East LLC,NCR SOLUTIONS MIDDLE EAST LLC,+966112180202,https://www.ncratleos.com,,"3333333333, +1-833-627-2853, 6666666667, 2147483646, 1-832-308-4998, +1-832-308-4998, 117647062, 2147483645, 0-1706-735, 1-833-627-2853, 71698789921, 99999999, 2147483647","ABRAJ ATTAUNIYAH SOUTH TOWER FLOOR 15, RIYADH, SAUDI ARABIA"
NEC Saudi Arabia LTD,NEC Saudi Arabia LTD,96614653381,https://www.NEC.com,,,"RABEA TOWER OLAYA MAIN STREET, RIYADH, SAUDI ARABIA"
NEPTON SYSTEMS,NEPTON SYSTEMS,+966567309964,https://www.neptonsystems.com,info@Neptonsystems.com,"01050123570, 567309964, +966567309964","DHAHRAN- BN12624 - ALMALAZ , RIYADH , KSA, RIYADH, SAUDI ARABIA"
NESMA TRADING,NESMA TRADING COMPANY LTD,+966138298400,https://www.nesmaunitedindustries.com,marketingnui@nesma.com,13 829 8200,"CORNISH ROAD CROSS STREET, 4, AL KHOBAR, SAUDI ARABIA"
NETOORKS,NETOORKS,+966112622215,https://www.netoorks.com,"info@netoorks.com, info@cybershields.com.sa","+966555308977, 00966112632215","2729 SALAHUDDIN AL AYYUBI ST AL MALAZ RIYADH 12841, RIYADH, SAUDI ARABIA"
NETS INTERNATIONAL LIMITED,NETS INTERNATIONAL LIMITED,+966563633913,https://nets-international.com,,"38412149, 80051138, 56361763, 61757542","AS SAHAFA DISTRICT KING ABDUL AZIZ STREET, RIYADH, SAUDI ARABIA"
NETSEC ESTABLISHMENT,NETSEC ESTABLISHMENT,+966567473997,https://netsec.sa,"info@netsec.sa, sales@netsec.sa","09804343, 83886080, 57951488, 26032896, 050505 100, +96613 898 3468, 013 898 3468","11TH KING FAHD STREET, AL KHUBAR, SAUDI ARABIA"
Network Build kits,Network Build kits,+966500900717,https://www.netkit.sa,info@netkit.sa,+966500900717,"ALGHYTH STREET, JEDDAH, SAUDI ARABIA"
NETWORK INTELLIGENCE,NETWORK INTELLIGENCE,+966501687338,https://www.networkintelligence.ai,contact@networkintelligence.ai,"999999999, 2147483647, 99999999","4 OFFIC, RIYADH, SAUDI ARABIA"
NETWORK SEA CO.,NETWORK SEA CO.,+966112170269,https://nsea.com.sa,info@nsea.com.sa,"172304731734, 311298398500003, 54952-4913-4505, 525144736, 966112170269, 11065323, 1010582549, 119699680, 568597563, +966112170269, 0000120436, 230556988, +966537251998","OLAYEE STREET, RIYADH, SAUDI ARABIA"
NETWORK TARMEEZ,NETWORK TARMEEZ,+966593196500,https://www.nettarmeez.sa,info@nettarmeez.sa,"966593196500, 0593196500, 99999999","NAJED, DAHRAT LABAN, RIYADH, SAUDI ARABIA"
Networking technology world,NETWORKING TECHNOLOGY WORLD,+966126512499,https://WWW.NTW4IT.COM,sales@ntw4it.com,"55 55 555 5555, 51959155, 0554784207, 56127650","JEDDAH - KHALED BIN EL WALEED STREET, JEDDAH - KHALED BIN EL WALEED STREET, JEDDAH, SAUDI ARABIA"
Networks And More Co.,NETWORKS & MORE,460033,https://www.networksandmore.com.sa,,"537895 100, 31536000, 09819 100, 596164 100, 321575 100, 304352 100, 330867 100, 00000070, 00000000","OLAYA MAIN STREET,ALRUSAIS, RIYADH, SAUDI ARABIA"
NETWORKS AND TECHNOLOGIES,NETWORKS AND TECHNOLOGIES,+966535821290,https://ntc.com.sa,"sales@ntc.com.sa, Sales@ntc.com.sa","+966 535821290, +966 597636962, 00000026","8200 EASTERN ROAD AL EZDIHAR DISTRICT, RIYADH, SAUDI ARABIA"
NETWORKS COMMUNICATION EST.,NETWORKS COMMUNICATION EST.,+966569665252,https://www.nc-solution.net,"mike@Cmb.com, gorge@mail.com, justin@main.com, Thimas@Sby.com","97418795, 879-0340-4881, 81-4600-807, 2147483647","Orba Business Center, 4731 AL MAKARUNAH BRANCH AR RABWAH DISTRICT 7267, JEDDAH, SAUDI ARABIA"
NEW GENERATION MISSION SYSTEMS ARABIA,NEW GENERATION MISSION SYSTEMS ARABIA,+966535366098,https://www.ngmsa.com/,"c183baa23371454f99f417f6616b724d@sentry.wixpress.com, 8c4075d5481d476e945486754f783364@sentry.io, 2062d0a4929b45348643784b5cb39c36@sentry.wixpress.com, 8eb368c655b84e029ed79ad7a5c1718e@sentry.wixpress.com, 9a65e97ebe8141fca0c4fd686f70996b@sentry.wixpress.com, dd0a55ccb8124b9c9d938e3acf41f8aa@sentry.wixpress.com","71-525908938, 53310023, 33456921, 26790905, 8-4942-9787, 502131101, 8000001907349, 635-8505-3391-9791, 71200017, 61747158, 036-5516-6104, 14666402, 0-4576-933, 3900001049042, 88028600-0244-462, 23371454, 48485513, 11-27356412895, 60441845, 8-2311-451, 14409595, 19009198, 309-7865384, 56234440, 439916890, 789999961853, 9-8085-415, 7-2112895, 8771-3942445, 51277410, 9900000095367, 07-2918-9924, 8-0531-426, 17-352554, 2-2827-4671, 7-8242323, 29178430, 14-216071924, 76359954, 734527084, 31017321, 9392-5604-1148, 242019728, 945486754, 38185301, 0-1475-2487, 27757599, 076-4753-8303, 82231899, 26109-514, 276-1246-058, 45348643784, 25507953, 603382936, 147784772, 40127106, 04644930, 700-8487-6366, 9899997711182, 4800000190735, 2545352419","31952 KHOBAR BANDARIAH-, AL KHUBAR, SAUDI ARABIA"
New Mavericks Technologies,New Mavericks Technologies,+966581700717,https://www.newmavericks.sa,info@newmavericks.sa,,"7744 Takhasussi Street, Al Nakheel Dist 4263, Riyadh, SAUDI ARABIA"
NEW NABRAS FOR SECURITY AND SAFETY,NEW NABRAS FOR SECURITY AND SAFETY,+966583402800,https://www.newnabrasgroup.com,info@newnabrasgroup.com,+966 59 527 3935,"AL SHMAK IBN AL ULA STREET, BUILDING 3174, JEDDAH, SAUDI ARABIA"
New Technology Systems Saudi Arabia Est.,NEW TECHNOLOGY SYSTEMS SAUDI ARABIA EST.,+966503860531,https://www.ntsanet.com,,,"king Fahd Street , cross 1, Al Khobar, SAUDI ARABIA"
NEX TECHNOLOGYSA,NEX TECHNOLOGYSA,+966503118749,https://www.nextechnologysa.com,"rhm@nexrechnologysa.com, kadry@wuilt.com, info@business.com, m_jumaa@hotmail.com, u003erhm@nexrechnologysa.com, info@nextech.com.sa, maj@nextechnologysa.com","55-0422-4384, 31342948-692, 75179685973, 2-6958-4840-9819, 5-4836-888, 37925014-591, 1-4200-812, 5-7332-4441, 402-710457, 430168801, 4875788-678, 333333333333332, 3-8779-4871, 52-14730976, 010276360, 3-4262-9442-697, 288-7142-407, 845109280, 2122700972, 33200604, 838-4399-494, 0112252212, 34169832, 75086936, 7-4718-4398, 333333333333333, 5180290942876, 1-4813-824, 4-4198-8236-3560, 665022735, 06-010220250718, 7-4462-8193, 1451933371645","RIYADH, AL SAHAFAH, RIYADH, SAUDI ARABIA"
NEXA TECH COMPANY,NEXA TECH COMPANY,573691419,https://www.nexa-tech.sa,sales@nexa-tech.sa,,"2893 ABI TAMAM AL HASHIMI STREET, RIYADH, SAUDI ARABIA"
NEXIS LINK INTEGRATION SOLUTIONS,NEXIS SAUDIA,+966500014491,https://www.nexis.sa,"support@nexis.sa, info@nexis.sa","312987697400003, 134 239 172, 103 232 249, 216 180 254, 229 231 235, 209 213 219, 34 211 238, 192 132 252, 243 244 246, 248 113 113, 253 186 116, 74 222 128, +966-12-6543666, 16 185 129, 156 163 175, 239 246 255, 7052265910, 147 197 253, 59 130 246, 96 165 250, 255 255 255, 107 114 128","PRINCE SAUD AL FAISAL STREET AL-MUKMAL TOWER, JEDDAH, SAUDI ARABIA"
Next Generation Bits Arabia Limited Company,Next Generation Bits Arabia Limited Company,+966509738544,https://www.nexgenbits.com,info@nexgenbits.com,"36955904, +966 13 661 0048","KHADIM AL HARAMAIN ASH SHARIFAIN ROAD, BUILDING 3020, AL KHUBAR, SAUDI ARABIA"
Next Generation Networks,NEXT GENERATION CINEMA,+966920000684,https://www.ngn-sa.com,info@ngn-sa.com,"243 244 246, 219 234 254, 220 252 231, 209 213 219, 255 255 255, 251 207 232, 254 202 202, 254 226 226, 156 163 175, 191 219 254, 59 130 246, 252 165 165, 920000684, 207 250 254, 243 232 255, 229 231 235, 249 250 251, 107 114 128","KING ABDULAZIZ ROAD, RIYADH, SAUDI ARABIA"
Next Generation Services,NEXT GENERATION SERVICES,+966126580699,https://www.nextgs.net,info@nextgs.net,"+966-12-6580699, 105851329","Murjanah Tower, Rwdah District, JEDDAH, SAUDI ARABIA"
NEXTGEN DIGITAL SOLUTIONS,NEXTGEN DIGITAL SOLUTIONS,+966533433684,https://www.nextgen-digitalsolutions.com,Info@nextgen-digitalsolutions.com,+966 11 206 0496,"FIRST FLOOR OFFICE NO 12 BLDG NO 3544, RIYADH, SAUDI ARABIA"
NORTH TEK LLC,NORTH TEK LLC,+966508368802,https://www.northtekglobal.com,"Example@gmail.com, consult@northtek-technology.com","+966112924972, 1042217616, 111) 111-111, 77136519","34627 POSTAL CODE, 6853, AL KHUBAR, SAUDI ARABIA"
NourNet,NourNet,+966114728900,https://www.nour.net.sa,,"8519944495, 126817550, 602094329, 2147483647","OFFICE #208 539 SALAH EL DIEN ROAD, AL-UMMAM COM SOUTH TOWER, RIYADH, SAUDI ARABIA"
NOVASAT COMMERCIAL COMPANY,NOVASAT COMMERCIAL COMPANY,+966920022006,https://www.novasat.com.sa,,"1094730640, 995338651, 0123456789, 1272893353, 1200080426, 718787259, 1069501632, 606105819, 165796510, 271733878, 218804924, 51403784, 145523070, 176418897, 680876936, 1236535329, 373897302, 76029189, 2054922799, 30611744, 155497632, 198630844, 640364487, 1126891415, 530742520, 1044525330, 187363961, 389564586, 568446438, 722521979, 1444681467, 1416354905, 358537222, 40341101, 405537848, 701558691, 45705983, 1473231341, 35309556, 1163531501, 681279174, 1309151649, 421815835, 660478335, 1120210379, 1019803690, 271733879, 57434055, 38016083, 643717713, 343485551","NOVASAT COMMERCIAL COMPANY BUILDING NO32C BUSINESS, RIYADH, SAUDI ARABIA"
NOWA TECHNOLOGY CONTRACTING COMPANY,NOWA TECHNOLOGY CONTRACTING COMPANY,+966558474736,https://www.nowa.io,Contact@nowa.io,"+963 997 502 632, +966 50 974 3051, +966 57 414 4152","AR RAJMIYAH, المصيف، الرياض 12465, RIYADH, SAUDI ARABIA"
NOZOM IT COMPANY,NOZOM IT COMPANY,+966112622006,https://nozomtechs.com/,info@nozomtechs.com,"4455-244238, +966-11-262-2006, 999999999, 528-560531, 13509-414, 5-4461-983, +966 555 614 495, 8-2066023, 409-4531769, 2015 2015 2015, 472646694","NOZOM, NOZOM, RIYADH, SAUDI ARABIA"
NUDHUM AL-OULA LLC,NUDHUM AL-OULA,+966114565666,https://www.nudhum.com,info@nudhum.com,"11-456-5666, 247610732, 6666666666667","11578 RIYADH RIYADH, RIYADH, SAUDI ARABIA"
OASIS FUSION BUSINESS SERVICES,OASIS FUSION BUSINESS SERVICES,+966114924073,https://www.oasisfusionservices.com,contactus@oasisfusionservices.com,"+966 11 492 4037, +966 50 894 9078","OFFICE 406, FLOOR 4, AMEERAH BUILDING, ST 8, AL OLAYA COMPUTER MARKET, RIYADH, SAUDI ARABIA"
OCTOPIAN ARABIA,OCTOPIAN ARABIA,+966543222276,https://www.octopian.com,,,"6629 KING ABDULAZIZ ROAD, RIYADH, SAUDI ARABIA"
olaya brightness for it,OLAYA BRIGHTNESS FOR IT,+966112034368,https://decypha.com,,,"AHMED AT TAMIMI, RIYADH, RIYADH, SAUDI ARABIA"
OLOOM ALSHABAKA COMMUNICATION LLC,OLOOM ALSHABAKA COMMUNICATION LLC,+966546729922,https://wiconnect.com.sa/,,58990465,"9259 WADI AL THUMMAMAH ST AL OLAYA DISTRICT, RIYADH, SAUDI ARABIA"
omnix,OMNIX INTERNATIONAL,+966114647113,https://omnix.com/,"omnixkuwait@omnix.com, omnixauh@omnix.ae, info@omnix.com, omnix.oman@omnix.com, omnixksa@omnix.com","+965 2230 1060, +966 11 217 3259, 483739667, +971 2 444 4090, +966 11 464 7113, +971 4 519 7000","RIYADH BUSINESS GATE BUILDING C4 GROUND FLOOR, RIYADH, SAUDI ARABIA"
One Click for Trading est,ONE CLICK FOR TRADING COMPANY,+966568880611,https://oneclicksa.com,info@oneclicksa.com,,"52 ST, RIYADH, SAUDI ARABIA"
ONETEK LTD COMPANY,ONETEK LTD COMPANY,+966509029287,https://www.onetek-ltd.com,,,"RAHMANIYA , RIYADH, 6611TAKHASSUSI, RIYADH, SAUDI ARABIA"
OPAL TELECOM & SECURITY SYSTEM,OPAL TELECOM & SECURITY SYSTEM,+966561932020,https://www.opal-t.com.sa,info@opal-t.com.sa,"507366227 966, 163238885, 30350695, 00000057, 5031697833, 163237071 966, 85714285714286","QASSIM REGION BURAIDAH CITY AN NAHDAH DISTRICT OTH STREET, BURAYDAH, SAUDI ARABIA"
OPENWAY TECHNICAL SUPPORT SERVICES COMPANY,OPENWAY TECHNICAL SUPPORT SERVICES COMPANY,+966138179368,https://www.openwayes.com,,+966 13 8179368,"OFFICE 502, 5TH FLOOR, BUILDING NO 5227, AL KHUBAR AL JANUBIYAH DIST 8177, AL KHUBAR, SAUDI ARABIA"
Optimus Telecom Company,Optimus Telecom Company,+966559083731,https://www.optimus-telecom.com,contact@optimus-telecom.com,"55 908 3731, 11 207 4440","KING ABDULAZIZ STREET, RIYADH, SAUDI ARABIA"
ORAIT,ORA-INFOTECH CO,+966138875871,https://www.orait.com.sa,sales@orait.com.sa,"10026115, +966 58 202 2313, +966 138 875 871","PO BOX 30052, AL KHOBAR, SAUDI ARABIA"
ORANGE BUSINESS SERVICES,ORANGE BUSINESS SERVICES SAUDI ARABIA,009661183835035,,,,"KING FAHD ROAD, Tatweer Complex, RIYADH, SAUDI ARABIA"
ORBITA FOR INFORMATION TECHNOLOGY,ORBITA FOR INFORMATION TECHNOLOGY,+966549068568,https://www.orbitatechs.com,info@orbitatechs.com,"53 771 5741, 45095198976","AL OLAYA ST - ROSASI COMMERCIAL BUILDING - OFFICE, RIYADH, SAUDI ARABIA"
Oregon Systems Company Branch,OREGON SYSTEMS COMPANY BRANCH,+966138452624,https://www.oregon-systems.com,contact@oregon-systems.com,"67108864, 00000080, +971-26279727","AL ABDULKARIM TOWER 20TH FLOOR OFFICE 1 DAMMAM KIN, AD DAMMAM, SAUDI ARABIA"
Orionedge Consulting Company,ORIONEDGE CONSULTING COMPANY,+966138493636,https://www.orionedge.com,,+973 1745 6916,"KHOBAR BUSINESS GATE, AL KHUBAR, SAUDI ARABIA"
OSIT,OSIT,+966112548834,https://osit.com.sa,sales@osit.com.sa,"920 006 748, 3306630919, 999999999, 0 0 512 512, 0 0 448 512, 2014211-2294, 14211-2294, 31536000, 0 0 320 512","7843 EASTERN RING SUB ROAD AL RAYYAN RIYADH - KSA, RIYADH, SAUDI ARABIA"
OSSMANTECH TRADING COMPANY,OSSMANTECH TRADING COMPANY,+966546290209,https://www.ossmantech.com,"info@ossmantech.com, support@ossmantech.com","54 6 422 414, +966 12 2630198, +966 12 654 0796, 10042123","SHARBATLY PLAZA KING ABDULLAH BRANCH RD JEDDAH 222, 403, JEDDAH, SAUDI ARABIA"
PC COMMUNICATION,PC COMMUNICATION,+966112009232,https://www.pcc.net.sa,"c183baa23371454f99f417f6616b724d@sentry.wixpress.com, 5d1795a2db124a268f1e1bd88f503500@sentry.wixpress.com, 8c4075d5481d476e945486754f783364@sentry.io, 18d2f96d279149989b95faf0a4b41882@sentry-next.wixpress.com, 460ff4620fa44cba8df530afde949785@sentry.wixpress.com, 463991d7bca24f02a0baf16f9e6eda73@sentry.wixpress.com, 9a65e97ebe8141fca0c4fd686f70996b@sentry.wixpress.com, dd0a55ccb8124b9c9d938e3acf41f8aa@sentry.wixpress.com, 54b4aac306184111a223c0f4aea635c3@sentry.wixpress.com","0-9695-230, 33456921, 26790905, 635-8505-3391-9791, 71200017, 61747158, 14666402, 306184111, 53150414429, 23371454, 60441845, 00000080, 37-0481-4181, 70270522872, 25924-5664, 309-7865384, 56234440, 7-2112895, 87-4552-9953, 26022228, 01-4049-8425, 233398592, 19056531031, 14-216071924, 29178430, 74290729, 734527084, 830317345, 1-9685588, 9392-5604-1148, 945486754, 38185301, 493695175438598, 335680972, 27757599, 82231899, 53318286, 276-1246-058, 25507953, 700-8487-6366, 851110649111317, 279149989, 2545352419","SALAUDDIN AL AYUBI ROAD, RIYADH, SAUDI ARABIA"
PERFECT PRESENTATION FOR COMMERCIAL SERVICE,PERFECT PRESENTATION FOR COMMERCIAL SERVICE,+966112150111,https://www.2p.com.sa,,"513703359, 47905718, 3466776372, 4060009732, 513851036, 63 131 248, 00000080, 2543699412, 3827802306, 2646157752, 2888118109, 3337410206, 4277900637, 35315098, 4261575802","RIYADH, RIYADH, SAUDI ARABIA"
Pioneers of Gulf Networks,PIONEERS OF GULF NETWORKS,+966500621521,,,,"OLAYA AREA, RIYADH, SAUDI ARABIA"
POWER SOLUTIONS COMPANY LTD,POWER SOLUTIONS COMPANY LTD,+966500301089,https://www.powersolutions.com.sa,info@powersolutions.com.sa,"+00966546112030, 120102219220, +966 13 820 4707, +971-4-000-0000","OFFICE 311 - 3RD FLOOR, AL BANDARIYAH TOWERS B, PRINCE FAISAL BIN FAHD ROAD, AL BANDARIYAH DISTRIC, AL KHUBAR, SAUDI ARABIA"
POWER SOURCE TRADING COMPANY,POWER SOURCE TRADING COMPANY,+966920035009,https://www.powersourcesa.com,info@powersourcesa.com,011 277 4670,"BAHR AL ARAB STREET, BUILDING 6857, RIYADH, SAUDI ARABIA"
PRECEDENCE TECHNOLOGIES LLC,PRECEDENCE TECHNOLOGIES LLC,+966112490603,https://www.precedence.tech,Info@precedence.tech,"+968 9914 2501, 961323204124873, +966 112490603, +966112490603, +971-45593600, 20100101, +974-40173654","2629, RIYADH, SAUDI ARABIA"
PREMIER TECHNOLGY COMPANY,PREMIER TECHNOLGY COMPANY,+966920004181,https://www.premier.sa,info@premier.sa,920004181,"PO BOX 61443, 7 USMAN BIN AFWAAN ROAD TOWARDS EXIT, RIYADH, SAUDI ARABIA"
PRIME GATE TECHNOLOGY,PRIME GATE TECHNOLOGY,+966112013736,,,,"PO BOX 56973, RIYADH, SAUDI ARABIA"
PRIME LINKS FOR COMMUNICATIONS AND INFORMATION TECHNOLOGY,PRIME LINKS FOR COMMUNICATIONS AND INFORMATION TECHNOLOGY,+966544918987,https://prime-links.com/,info@primelinks.com,"4767230406383, 510911074638298, 564102564, 312122549487, 139774425, 988075951, 99999998999999, 30939226, 3967842156, 928176794, 358974359, 7587743226383, 929714493638298, 722322694, 1041095097, 2699082514, 076923077, 88297871863829, 4361702036383, 529914530000001, 471583506, 489361693, 2512015367, 38327259263829, 1432718904, 762430939, 2369186930, 982905983, 914893614, 0020571266383, 8527914166383, 382978723, 4148936096383, 812842568, 2685733372, 94680850063828, 89361702, 999999993, 117748681638304, 494047706, 74585634900001, 311449393638298, 3281949485, 182320438000005, 5707401346383, 2083580917, 17656449401454, 468085099, 709239449638298, 364640883, 747913482638298, 329787233638298, 2117657756383, 8197366816383, 1222083472, 2985984737, 94680851063829, 45299145300001, 92553190663828, 25620077063829, 618784527, 613305155, 874985304638297, 2481764524, 801104972, 905982906, 0237315876383, 6926648596383, 90425531263828, 3997999636383, 81196581200001, 8617021246383, 3670563033, 30578286963829, 129128948638304, 2147483647, 404255317, 6647572286383, 4385212156383, 3921366393, 8404255306383, 26732895, 2933276541, 3508454897, 93617020799999, 055248616, 446808505, 170940171000005, 127659574, 9468085036383, 97872339599999, 3128134379, 1348078617, 425531911, 3723404216383, 95744680199999, 3936170156383, 87292817100001, 491712705, 436464082, 3064412225, 5655930376383, 264957265, 3510638276383, 623931624, 717948718, 456419034, 2417249464","87795 ALSHIFA - ALBUHAYRAH DIST ALKHOBAR, AL KHUBAR, SAUDI ARABIA"
PROCOM TECHNOLOGIES,PROCOM TECHNOLOGIES,+966112161391,https://www.procomme.com,,,"Office#1,Al Jammaz  Building, Prince Sultan Bin Abdul Aziz Street,Olaya, Riyadh, SAUDI ARABIA"
Professional Advanced IT Solutions,Professional Advanced IT Solutions,+966566177655,https://www.paisgulf.com,info@paisgulf.com,,"RIYADH - DAMMAM STREET, RIYADH, SAUDI ARABIA"
PROFESSIONAL INFORMATION TECHNOLOGY PROITECH,PROFESSIONAL INFORMATION TECHNOLOGY PROITECH,+966507482857,https://www.proitech.net,info@proitech.net,"+966 12 664 4100, +966 50 748 2857","JAMJOOM COMMERCIAL CENTER LEVEL 5 OFFICE 33 GATE 6, JEDDAH, SAUDI ARABIA"
Professional IT Solution,PROFESSIONAL IT SOLUTION,+966568891545,https://Protec-sa.com,,"3333333333333, 6666666666667","3224 - AS SANABEL, JEDDAH, SAUDI ARABIA"
PROFESSIONAL PROGRAM,PROFESSIONAL PROGRAM,+966920003017,https://www.ppc.net.sa,info@ppc.net.sa,"+966 (12) 6612523, +966 920003017","0506656721 MOBILE, JEDDAH, SAUDI ARABIA"
PROFESSIONAL TOUCH FOR CYBERSECURITY,PROFESSIONAL TOUCH FOR CYBERSECURITY,+966112137090,https://www.p-touch.net,,00000026,"RIYADH, RIYADH, SAUDI ARABIA"
PROJECTS LINKS TRADING AND CONTRACTING COMPANY,PROJECTS LINKS TRADING AND CONTRACTING COMPANY,+966555854422,https://www.projectslinks.com,,"+966 13 847 8111, +966 13 845 8111, +966 11 206 5249","32221 KINGDOM OF SAUDI ARABIA, AD DAMMAM, SAUDI ARABIA"
Pulse information technology,Pulse information technology,+966559819942,https://www.pulseinfotech.sa,,"+966 55 981 9942, 966559819942, 58013135711, 999999999, 055 981 9942, 85714285714286, 00000057, 99999999","KING ABDULAZIZ ROAD, 9278, AL JUBAIL, SAUDI ARABIA"
PURE DATA,PURE DATA,+966112960234,https://www.puredat.com,info@puredat.com,0112960234,"RIYADH KING FAHAD ROAD, RIYADH, SAUDI ARABIA"
PURELIGHT TRADING EST,PURELIGHT TRADING EST,+966539291333,,,,"SAUD IBN ABDULAZIZ IBN MUHAMMAD BRANCH, 3038, RIYADH, SAUDI ARABIA"
Purity for Information Technology,PURITY FOR INFORMATION TECHNOLOGY COMPANY,+966503564670,https://www.purity.sa,info@purity.sa,+966 53 880 4044,"KING FAHAD ROAD, ANOUD TOWER, RIYADH, SAUDI ARABIA"
PURPLE ROCK SECURITY AND INFORMATION TECHNOLOGY EST,PURPLE ROCK SECURITY AND INFORMATION TECHNOLOGY EST,+966504330208,https://www.purplerockdubai.com/,,,"6700 JEDDAH, 23335-4050, JEDDAH, SAUDI ARABIA"
Qmam shar information systems technology company,Qmam shar information systems technology company,+966114010070,https://www.qmamsystem.com/,,,"AL-DABAB STREET AL-MURABBA' DISTRICT, RIYADH, SAUDI ARABIA"
Quality Networks ICT QNET,QNET,+966112886504,https://www.qnet-me.com,"info@qnet-me.com, jobs@qnet-me.com","31536000, +966112886504, 43664639","8775 PRINCE ABDULAZIZ IBN MUSAID IBN JALAWI ST AS SULIM, FLOOR 3, RIYADH, SAUDI ARABIA"
Quantum digital Trading,QUANTUM DIGITAL TRADING,+966509749718,https://www.qdsarabia.com,"info@qdsarabia.com, info@example.com","00245033, 63849 123, 521957458694, 9053-531414, 95193 110, 00636356, 01237 102, 23387 111, 24349220, 02915 123, +966-509749718, 00882138, 78222 101, 966-509749718","AL-MAAS TOWER, OFFICE NO 203 - AL OLAYA, KING FAHD ROAD , RIYADH- PO BOX 12214 - SAUDI ARABIA, RIYADH, SAUDI ARABIA"
RABIAH TECHNOLOGY,RABIAH TECHNOLOGY,+966554871990,https://www.rabiahtech.com/en,info@rabiahtech.com,"+966 11 419 7707, 249 250 251, 209 213 219, 12341-4441, 59 130 246, 255 255 255, 156 163 175, 243 244 246, 239 246 255","KING FAHAD ROAD WITH A AL AROBA, RIYADH, SAUDI ARABIA"
RADIANT INFORMATION TECHNOLOGIES COMPANY,RADIANT INFORMATION TECHNOLOGIES COMPANY,+966920007345,https://www.ritco.com.sa,"info@ritco.com.sa, support@ritco.com.sa","+966-920007345, 966-92 000 7345, 173946136, 132144 100, 92 000 7345, 1342177279","ALDREES BUILDING AL KATANI STREET AL MALAZ RIYADH, RIYADH, SAUDI ARABIA"
RAFAL FUTURE TRADING COMPANY,RAFAL FUTURE TRADING COMPANY,+966567161708,https://www.rafaltech.com,info@rafaltech.com,0581711610,"OLAYA STREET, RIYADH, SAUDI ARABIA"
RAMS AL HAMAYA FOR CYBER SECURITY,RAMS AL HAMAYA FOR CYBER SECURITY,+966541830592,https://rams-alhamaya.com/,info@rams-alhamaya.com,+966541830592,"44 IBN KATHEER STREET, RIYADH, SAUDI ARABIA"
RAPID PROGRAMMING ESTABLISHMENT,RAPID PROGRAMMING ESTABLISHMENT,+966544607603,https://WWW.RAPIDPROG.COM,,,"AL IMAM ABDULAZIZ ST, YASMINE BUSINESS BUILDING, JEDDAH, SAUDI ARABIA"
RAQMEYAT ALLIED FOR COMMUNICATION AND INFORMATION TECHNOLOGY,RAQMEYAT ALLIED FOR COMMUNICATION AND INFORMATION TECHNOLOGY,+966114554836,https://www.ritsol.com,,"966581040895, 25411293","AKAREYA PLAZA, ENTTRANCE D, OLAYA, RIYADH,SAUDI ARABIA, RIYADH, SAUDI ARABIA"
RAWABIT ASHABAKAT ALTAQNIA COMPANY,RAWABIT ASHABAKAT ALTAQNIA COMPANY,+966504142951,https://www.rawabitnetworks.com,info@rawabitnetworks.com,"8713732982, 56019638736732, 16423652, 715941921, +966 50 414 2951, +966 115 160 125","8647 BUILD NO, FLOOR 1, RIYADH, SAUDI ARABIA"
Rawafed Tech For Information Technology,Rawafed Tech For Information Technology,+966567685282,https://rawafedtech.net/,,"011237018, 847800781844","OFFICE 632, SECOND AQARIA, OLYA ST, OLAYA, RIYADH, SAUDI ARABIA, RAWAFEDTECH, RIYADH, SAUDI ARABIA"
RAYA TECHNOLOGY COMPANY LTD,RAYA TECHNOLOGY COMPANY LTD,+966112886500,https://www.raya-it.net,rayait_info@rayacorp.com,"4257108534, 99999999999, 394137880, 46159171","PRINCE MAMDOUH BEN ABDEL AZIZ ST, OLYIA SOLIMANIA, RIYADH PO BOX 62956, RIYADH, SAUDI ARABIA"
RAYAN TECHNOLOGY TRADING COMPANY,RAYAN TECHNOLOGY TRADING COMPANY,+966112770900,http://rt.com.sa,,,"IMAM SAUD ROAD NEAR EXIT-9, ISHBILIA AREA, RIYADH, SAUDI ARABIA"
Rayat Technology,RAYAT TECHNOLOGY COMPANY,+966114507756,http://www.rayattechnology.com,sales@rayat.com,+966 (11) 4507756,"IMAM SAUD BIN ABDULAZIZ BIN MOHAMMED ROAD, RIYADH, SAUDI ARABIA"
RELIABLE ACCURACY TRADING EST,RELIABLE ACCURACY TRADING EST,+966558393600,https://www.reliabix.com,info@reliabix.com,"311092264500003, 4030558135, 55 8393600, 00000026, 966-55 8393600","6371 RABIHAH IBN LOUHAIAAH AZ ZAHRA 4334 JEDDAH 23, JEDDAH, SAUDI ARABIA"
RESILIENCE COMPANY,RESILIENCE COMPANY,+966502282625,https://Resilience.sa,,"117732297, +966-503289449, 7-1305687497, 7-2393744539","8842 ZAYID BIN SABAIH RD RIYADH 133333 SAUDI ARABI, RIYADH, SAUDI ARABIA"
REZAYAT IT AND COMMUNICATION COMPANY,REZAYAT IT AND COMMUNICATION COMPANY,+966136636000,https://www.ritcco.com,info@ritcco.com,"05-07-141421, +966 13 6636000","SALAHUDDIN AL-AYOUBI STREET, AL KHUBAR, SAUDI ARABIA"
ROCKWELL AUTOMATION,ROCKWELL AUTOMATION,+966138335742,https://www.Rockwellautomation.com,,"2147483625, 66666667, 999999999, 535886823, 1284661142, 17187677, 12345-6789, 989804926, 6666666667, 404449518, 2147483646, 20100101, 01000-000, 3333333333, 2147483645, 33333333, 2147483647, 770056 100, 2147483635","KING KHALED STREET, DAMMAM, SAUDI ARABIA"
ROOA AL HASEB FOR TRADING,ROOA AL HASEB FOR TRADING,+966563001734,https://www.rooagroup.com,,,"OLAYA TOWER - FLOOR 29 TOWER B, RIYADH, SAUDI ARABIA"
ROOT TECHNOLOGY COMPANY,ROOT TECHNOLOGY COMPANY,+966567901673,https://WWW.ROOT-TECH.SA,sales@root-tech.sa,+966 55 292 5069,"SAUDI ARABIA RIYADH OLYA PRINCE MOHAMMED BIN ABDUL STREET, RIYADH, SAUDI ARABIA"
Rukn Asasat AlAAmal AlArabiyya Company (Raaco),Rukn Asasat AlAAmal AlArabiyya Company (Raaco),507849865,,,,"ALOLAYA ROAD, RIYADH, SAUDI ARABIA"
RUYA FOR TELECOMMUNICATIONS AND INFORMATION TECHNOLOGY,RUYA FOR TELECOMMUNICATIONS AND INFORMATION TECHNOLOGY,+966501666803,https://www.ruya.tech,,,"7748 IBN UMM QASIM AL WOROUD DIST, RIYADH, SAUDI ARABIA"
SABA TECHNOLOGY,SABA TECHNOLOGY,+966595443023,https://www.saba-tech.com,info@saba-tech.com,"31536000, +966 59 544 3023, 45019829, 00000000","SAID IBN ZAYD RD, QURTUBAH, RIYADH 13247, RIYADH, SAUDI ARABIA"
Saeed Computer est,SAEED COMPUTER EST,+966133633858,https://www.scomsys.com,sales@scomsys.com,"+966 3 8896709, +966 3 8986937, 054552709, +966 3 36335858","PRINCE MASHOOR STREET, AL JUBAIL, SAUDI ARABIA"
Sahara Net,SAHARA NETWORK,0096613832299,http://www.sahara.com,"marketing@sahara.com, jubail@sahara.com, Example@gmail.com, jeddah@sahara.com, riyadh@sahara.com, sales@sahara.com, yanbu@sahara.com","28571428, 999999999, 8003040304, 0 0 448 512, 111) 111-111, 22222222, 8003043043, 66666666666667, 99999999","EAST DAMMAM EAST, AD DAMMAM, SAUDI ARABIA"
SAHEM ELECTRONIC MARKETING COMPANY,SAHEM ELECTRONIC MARKETING COMPANY,+966548630015,https://www.sahemksa.com,info@sahemksa.com,"+966565933034, +966 565 933 034, 02010100, 10664236","AL-GHAYTH STREET - JEDDAH, JEDDAH, SAUDI ARABIA"
SALAM GROUP INFORMATION TECHNOLOGY,SALAM GROUP INFORMATION TECHNOLOGY,+966566899378,https://www.salaminternational.com,,45040379804,"12363 RIYADH KINGDOM OF SAUDI ARABIA, BUILDING NO8424, RIYADH, SAUDI ARABIA"
SamaWave Solutions,SAMAWAVE SOLUTIONS,+966126615705,https://www.samawave.com,"8eb368c655b84e029ed79ad7a5c1718e@sentry.wixpress.com, 2062d0a4929b45348643784b5cb39c36@sentry.wixpress.com, info@samawave.com","724329497122, 8-0531-426, 1499945113872, 77122551085, 2545352419, 9013671875, 9499998092651, 27757599, 599999999999998, 9900000095367, 826687853295, 480 0-480-162, 963040569, 315101237321335, 9-8085-415, 82932603, 82231899, 480 162-960 162, 84-4199-887, 908779639, 96342667, 574285803, 7 1920 173, 521484375, 9392-5604-1148, 245-4585-891, 25507953, 911902025994, 83333333333334, 8066429373313, 1034532967206, 7-8242323, 146305-5366, 264752614, 4391-9337-6702, 166666666666664, 19-508114831, 74290729, 61588541666666, 53150414429, 700-8487-6366, 547499418, 83333333333333, 35384114583333, 7-127636169234, 83373738, 8-4942-9787, 29178430, 685734730, 414126027039, 60441845, 416666666666668, 15413249, 2147483648, 71-525908938, 71200017, +966 126615705, 076-4753-8303, 33456921, 2147483647, 26790905, 027 100 281, 19009198, 27354854632, 18717900, 635-8505-3391-9791, 56234440, 0-1475-2487, 701718403110, 7-2112895, 74285072, 07549478-529, 50-3002-4882, 45348643784, 8-2311-451, 65927394, 0 100 1920 200, 14409595, 76359954, 26109-514, 64569305620446, 333333333333336, 4-8099-1258637, 4460284-0684, 439916890, 9009009009","2178 JABAL ABU MUGHIR AL-SAFA JEDDAH 23451, JEDDAH, SAUDI ARABIA"
Samir Trading & Marketing - CJSC,Samir Trading & Marketing - CJSC,+966126828219,https://www.samirgroup.com,,"30000000, +966 12 682 8219, +966 12 683 0820, +966 17 231 6894, +966 13 894 8162, +966 17 231 6849, +966 13 894 2674, +966 11 464 5064, +966 11 465 7921","P.O. Box 599, Jeddah, 21421, Saudi Arabia, PO BOX 5519, Jeddah, SAUDI ARABIA"
SAMTIA INC,SAMTIA INC,+966540541315,,,,"RIYADH OLAYA MAIN ROAD , LG BUILDING, RIYADH, SAUDI ARABIA"
SAMURAI SYSTEMS-NEUSOL ME,SAMURAI SYSTEMS-NEUSOL ME,+966558583578,https://www.neusol-me.com,,,"RIYADH, RIYADH, SAUDI ARABIA"
Sanadc IT Solutions,Sanadc IT Solutions,+966566444716,https://www.sanadc.com,info@sanadc.com,"59 625 4661, 31536000","RIYADH ANAS BIN MALIK STREET, RIYADH, SAUDI ARABIA"
Sand Arabia for Communications & Information Tehnology,Sand Arabia PLLC for Communications & IT,+966138890128,https://www.sandarabia.com,sales@sandarabia.com,13-889-0128,"Suite 302 , Al Reziza Building, Prince Mansour Street Cross A, AL KHUBAR, SAUDI ARABIA"
SAQOOR AL ROYAH TRADING EST,SAQOOR AL ROYAH TRADING EST,+966126199987,https://www.saqoor.com,astigma@astigmatic.com,"333333333333332, 666666666666664, 33333333333334, 66666666666666","KHALID BN WALEED STREET, JEDDAH, SAUDI ARABIA"
SAT MICROSYSTEMS,SAT MICROSYSTEMS SAUDI FOR COMMUNICATIONS AND INFORMATION TECHNO,+966590491974,https://www.satmz.com,,"+966) 59049197, 1-900-322-8422, 45973029, 59 049 1974, 00000026, 1-800-356-8933, 3816905652, 31536000","213 AL AQSA BUSINESS PARK PRINCE MITEB ST JEDDAH, 5, JEDDAH, SAUDI ARABIA"
SATURN SOLUTIONS,SATURN SOLUTIONS,+966532025666,https://www.capitalksa.com,micah@micahrich.com,0336997031,"SAEED IBN ZAID, AD DAMMAM, SAUDI ARABIA"
SAUDI BENYA FOR VALUE ADDED SERVICES,SAUDI BENYA FOR VALUE ADDED SERVICES,+966556009799,https://benya.com.sa,info@benya.com.sa,,"KING ABDULLAH ROAD - KING FAISAL DISTRICT, RIYADH, SAUDI ARABIA"
SAUDI BUSINESS MACHINES,SAUDI BUSINESS MACHINES LTD,+966118133333,https://WWW.SBM.COM.SA,,"7777777778, 123585390, 999999999, 10817298572, 3333333333, 6666666667","BUILDING #KB-05 ITCC, TURKI BIN ABDULAZIZ AL AWWAL ROAD AL NAKHIL, RIYADH, SAUDI ARABIA"
Saudi Co. for Controls & Maintenance Ltd.,SAUDI COMPANY FOR CONTROLS & MAINTENANCE LTD,+966114803338,https://www.saudicontrols.com,info@saudicontrols.com,+966 (11) 480 3338,"MAKKAHALMUKARRAMAHBRANCHRD, RIYADH, RIYADH, SAUDI ARABIA"
Saudi Emircom Company,Saudi Emircom Company,+966114629250,https://www.emircom.com,enquiry@emircom.com,"+971 4 3263236, 10607172, 53637772, +971 4 5094400, +966 11 2655300, +971 2 6455288, +971 4 5094433, +971 4 3263231, +971 2 6934300","BUILDING NO 386 AL OROUBA ROAD, AL OLAYA DISTRICT 1234, RIYADH, SAUDI ARABIA"
SAUDI IMMERSIVE TECHNOLOGY,SAUDI IMMERSIVE TECHNOLOGY,+966565156791,https://www.sitsolutions.com.sa,,,"7880 MUHAMMAD AL AQBANI STREET AS SULIMANIYAH, RIYADH, SAUDI ARABIA"
Saudi Information Systems,SAUDI INFORMATION SYSTEMS - SIS,+966595382824,https://www.sisgbl.com,,,"6904 UNIT 5 COMPU PLAZA KHALID IBN AL WALEED STREET, JEDDAH, SAUDI ARABIA"
SAUDI INTELLIGENT SOLUTIONS,SAUDI INTELLIGENT SOLUTIONS,+966118349800,https://www.sisglobal.net,HQ@sisglobal.net,"966538999839, 99999999","ALIA PLAZA, THUMAMA ROAD, AL RABIE DISTRICT, RIYADH, SAUDI ARABIA"
SAUDI MEDIA SYSTEMS,SAUDI MEDIA SYSTEMS,96614191939,http://www.smediasys.com/,info@smediasys.com,243999-211109,"AL-AKARIYAH II SUITE 724 OLAYA, RIYADH, SAUDI ARABIA"
Saudi Paramount Computer Systems (SPCS),Saudi Paramount Computer Systems (SPCS),+966114661410,https://www.spcs.com.sa/,info@spcs.com.sa,"+966114661410, 920031595","SULAYMANIYAH DISTRICT, ABDULLAH BIN RAWAHA STREET, RIYADH, SAUDI ARABIA, RIYADH, SAUDI ARABIA"
Saudi Projects & Supplies Co. SPS,SAUDI PROJECTS & SUPPLIES COMPANY SPS,+966920014515,http://www.spsc.com.sa/,sales.sps@aps.com.sa,920014515,"GULF CENTER MADINAH ROAD, JEDDAH, SAUDI ARABIA"
Saudi Telecommunication Channels Company Limited,SAUDI TELECOM COMPANY,+966114949800,https://www.channels.com.sa/final-home/?lang=en,,,"8 KINGDOM OF SAUDI ARABIA, RIYADH, SAUDI ARABIA"
SAUDINETLINK,SAUDINETLINK,+966555220624,https://www.saudinetlink.com,,,"POBOX 221050 RIYADH 11311, KINGDOM OF SAUDI ARABIA, RIYADH, SAUDI ARABIA"
SCHNIDER ELECTRIC SYSTEMS SA CO.,SCHNIDER ELECTRIC SYSTEMS SA COMPANY,+96638135646,https://www.se.com,,"30000000, 195508194948, 82474075, 78515594, 431686182, 970591806, 998-24448800, 278003357, 20000000, 35210207, 66952440, 98914614, 31778532, 28294130480, 22303619, 48786702, 594956361, 837486037, 4839447485, 2812882180, 0041666687, 388360484945, 497104652, 998-25408850, 96983263, 191501284, 000268325, 998-25187850, 1171442301-1080, 62543823, 02484542, 13892047, 1312247362, 998-23832310, 48556336, 43545479024, 265295055, 747499557198, 27442923, 47589023, 06713392, 48-5190-4324, 9058246570, 295247087, 96726511, 55890020, 790795946, 79291814, 998-25473100, 62804304, 37870456, 162242064, 207932103, 90649228, 44834162, 830352441, 23941359, 998-24429651, 81246358226, 1348835967, 01413425, 16647460, 2147483647, 9902700403, 75884305, 029611640, 3418854612, 231194133946, 998-24737200, 87606743, 7283554818, 79969670, 1206641746, 92434002958","34 DHAHRAN TECHNO VALLEY AZ ZA, AL KHUBAR, SAUDI ARABIA"
SECHPOINT COMPANY,SECHPOINT COMPANY,+966532909440,https://sechpoint.com/,"Info@sechpoint.com, sales@sechpoint.com","+971 50 582 0270, 49999999999997, +971 4 546 8560","3853 ZAYADAH AL QURTABI AL MALAZ DIST, RIYADH, SAUDI ARABIA"
Secure Concept,SECURE CONCEPT,+966126916682,https://www.secureconcept.net,,"+966-12 6985102, 111823035, +971-04-8870045, +966-1269-8510, +971 488 700","JEDDAH MADINA ROAD AL FISALIAH 2 AL KHORAYEF CENTE, JEDDAH, SAUDI ARABIA"
SECURE TRACK INFORMATION TECHNOLOGY,SECURE TRACK INFORMATION TECHNOLOGY,+966546694488,https://www.securetrack.sa,"sales@ad-preview.in, sales@securetrack.sa","+971 4 232 6222, +966 54 669 4488, +971 4 2326222, +966 54 495 5939","17 MADEENA MUNAWARA ROAD FAISALIYA EXIT, RIYADH, SAUDI ARABIA"
SECURETECH COMPANY,SECURETECH COMPANY,+966114899632,https://www.securetech-sa.co,,"09225890, 93487828","AL IMAM SAUD IBN FAYSAL ROAD, RIYADH, SAUDI ARABIA"
SECURITY INTELLIGENCE COMPANY,SECURITY INTELLIGENCE COMPANY,+966536789997,,,,"SAUDI ARABIA RIYADH ALSAHAFA DIST 13321 - 8631 BUI, RIYADH, SAUDI ARABIA"
Security Matterz,SECURITY MATTERZ,+966114648801,https://www.securitymatterz.com,,"901347462, 651618207, 1310225428, 4506730518, 2264125279, 3020080000, 1268368563, 463499852, 4109123758","UTHMAN BIN AFFAN ROAD, RIYADH, SAUDI ARABIA"
SECURITYPACT FOR CYBERSECURITY,SECURITYPACT FOR CYBERSECURITY,+966535405691,https://www.securitypact.net,info@securitypact.net,"99999999, 73401928, 966535405691, 58299579, 249 249 249, +966 53 540 5691, 050708 100, 021-32803214, +971 4 442 9622, 05070890, 021-34386102, 52428800","RIYADH, SEDRA DISTRICT, KING KHALID AIRPORT, 13413, RIYADH, SAUDI ARABIA"
SECUTRONIC,SECUTRONIC,+966126062276,https://www.secutronic.com.sa,info@secutronic.com.sa,"+966 13 893 3073, +971 4 333 5992, +966 12 606 2276, +966 11 463 0092","ALSHATIE DISTRICT KING ABDULAZIZ ROAD, JEDDAH, SAUDI ARABIA"
SEDER GROUP FOR TRADING AND CONTRACTING COMPANY LTD,SEDER GROUP TECHNICAL BUILDING SERVICES,+966546919764,https://www.seder.sa,info@seder.sa,011 460 6666,"SALMAN AL FARSI ROAD, SEDER VILLAGE COMPOUND, SEDER TBS OFFICE, RIYADH, SAUDI ARABIA"
SEJEL TECHNOLOGY COMPANY LTD,SEJEL TECHNOLOGY COMPANY LTD,+966126064970,https://www.sejeltech.com,info@sejeltech.com,"126064970, +966126064970, 1000000000, 100054644250920","BEAUTAT BUSINESS PARK, VILLA NO 32, JEDDAH, SAUDI ARABIA"
SEOUL ARABIA TRADING,SEOUL ARABIA TRADING,+966582650990,,,,"OLAYA ALTAKHASSOUSI, SEOUL ARABIA, RIYADH, SAUDI ARABIA"
SEVEN LAYERS INFORMATION TECHNOLOGY,SEVEN LAYERS INFORMATION TECHNOLOGY,2165775,https://www.7-layers.com,info@7-layers.com,+966 11 2165775,"OLAYA, RIYADH, SAUDI ARABIA"
SHABAKA TICK,SHABAKA TICK,+966500052889,https://shabakatech.com.sa,,"189264116310, 1096932182820","QARAN 2ND INDUSTRIAL CITY, RIYADH, SAUDI ARABIA"
SHABAKAH NET,RIYADH HQ,96615204830,,,,"ANDALUS COMPLEX OLAYA MAIN STREET, Unit 8, 4th floor, RIYADH, SAUDI ARABIA"
SHABAKAT AL ASEMA ALRAQMIYA COMPANY FOR IT,SHABAKAT AL ASEMA ALRAQMIYA COMPANY FOR IT,+966595180204,,,,"RIYADH - MIDDLE ORAIJA DIST - HAQL - 2667 - 12973, RIYADH, SAUDI ARABIA"
SHM ALBRAQ,SHM ALBRAQ,+966565928896,https://www.shmalbraq.com/,info@shmalbraq.com,"0546692910, 0540771805, +966 540 771 805","KING FAHD RD AL MAHRAJAN - 4129 - TABUK - 47912 -, TABUK, SAUDI ARABIA"
SHOUAA AL-ABDAA AL-ALMIH FOR MAINTENANCE,SHOUAA AL-ABDAA AL-ALMIH FOR MAINTENANCE,+966537791979,https://sceim-ksa.com/,support@sceim-ksa.com,"961-192 192-192, 309-128-128-128, 966537791979, 308 128 128 128, 961 192 192, 10398394, 309 128-128, 308-128 128, 467 448 256 448, 962-192-192","KHALDIA TOWER, RIYADH 12632, RIYADH, SAUDI ARABIA"
Sigma IT (KSA),SIGMA IT KSA,+966112150100,http://www.sigma-it.net/,"careers@sigma-it.net, info@sigma-it.net",,"Olaya Street, Ryiadh, SAUDI ARABIA"
Signals control co.,SIGNALS CONTROL COMPANY,+966126588422,https://www.signalscontrol.com/,info@signalscontrol.com,238714714,"ALANDLUS TOWER-405 JEDDAH-KSA, JEDDAH/KSA, JEDDAH, SAUDI ARABIA"
Silkroad Business Solutions Company,Silkroad Business Solutions Company,+966569777721,https://www.sbsc-sa.com,info@sbsc-sa.com,+966 53 0357111,"KING FAHAD BRANCH ROAD, AN NAMUDHAJIYAH, RIYADH, RIYADH, SAUDI ARABIA"
SILVER SPEAR TRADING COMPANY,SILVER SPEAR TRADING COMPANY,+966566737927,http://kernel-technology.com/,salesteam@kernel-technology.com,"13 822 1994, +966 13 822 1994","QATIF , SAUDI, AL QATIF, SAUDI ARABIA"
SIMPLE SOLUTIONS TRADING INDUSTRIAL SERVICES AND MAINTENANCE COMPANY,SIMPLE SOLUTIONS TRADING INDUSTRIAL SERVICES AND MAINTENANCE COMPANY,+966503912706,https://www.sst-sa.com,"8c4075d5481d476e945486754f783364@sentry.io, baf30a2b91654c5a840931f0137bed30@sentry.wixpress.com, 2062d0a4929b45348643784b5cb39c36@sentry.wixpress.com, 8eb368c655b84e029ed79ad7a5c1718e@sentry.wixpress.com, 460ff4620fa44cba8df530afde949785@sentry.wixpress.com, 0e6a29e4756740a8a63493e912ba2174@sentry.wixpress.com, 9a65e97ebe8141fca0c4fd686f70996b@sentry.wixpress.com, 271e9fa3230b4eec94b02bf95780f5f2@sentry.wixpress.com, Sales@sst-sa.com, 54b4aac306184111a223c0f4aea635c3@sentry.wixpress.com, ed436f5053144538958ad06a5005e99a@sentry.wixpress.com","71-525908938, 038-8707-4994, 33456921, 26790905, 8-4942-9787, 5053144538958, 45785278, 635-8505-3391-9791, 71200017, 61270213, 61747158, 14666402, 306184111, 007960604, 4-9973-682, 3157653095, 00000080, 60441845, 8-2311-451, 166736718289, 14409595, 19009198, 25924-5664, 02496116, 9460-0814554, 15293875, 81877326595527, 769641412, 56234440, 439916890, +966 13 817 9196, 88-9288338191, 9-8085-415, 7-2112895, 07-2918-9924, 8-0531-426, 70715464, 03067600, 7-8242323, +966 13 831 1700, 14-216071924, 29178430, 86891932, 76359954, 1-9685588, 9392-5604-1148, 945486754, 3-5420-9568, 0-1475-2487, 27757599, 076-4753-8303, +966 547699688, 26109-514, 276-1246-058, 45348643784, 25507953, 700-8487-6366, 158-4692-8193, 40127106, 77771660, 10-8664-751366, 08087274, 2545352419, 8703-2224078303","20 STREET - CROSS 39TH STREET 2ND INDUSTRIAL CITY, AD DAMMAM, SAUDI ARABIA"
SINAM International IT Solutions,SINAM INTERNATIONAL IT SOLUTIONS,+966112053550,https://www.sinam-it.com,"info@website.com, info@sinam-it.com","319633512, 834913339, 1114981413, 33059481, 73222623, 431370756, 28804336, 2005175406, +966 11 205 3550","11494 KSA, RIYADH, SAUDI ARABIA"
SIRAR BY STC,SIRAR BY STC,+966551659784,https://www.sirar.com.sa,,,"UNIT NO 1 RIYADH 13413 ADDITIONAL NO 3720, RIYADH, SAUDI ARABIA"
SITE,SAUDI INFORMATION TECHNOLOGY COMPANY,+966118131100,,,,"142 RD01 ALRAIDAH DIGITAL CITY, RIYADH, SAUDI ARABIA"
Sky Information,SKY INFORMATION,+966114222184,https://www.skyinformations.com,info@skyinformations.com,"45851200, 45235585, 0 0 512 512, 966565606082, +966 11 422 2184, +966 56 560 6082, 31536000, 52460770, 515791353","Build No. 4169, Khalid Bin Junadah Street, Al Malaz District, RIYADH, SAUDI ARABIA"
SM Premium for Trading and marketing Co.,SM PREMIUM FOR TRADING AND MARKETING COMPANY,+966556604126,https://sm-hq.net,,"1364857867, 27607486, 1425447699, 2107467167, 859499188, 2078142078, 1209492957, 340167814, 1054350353, 51217596, 1408994525","3946 ASH SHAIKH ABDULLAH AL MAKHDUB AL WADI RIYADH, 1331, RIYADH, SAUDI ARABIA"
Smart Cloud,SMART CLOUD,+966562225529,https://www.smartcity.sa,,"34270090, 227782562, 347826087, 77143212, 0576171875, 00000057","BUILDING #3112, UNIT 6, KING ABDULLAH BRANCH RD., RIYADH, SAUDI ARABIA"
Smart Cloud Company for Information Technology,Smart Cloud Company for Information Technology,+966543332720,https://www.smartcloudinfo.com,info@smartcloudinfo.com,+918008343482,"PRINCE ABDUL AZIZ BIN MUSAID BIN JALAWI STREET, RIYADH, SAUDI ARABIA"
Smart Code Company,Smart Code Company,+966505958509,https://smartcode.com.sa,info@smartcode.com.sa,"1-9464325, 28571428, 22222222, 06060694, 66666666666667, 56-407-3381, 00000057","PRINCE SULTAN BIN ABDULAZIZ ROAD, AS SULAYMANIYAH, RIYADH 12232, RIYADH, SAUDI ARABIA"
SMART CODING SOLUTION COMPANY,SMART CODING SOLUTION COMPANY,+966500131494,https://www.scss-sa.com/,Sales@scss-sa.com,+966 0115623490,"RIYADH ALEZDIHAR, RIYADH, SAUDI ARABIA"
Smart Communication Systems,Smart Communication Systems,+966112697054,https://www.scs.me,,,"KINGDOM OF SAUDI ARABIA RIYADH AL OLAYA DIST2605 B, RIYADH, SAUDI ARABIA"
SMART DEVICES SUPPLIES COMPANY LTD,SMART DEVICES SUPPLIES COMPANY LTD,+966549999311,https://www.megatecharabia.com,info@megatecharabia.com,+966580681111,"QDESIGN AL OLAYA 4TH FLOOR AL FALEH CENTER AL, RIYADH, SAUDI ARABIA"
Smart Directions Group,Smart Directions Group,+966112255413,https://www.smart-directions.com/,info@smart-directions.com,"+966 11 225 5413, 99999999","AL IMAM SAUD IBN FAYSAL ROAD, RIYADH, SAUDI ARABIA"
Smart Elite For Trading,SMART ELITE FOR TRADING,+966505987272,https://selitesa.com,nhijazi@selitesa.com,+966 505987272,"TAKASOSI ST, HIJAZI BUILDING, RIYADH, RIYADH, SAUDI ARABIA"
Smart IT Co.,Smart IT Co.,+966504464258,https://www.smartit-ksa.com,Info@smartit-ksa.com,"+966581410510, 638317965","PRINCE SOUD IBN ABDULLOH IBN JALOWI, RIYADH, SAUDI ARABIA"
SMART NETWORKS,SMART NETWORKS,,https://www.snw.net.sa,info@snw.net.sa,0580372213,"RAWDAH DIST - ABI ALDARDA ST, RIYADH, SAUDI ARABIA"
Smart Of Things Est.,Smart Of Things Est.,+966537055033,https://www.sot.com.sa,"sales@sot.com.sa, info@sot.com.sa","47029750264, +966 57 019 3833, +966 54 992 4779, 945306834, 920034599, +966 920034599","26 SHOWROOM, RIYADH, SAUDI ARABIA"
Smart Solutions for Info Sys Tech company ( SSIS ),Smart Solutions for Info Sys Tech company ( SSIS ),+966114117439,https://ssis.sa/,Info@ssis.sa,"31536000, +966)11270766","3939 AL HADHRAH, GHIRNATAH BUILDING, 1ST FLOOR OFFICE 116, RIYADH, SAUDI ARABIA"
Smart System middle east,Smart System middle east,+966567777128,,,,"8125 AL-RIYADH 12623-4409, RIYADH, SAUDI ARABIA"
SMART TECHNOLOGY MIDDLE EAST,STME SYSTEM TECHNOLOGIES MIDDLE EAST COMPANY,+966112938884,https://www.stme.com,supportline@stme.com,800 246 0006,"207 FAHDAH CENTER, FLOOR 2, RIYADH, SAUDI ARABIA"
Smart Venture,SMART VENTURE,+966112912819,https://www.sventure.co,,"+966 (011) 291 2819, 966534892417","2446 AL MALAZ DIST, FLOOR 2, RIYADH, SAUDI ARABIA"
Smart Wave Tech,SMART WAVE TECH,+966118109435,https://www.swtme.com,,,"3334 UMAR IBN ABDUL AZIZ RD - AL ZAHRA DIST, RIYADH, SAUDI ARABIA"
Smart ways for Communications and Information Technology,SMART WAYS FOR COMMUNICATIONS AND INFORMATION TECHNOLOGY,+966546921123,,,,"AL MALAZ DIST ARAFAT STREET, BUILDING 2446, RIYADH, SAUDI ARABIA"
SMARTCODETRADING,SMART CODE TRADING,+966562961250,https://www.smartcode-t.com,info@smartcode-t.com,"+966-562-961250, 00000026","GULF BUSINESS COMPLEX, RIYADH OLAYA, SAUDI ARBIA, RIYADH, SAUDI ARABIA"
SMARTKNIGHTS,SMARTKNIGHTS,+966560781768,https://smartknights.com/,info@smartknights.com,"+966 560 781 768, 03-25-175745, 03-25-175658, 966560781768, 03-25-175718","15 UNIT NO, JEDDAH, SAUDI ARABIA"
SNC Information and Communications Technology (SNC ICT),SNC Information and Communications Technology (SNC ICT),96614791414,https://www.sncict.com,,10934899,"PO BOX 25179, RIYADH, SAUDI ARABIA"
SOFTWORLD INTERNATIONAL COMPANY,SOFTWORLD INTERNATIONAL COMPANY,+966535116682,https://www.softworld.com.sa/,sales@softworld.com.sa,"+966 53 511 6682, +966535116682","8386 BANI DHAFIR DIST, MEDINA, SAUDI ARABIA"
SOLTEK IT LTD COMPANY,SOLTEK IT LTD COMPANY,+966534726296,https://soltekme.com/,info@soltekme.com,"+962796299447, +966596299447, +966 5 962 9944, +962 7 9629 9447","KING SAUD UNIVERSITY DISTRICT PRINCE TURKI IBN ABD, RIYADH, SAUDI ARABIA"
solutions by stc,solutions by stc,+966115251000,https://www.solutions.com.sa,,"4230769231, 7272727273, 66666667, 24121502, 8666666667, 8933333333, 2142857143, 9444444444, 8888888889, 2857142857, 8928571429, 0630630631, 2307692308, 3076923077, 0285714286, 4615384615, 28571429, 9285714286, 8181818182, 6666666667, 2147483646, 2195121951, 3333333333, 2147483645, 4545454545, 5714285714, 4285714286, 0909090909, 9166666667, 2147483647, 1428571429, 2222222222, 2666666667, 31536000, 173958728, 4444444444","3RD FLOOR AKKARIA PLAZA, RIYADH, SAUDI ARABIA"
SOLUTIONS CREATORS FOR COMM AND IT EST SCCI,SOLUTIONS CREATORS FOR COMM AND IT EST SCCI,+966565454000,https://www.scci.com.sa,info@scci.com.sa,+966 13 8080 119,"C4HP7Q3 KING FAISAL IBN ABD AL AZIZ AL KHALIDIYAH ASH SHAM, 32232, AD DAMMAM, SAUDI ARABIA"
SPECIALIZED ENTERPRISE SYSTEMS SES,SPECIALIZED ENTERPRISE SYSTEMS SES,+966112929600,http://www.sesystems.com.sa,support@sesystems.com.sa,"+966 (11) 254-2000, +966 11 254 2010, 00000026, 00000099, +966 11-254-2010","PO BOX 9903, RIYADH, SAUDI ARABIA"
SPECIALTY EXPERTS COMPANY,SPECIALTY EXPERTS COMPANY,+966530646148,https://www.seitcs.com,info@seitcs.com,"31536000, 100000000, +966500041286","3321 PRINCE MAMDOUH BIN ABDULAZIZ 7311 AS SULAYMAN, RIYADH, SAUDI ARABIA"
SPECTECH,SPECTECH,+966548952948,https://spectech.net.sa,,41226989,"IMAM SAUD BRANCH ROAD, BUILDING M7, RIYADH, SAUDI ARABIA"
SPL DIGITAL SERVICES COMPANY,SPL DIGITAL SERVICES COMPANY,+966581004161,https://www.infinitepl.com/,info@infinitepl.com,,"8100 RIHANA BINT ZAID ST AL AARID RIYADH, 13337, RIYADH, SAUDI ARABIA"
SRACO COMMUNICATIONS AND INFORMATION TECHNOLOGY,SRACO COMMUNICATIONS AND INFORMATION TECHNOLOGY,+966545378793,https://srg.com.sa/en/category/information-and-communications-technology-sector,info@srg.com.sa,"189838150, +966 13 843 3441, +966 13 843 3454","OTHMAN IBN AFFAN STREET, DAMMAM, SAUDI ARABIA, AD DAMMAM, SAUDI ARABIA"
Srouh United Company for Training,SROUH MODERN TECHNOLOGYIES CONTRACTING COMPANY,+966540371861,,,,"SROUH, SROUH, RIYADH, SAUDI ARABIA"
Star Networks Communication for Information Technology,STAR NETWORKS COMMUNICATION FOR INFORMATION TECHNOLOGY,+966567054154,https://www.starnetworks-sa.com/,sales@starnetworks-sa.com,+966-5000000000,"PRINCE ABDUL MAJEED BUILDING ASH SHERA DISCTRICT -, JEDDAH, SAUDI ARABIA"
STES,STES,+966126527542,https://stes.sa/,info@stes.sa,"+966(12)827 8832, +966(12)652 7542, +966(12)7654465, 95720602","KING ABDULLAH ROAD, 22231-3427, JEDDAH, SAUDI ARABIA"
Summit for information technology,Summit for information technology,+966544499250,https://www.summit-mea.com,Info@summit-mea.com,"901347462, 716-0881084, 651618207, 9139684998, 154874070, 1310225428, 9527175-150, 2264125279, 3020080000, 1268368563, 84358228, 9527175-300, 463499852, 4109123758","AL THUMAMAH ROAD, RIYADH, SAUDI ARABIA"
SUMO ALTAWASOL TECH CO,SUMO ALTAWASOL TECH CO,+966566173727,https://www.tawasoltech.com,info@tawasoltech.com,,"OFFICE 5, JEDDAH, SAUDI ARABIA"
Sumou Al Maarifa Trading Est,SUMOU AL MAARIFA TRADING EST,+966500066837,http://www.sumou-sa.com/,Sales@sumou-sa.com,+966-55-082-8544,"23353 AMIR SULTAN ST JEDDAH SAUDI ARABIA, JEDDAH, SAUDI ARABIA"
SUNDRY IT SOLUTIONS,SUNDRY IT SOLUTIONS,+966501979329,https://www.sundryitsolutions.com,Info@sales.sundryitsolutions.com,"2147483000, 2147482999, 999999999, 2147483001, 100094928730026, +966 552417156, 7070372474, 10781228441, 99999999","KING FAISAL STREET, MURABBA DISTRICT, RIYADH, SAUDI ARABIA"
SUNLIT HORIZON ARKS SHARKS,SUNLIT HORIZON ARKS SHARKS,+966138222567,https://www.sharks.sa,info@sharks.sa,"+966 56 220 1297, 46476226, 966562201297, +966 532874347, +966 532 874 347, 43379692, 02010100, 624537725033971, 44559999, 14077158, 68363048, +966 138222567, 02010152, 99999999, 42852043043686","32411 DAMMAM, FLOOR 2, AD DAMMAM, SAUDI ARABIA"
Supply Channels,SUPPLY CHANNELS,+966112295126,https://www.supplych.com,,,"ALMURSALAT KING ABDULLAH ROAD, POBox 93034, RIYADH, SAUDI ARABIA"
SUPPORTLINES,SUPPORTLINES,+966507814137,https://www.supportlines.net/en,info@supportlines.net,"+966 13 8344 134, 32241-8529, +966-13-8344134","PO BOX 5529-KING SAUD ST DAMMAM 32241-8529 AL KHUN, AD DAMMAM, SAUDI ARABIA"
Supreme Systems,SUPREME SYSTEMS,+966112109672,http://supreme.sa/,,,"G FLOOR MAZROOK BUILDING, RIYADH, SAUDI ARABIA"
SUPREME TECHNOLOGIES & SOLUTIONS COMPANY LLC,SUPREME TECHNOLOGIES & SOLUTIONS COMPANY LLC,+966536725765,https://www.sts.com.sa,info@sts.com.sa,+966 54 120 7879,"3860 PRINCE MUHAMMED BIN ABDUL AZIZ BR ROAD, JEDDAH, SAUDI ARABIA"
SURE,SURE INTERNATIONAL TECHNOLOGY,+966112050043,https://sure.com.sa,,"+966 11 2050043, 151171438","OLAYA STREET, RIYADH, SAUDI ARABIA"
SUSTAINABLE SMART CITES,SUSTAINABLE SMART CITES,+966530941060,https://www.sctechn.com/,,"537895 100, 239843672, 09819 100, 596164 100, 321575 100, 304352 100, 330867 100","AL RIYADH CITY AL MALQA DIST ANAS BIN MALIK ROAD A, RIYADH, SAUDI ARABIA"
SYCOMP TECHNOLOGIES SAUDI ARABIA PRIVATE LTD,SYCOMP TECHNOLOGIES SAUDI ARABIA PRIVATE LTD,+966585906557,https://www.sycomp.com,,"100000000, 80808066, 16777271, 999999999, 00000080, 00000013, 00000073, 00000026, 80808080, 99999999","IMAM SAUD BIN ABDUL AZIZ BIN MOHAMMED ROAD, RIYADH, RIYADH, SAUDI ARABIA"
SYNAPTIC TECHNOLOGIES,SYNAPTIC TECHNOLOGIES,+966561789484,https://www.synaptic.com.jo,info@synaptic.com.jo,"666666666666668, +962)65528700, 66666666666667, 333333333333336","3074 PRINCE MOHAMMAD BIN ABDULAZIZ, RIYADH, SAUDI ARABIA"
Synoptic Information Holding Company,Synoptic Information Holding Company,+966920006299,https://synoptic.com.sa/,,"4899971268667, 179392864","Al Mursalat Center, First Floor, Office Number 9, Riyadh, SAUDI ARABIA"
SYSTEM CENTER INFORMATION TECHNOLOGY,SYSTEM CENTER INFORMATION TECHNOLOGY,+966112474070,https://www.centresystemsgroup.net,admincs@centresystems.net,"+971 55 576 9772, 00971-55416880, +971-504707250, 2147483647","108 1ST FLOOR, RIYADH, SAUDI ARABIA"
SYSTEM SECURITY SOLUTIONS COMPANY,SYSTEM SECURITY SOLUTIONS COMPANY,+966138896664,https://www.3s.sa,"sales@3s.sa, info@3s.sa","+966 13 899 8896, +966 13 889 6664, 389816036","Prince Turkey Street, Jarir Bookstore, Al-Khobar, SAUDI ARABIA"
Systems Builders Company For Communication information Technology,Systems Builders Company For Communication information Technology,+966599693686,https://www.itbuilders.com.sa,,"+10190-1019, +10140-1018, 08787924","OFFICE NO 302 , 3RD F, AL UMMAM COMMERCIAL CENTER SITEEN ST , MALAZ , RIYADH 12623, RIYADH, SAUDI ARABIA"
SYSTEMS ENGINEERING OF EGYPT BRANCH,SEE KSA,+966566970286,https://www.seegypt.com,"info@seegypt.com, marketing@seegypt.com","74493514510, 666666666667, 251682460, 485296659837467, 0739457865, 5527387037, 333333333333, 2 2292 1100","SAUD IBN FAISAL BRANCH, 7775, RIYADH, SAUDI ARABIA"
Systems Front Information Technology,SYSTEMS FRONT INFORMATION TECHNOLOGY,+966122901234,https://www.asf-it.com,info@asf-it.com,999999999,"PRINCE MUTAIB BIN ABDULAZIZ STREET, JEDDAH, SAUDI ARABIA"
Taeen Al-Haseb for Trading Est - Compuset,Taeen Al-Haseb for Trading Est - Compuset,+966122831043,https://www.compuset.com,,,"GULF PLAZA 2ND FLOOR - 206, JEDDAH, SAUDI ARABIA"
Tahwool,TAHWOOL FOR information tech,+966580535353,https://tahwool.com/,info@tahwool.com,"31536000, 00966580535353, +966580535353","8302 Othman Bin Affan - Al Nada Dist, Riyadh, SAUDI ARABIA"
Talent Arabia Wired and Wireless,TALENT ARABIA WIRED AND WIRELESS,+966500101728,https://www.ceenexglobal.com,"Info@ceenex.com, 8eb368c655b84e029ed79ad7a5c1718e@sentry.wixpress.com","635-8505-3391-9791, +1-855-245-9989, 099765145628965, 9392-5604-1148, 29178430, 56234440, 2545352419, 25507953, 7-2112895, 60441845, 27757599, 633261861641328, 71200017, 076-4753-8303, 14409595, 82231899, 33456921, 26790905, 74290729, 53150414429, 700-8487-6366","RIYADH, RIYADH, SAUDI ARABIA"
Tamkeen Systems,TAMKEEN SYSTEMS,0540470700,https://www.tamkeen-itc.com,info@tamkeen-itc.com,"5008567116, +966 5457 9004, +966 (5) 4579-0040","ANAS BIN MALIK RD, RIYADH, SAUDI ARABIA"
TAMKEEN TECHNOLOGIES,TAMKEEN TECHNOLOGIES COMPANY,+966114407700,https://www.tamkeentech.sa,,"86-4782-953, 2147483647","AKARIYA PLAZA - 2ND FLOOR, OLAYA STREET, RIYADH 12244, RIYADH, SAUDI ARABIA"
TAMSTAR TRADING EST,TAMSTAR TRADING EST,+966501374790,https://www.tamstar.com.sa,"info@tamstar.com.sa, vignesh@tamstar.com.sa","0 0 100 100, 23742591, +966 13 857 5514","6TH STREET, 8287, AD DAMMAM, SAUDI ARABIA"
TAQEM AL AMAL AL TAJARIA CHARKA MASSAHMA SAOUDIA MAQFILA,TAQEM AL AMAL AL TAJARIA CHARKA MASSAHMA SAOUDIA MAQFILA,+966570588845,https://www.testcrew.com,,"66662597656, 250141143799, 66668701172, 666625976562, 00000000, 99999999","7022 QANAT AL SUWAIS AL AQIQ RIYADH, RIYADH, SAUDI ARABIA"
TAQNIAONE FOR INFORMATION TECHNOLOGY,TAQNIAONE FOR INFORMATION TECHNOLOGY,+966558064165,https://www.taqniaone.com/,info@taqniaone.com,"1010792783, +966550827290","ABDULLAH IBN AL AAS STREET, RIYADH, SAUDI ARABIA"
taqniyat,Taqniyat,+966114616141,https://www.taqniyat.com.sa,info@taqniyat.com.sa,"7142857143, 8888888889, 8571428571, 2222222222, 4444444444, 6363636364, 11 461 6141, 2857142857, 3333333333, 7272727273, 9090909091, 7777777778, 4285714286, 8181818182, 0909090909, 1428571429, 2727272727, 5714285714, 4545454545, 6666666667, 3636363636, 5454545455, 5555555556, 1111111111","Suleimaniah, Dabab Street, Riyadh, SAUDI ARABIA"
TARABUT SOLUTIONS,TARABUT SOLUTIONS,+966554545017,http://inara-solutions.com/,info@inara-solutions.com,10542148,"RIYADH, RIYADH, COMOROS STREET, 14732, RIYADH, SAUDI ARABIA"
Target Technologies LTD Co.,TARGET TECHNOLOGIES LTD COMPANY,+966508485419,https://www.t4techno.com,info@t4techno.com,"458333333333333, 50848-5419, 31536000","Riyadh, 2321 King Abdullah Ibn Abdul Aziz Rd, Al Quds, Riyadh 13214, RIYADH, SAUDI ARABIA"
TATA COMMUNICATIONS INTERNATIONAL PTE LTD,TATA COMMUNICATIONS INTERNATIONAL PTE LTD,+966569596655,https://tatacommunications.com,analystrelations@tatacommunications.com,"66666667, 26732895, 2933276541, 1222083472, 2985984737, 17804589778812, 812842568, 3508454897, 2685733372, 2857142857, 3921366393, 988075951, 494047706, 0-5734-4845, 17708783160673, 174435447174715, 57142857, 17784988158887, 613305155, 71428571, 3128134379, 17708783160675, 2481764524, 3967842156, 1062976858103, 17397820261684, 214320182408, 1348078617, 405373451, 3281949485, 190635843721, 722322694, 17784988158883, 47271964, 1041095097, 38888889, 17397820261682, 89 204 129, 2699082514, 2083580917, 3064412225, 2512015367, 33333333, 471583506, 3670563033, 2147483647, 1432718904, 17327810069778, 255 255 255, 3000000000, 2369186930, 17784988158886, 456419034, 2417249464","OFFICE NO 24, MEZZANINE FLOOR M, LEADERS TOWER FOR BUSINESS,, KING FAHAD STREET, AL OLAYA RIYADH 12333, RIYADH, SAUDI ARABIA"
Tata Consultancy Services Limited,TATA CONSULTANCY SERVICES,+966112993500,https://www.tcs.com,,"2147483647, 2147483645, 2147483646, 3333333333, 6666666667, 100377280-1985","OFFICE NO 303, 3RD FLOOR,OLAYA ROAD, AKARIA PLAZA,C-WING, RIYADH, SAUDI ARABIA"
TATRA Information Technology,TATRA IT EST,+966920004794,https://www.tatrait.com,,,"ALRAKHA, ALSAADOON TOWER, 5TH FLOOR, OFFICE 502, KHALED BIN ALWALEED STREET, AL-KHOBAR, AL KHUBAR, SAUDI ARABIA"
TECH MAHINDRA ARABIA LTD,TECH MAHINDRA ARABIA LTD,+966503690411,https://www.techmahindra.com,,"2147483647, +91-20-66018100, 2147483645, 18963588, 2147483646, 3333333333, 6666666667","AL HUGAYET SKYLINE TOWER 12TH FLOOR AL KHOBAR 3195, AL KHUBAR, SAUDI ARABIA"
Tech Stations Est.,TECH STATIONS FOR IT CO.,+966112226999,https://www.techs.com.sa,,966552514250,"8918 OTHMAN BIN AFFAN ROAD - AL WAHA UNIT NO 202-2, RIYADH, SAUDI ARABIA"
TECHNIC CONTRACTING COMPANY,TECHNIC CONTRACTING COMPANY,+966532634411,https://www.technicnow.com,,"22932222, 17333385, 84407536, 43589085, 136931122, 48079588, 169042921, 87683980, 193007549","OLAYA STREET, RIYADH, SAUDI ARABIA"
TECHNICAL ARM FOR TRADING,TECHNICAL ARM FOR TRADING,+966551447644,https://tac.net.sa/,,"1010933939, +966 551 447 644, +966 114 700 088","RIYADH-ALYASMEEN DIST KING ABDELAZIZ ST ALMUNEEF B, RIYADH, SAUDI ARABIA"
Technical Innovation Solutions,Technical Innovation Solutions,+966566259584,https://www.tisksa.net,info@tisksa.net,"966563408995, +966563408995, +966 56 340 8995, 00000057, 74269478, 85714285714286","4441, 7360, AL BADAI', SAUDI ARABIA"
Technical Point for wired communication est,TECHNICAL POINT FOR WIRED COMMUNICATION EST,1264447694,https://www.pointec.net,info@pointec.net,"+966-509-871-108, 711636-3078208, +966-12-604-0058","PETRA STREET, JEDDAH, SAUDI ARABIA"
TECHNICAL SOLUTION COMPANY,TECHNICAL SOLUTION COMPANY,+966557060799,https://www.tech-sit.com,,,"7846 OTHMAN BIN AFFAN ROAD, RIYADH, SAUDI ARABIA"
TECHNIFY,TECHNIFY,+966540954462,https://technify.sa,info@technify.sa,"+966 54 095 4462, 246181200","7782 KING ABDULAZIZ ROAD, 13315RIYAD, RIYADH, SAUDI ARABIA"
Technology Control Company,TECHNICAL CONTROL COMPANY,0096614168989,,,,"PO BOX 14944, RIYADH, SAUDI ARABIA"
TECHNOLOGY ERA COMPANY,TECHNOLOGY ORBIT COMPANY,+966112313777,https://www.teraksa.com,,628438872,"PO BOX 9651, RIYADH, SAUDI ARABIA"
TECHNOLOGY LIFE TRADING EST.,TECHNOLOGY LIFE TRADING EST.,+966114913514,https://www.techlife.com.sa,info@techlife.com.sa,"10101057, 9999999999999, 920035466","RIYADH - RAYYAN, RIYADH, SAUDI ARABIA"
TECHNOLOGY MAKE COMPANY,TECHNOLOGY MAKE COMPANY,+966503637453,https://www.techmake.com.sa,info@techmake.com.sa,"0503637453, 7050198568","AL OLAYA STREET ALAKHARIA PLAZA GATE D 7235, RIYADH, SAUDI ARABIA"
Technology Track,TECHNOLOGY TRACK,+966114805540,,,,"BIN SALIM CENTER AT TAKHASSUSI BRANCH ST, AR RAHMANIYAH DISTRICT,, RIYADH, SAUDI ARABIA"
Technology World For Communication,TECHNOLOGY WORLD FOR COMMUNICATION,+966114660605,https://www.Techworld-it.com,,,"PRINCE ABDULAZIZ IBN MUSAID IBN JALAWI, RIYADH, SAUDI ARABIA"
Technostream Co,Technostream Co,+966114164458,https://technostream.org/,,,"As Sulaimaniyah, Office No.98, Floor No.98, Gate No.2 Safowah Center, Riyadh, SAUDI ARABIA"
TECHVISIONS FOR INFORMATION TECHNOLOGY,TECHVISIONS FOR INFORMATION TECHNOLOGY,+966112472494,,,,"PRINCE ABDULAZIZ IBN JALWAI STREET BUILDING NO 792, RIYADH, SAUDI ARABIA"
TEKGUARDS COMPANY FOR INFORMATION TECHNOLOGY,TEKGUARDS COMPANY FOR INFORMATION TECHNOLOGY,+966502535833,http://tekguards.sa/,info@tekguards.sa,"220 252 231, 249 250 251, 254 240 138, 00000021, 247260806, 17709714805, 254 249 195, +966 50 253 5833, 255 255 255, 966502535833, 31536000, 229 231 235","121 AL HAMR, BURAYDAH, SAUDI ARABIA"
TeleNoc (Helcon IT),TELENOC HELCON IT,+966114666664,https://www.telenocgroup.com,contact@telenocgroup.com,"3333333333333, 6666666666667, +966-58-3096124, 1333333333333, 0237563331, 268435456, +966 1146 6666, 0666666666667, 966569202510, 7333333333333, 52843048, 00000057, 9079430214","AL MOUSA OFFICE BUILDINGS TOWER NO 4 FLOOR 2 OFFIC, RIYADH, SAUDI ARABIA"
Tforce,TFORCE,+966138855005,https://www.tforce.sa,,"762876498, +9660138855005, 111111111111, 877702491","8439 UMAR IBN AL KHATTAB, AD DAMMAM, SAUDI ARABIA"
THARAWAT TECHNOLOGY,THARAWAT TECHNOLOGY,575555000,https://www.tharawat.tech,"team@latofonts.com, impallari@gmail.com","785046728971962, 797066066576086, 402439024390244, 46235423-2376, 108131121856715, 641619425559526","ALTHUMAMA, RIYADH, SAUDI ARABIA"
THE DIGITAL SPECIALISTS FOR COMMUNICATION,THE DIGITAL SPECIALISTS FOR COMMUNICATION,+966128134300,https://digitsp.com,info@digitsp.com,"80345024, 23000000, 473214516, 1488554378835, 53610722, 64510747, 15308672375, 43490279, 1496065187959, 1451187580459, 028327697","AHMAD AL ATTAS STREET, JEDDAH, SAUDI ARABIA"
The Special Network Establishment,THE SPECIAL NETWORK ESTABLISHMENT,9666501706,https://www.specialnet.net,info@specialnet.net,"00 (966) 533 0111, 00 (966) 53301118, 12650 1706, 00 (966) 5330 1118, 12 650 1706","KHALED BIN AL-WALEED STREET, JEDDAH, SAUDI ARABIA"
THOUGHTS HOUSE FOR TRADING,THOUGHTS HOUSE FOR TRADING,+966541022995,https://www.thoughtshouse.com,,"1073741824, 16777217, 999999999, 134217728, 268435456, 536870912, 33554432, 67108864, 62914560, 65011712, 134217727, 16777216","KIND KHALID STREET - ALSOUQ DIST, AD DAMMAM, SAUDI ARABIA"
three pillars Technology and communication Co,THREE PILLARS TECHNOLOGY AND COMMUNICATION CO,+966112458536,https://www.3pillars-sa.com,sales@3pillars-sa.com,+966 11 245 8536,"KING FAISAL DISTRICT, KHALID IBM ALWALID STREET, RIYADH, SAUDI ARABIA"
TKEIB FOR IFORMATION SYSTEMS COMPANY,TKEIB FOR IFORMATION SYSTEMS COMPANY,+966500996449,https://takeib.com.sa,Info@takeib.com.sa,"00000099, 31536000, 10241007, 00000026, 996112543530","STREET 26, RIYADH, SAUDI ARABIA"
Tools & Solutions Company,TOOLS & SOLUTIONS COMPANY,+966559442065,http://tools-solutions.com/,info@ts.sa,"00000059, 00000080, +966 920017730, 33333340, 00000040","ABDUL AZIZ ROAD, RIYADH, SAUDI ARABIA"
TOP NET,TOP NET,+966112151355,,,,"2 ALAQARIA OLAYA NO, RIYADH, SAUDI ARABIA"
TOP VISION SECURITY,TOP VISION SECURITY,+966501173676,https://topvisionsa.com/about-us/,,"920029954, 0599330033","2570 HESHAM BIN ABDULMALEK STREET 7155 AL MURSALAT, RIYADH, SAUDI ARABIA"
TRACK TELECOM AND INFORMATION TECHNOLOGY,TRACK TELECOM AND INFORMATION TECHNOLOGY,+966554436585,,,,"2929 HUSSEIN BEN RABEAH, 8126, JEDDAH, SAUDI ARABIA"
TRANSPIRE TECHNOLOGIES,TRANSPIRE TECHNOLOGIES,+966555217886,https://transpiretechnologies.com/,,"+1 888-586-1985, 131140310, 279728-283538, 20647-953-5452, 513)-522-5324, +1 647-953-5452","DANUBE BUILDING OFFICE 5 1ST FLOOR THUMAMA ROAD AL, RIYADH, SAUDI ARABIA"
TRUST IT SERVICES COMPANY,TRUST IT SERVICES COMPANY,+966540071148,https://www.trustit-s.com/,,"8571428571, +10190-1019, +10140-1018, 33333333, 666666666666668, 3333333333, 66666667, 23212529, 6666666667, 23198754","BUILDING 7689 WADI AL AMARIYAH ST, AL OLAYA DIST, POSTAL CODE 12212, RIYADH, SAUDI ARABIA, RIYADH, SAUDI ARABIA"
Trusted Chain,TRUSTED CHAIN,+966115130202,,,,"OLYA STREET, RIYADH, SAUDI ARABIA"
TRUSTED SECURITY SOLUTIONS,TRUSTED SECURITY SOLUTIONS,+966115062006,https://www.tss4it.com/,info@tss4it.com,+971 (04) 816 0001,"HQ Tower - King Abdullah Road - Al Woroud Dist., Riyadh, PO BOX: 75018, Riyadh, 11578, RIYADH, RIYADH, SAUDI ARABIA"
Twaasol,TWAASOL,+966564621672,,,,"Musa Ibn Nusair St, As Sulimaniyah,, Riyadh, SAUDI ARABIA"
UNC COMPANY,UNC COMPANY,561768153,https://www.uncts.com,"info@maxsecures.com, info@uncts.com","46113752, +966591203341, +966 59 1203341","AL MALAZ, RIYADH, RIYADH, SAUDI ARABIA"
Unified Planet IT Solutions & Trading Co,Unified Planet IT Solutions & Trading Co,+966537827445,https://www.unifiedplanet-sa.com,info@unifiedplanet-sa.com,"162947308, +966-56 338 6535","KHALID BIN AL WALEED STREET, JEDDAH, SAUDI ARABIA"
UNISYS ARABIA TRADING CONTRACTING ESTABLISHMENT,UNISYS ARABIA TRADING CONTRACTING ESTABLISHMENT,+966508199747,https://unisysarabia.com/,,,"AL JABER STREET, AL NADHEEM DISTRICT, BUILDING NO 3321, RIYADH, SAUDI ARABIA"
UNITED ARAB TECHNOLOGY,UNITED ARAB TECHNOLOGY,+966590479555,https://www.alarabtech.com,,,"DAMMAM STREET, 7454, ALHASSA, SAUDI ARABIA"
UNITED INNOVATIONS TECHNOLOGY UIT,UNITED INNOVATIONS TECHNOLOGY UIT,+966541740838,https://www.uit.sa,,,"ARAWABIE, RIYADH, SAUDI ARABIA, RIYADH, SAUDI ARABIA"
UNITED NETWORKS FOR INFORMATION TECHNOLOGY EST,UNITED NETWORKS FOR INFORMATION TECHNOLOGY EST,+966126523106,https://www.unitednetworks-infotech.com,"info@unitednetworks-infotech.com, amtechcms@gmail.com","9677419355, 2822966507, 74765625, 95234375, 8064516129, 7033492823, 2966507177","KBW STREET, JEDDAH, SAUDI ARABIA"
UNITED SHUROQ IT COMPANY,UNITED SHUROQ IT COMPANY,+966557849286,https://www.usr-it.com,,,"EMARA AL MOOSA BUILDING, OLAYA, RIYADH, SAUDI ARABIA"
United Smart Building Company,United Smart Building Company,+966592331552,https://www.u-s-b-c.com,,,"RIYADH, RIYADH, SAUDI ARABIA"
UNIVERSAL FOR TRADING & INFORMATION TECHNOLOGY,UNIVERSAL FOR TRADING & INFORMATION TECHNOLOGY,+966114451010,https://www.utit.com.sa,tenders@utit.com.sa,"10865371, +966-11-445-1010, 1010215806","7549 AL SHAIKH MOHAMMED AL TURKI, RIYADH, SAUDI ARABIA"
UP Arrow Systems for Information Technology,UP ARROW SYSTEMS FOR INFORMATION TECHNOLOGY,+966112099772,,,,"2431 RAFI BIN AL ALI-AL, RIYADH, SAUDI ARABIA"
Uplogica Information Technology company,UPLOGICA INFORMATION TECHNOLOGY COMPANY,+966138202540,https://www.uplogica.com,,"+966 13 8202540, 187819206","PO BOX 6184, AL KHUBAR, SAUDI ARABIA"
VEGA ARAB UNIFIED COMMUNICATIONS COMPANY,VEGA ARAB UNIFIED COMMUNICATIONS COMPANY,+966532026958,https://vega-global.com/,general.id@vega-global.com,"330867 100, +603 8601 4577, +91 22 5023 2323, +886 7 535 0099, +65 6320 9480, +91 80 4151 2223, 0800 487 269, +81 6-4560-7858, +603 8601 4578, 10451826, +852 2310 2068, +852 2310 1138, +86 755 8287 1254, +66 90 9602953, 212) 209-7111, +65 6749 3979, +886 2 2545 1155, 03-4578-3480, +61 1300 553 280, +81 3 4578 3400, 596164 100, 537895 100, +86 21 62316070, +6221 7592 2989, +966 532026958, +632 8 7063682, 304352 100, +86 10 6237 5185, +6221 7592 3020, +971 4 3278687, +86 755 8287 1072, +82-2-425-7082, +886 2 3518 2888, +8428 225 367, +853 2875 5846, 321575 100, 09819 100","OFFICE NO28, FIRST FLOOR, RADEN COMMERCIAL CENTER AI MURUJ, OLAYA STREET, RIYADH, 12281, RIYADH, SAUDI ARABIA"
VERONA COMPANY FOR TRADING,VERONA COMPANY FOR TRADING,+966538792667,https://www.verona.com.sa,info@verona.com.sa,"+966 53 879 2667, +966 11 486 8354","8572 BUILD, RIYADH, SAUDI ARABIA"
Versatile Solutions For Computers Versos,VERSATILE SOLUTIONS LLC,+966114735932,https://www.versos.com,info@versos.com,"000000000000007, +966 11 473 5932, +966 11 473 5931, 00000000000004, 40773847","AL-UMAM COMMERCIAL CENTER NORTH TOWER SITEEN STREE, RIYADH, SAUDI ARABIA"
virtual reality solutions,VIRTUAL REALITY SOLUTIONS,+966552922241,https://www.infiniarc.com/,cs@infiniarc.com,"35645293, 10837919856, 87357401, +966920024009, 394417367656268, 100095030882789, 920024009","7248 KING ABDULLAH ROAD, AL HUFUF, SAUDI ARABIA"
VISION & INNOVATION FOR IT SYSTEMS COMPANY,VISION & INNOVATION FOR IT SYSTEMS COMPANY,+966138561169,https://www.vandi.com.sa,vandi@vandi.com.sa,+966 13 856 1169,"9278 AD DAMMAM, AD DAMMAM, SAUDI ARABIA"
VISION ANGLES SECURITY EST,VISION ANGLES SECURITY EST,+966565861238,https://www.visionangles.com,"sales@visionangles.com, info@visionangles.com","+966-54-165-2927, +966 54 165 2927, +966-56-683-5669, +966-13-822-6660, +966 13 822 6660, +966 56 683 5669, 966541652927","1ST STREET, KING FAHAD, AL KHUBAR, SAUDI ARABIA"
VISION TECHNOLOGIES FOR INFORMATION TECHNOLOGIES,VISION TECHNOLOGIES FOR INFORMATION TECHNOLOGIES,+966556088815,https://www.Visiontechnologies.com.sa,,56 512 9667,"MALIBARI CENTER, TOWER A, JEDDAH, SAUDI ARABIA"
VOICE DATA NETWORK COMPANY LTD,VOICE DATA NETWORK COMPANY LTD,+966566285113,https://vodanetcorp.com/,support@vodanetcorp.com,+966-59-5462388,"BUSINESS TOWER 4 OFFICE 203 MUTEB STREET JEDDAH, JEDDAH, SAUDI ARABIA"
VoiceTech Solutions,VOICETECH SOLUTIONS,+966920011902,https://www.voicetechsolutions.com,info@voicetechsolutions.com,"634360095, 67086248, +966 9200 1190, 17346475740, 79793081, 91060819743, 7875655898, 65824920, 609720887, 1292568675, 55623434, 13251179738175, 78115810135, 09089942, 66795182, 98206280, 55603028, 2047667016, 100000000, 138382730, 226094755, 98584310, 255 255 255, 51300497928562","BUSINESS GATE, AD DAMMAM, SAUDI ARABIA"
WAJDA TRADING COMPANY WLL,WAJDA TRADING COMPANY WLL,+966504117462,https://www.wajdagroup.com,"qatar@wajdagroup.com, kuwait@wajdagroup.com, uae@wajdagroup.com, oman@wajdagroup.com, bahrain@wajdagroup.com, pakistan@wajdagroup.com","+973-96089584, +92 4235732273, +971-4-2547722, 965 2434117, +973 2466 7788, 974 4119340, 973 17410567","AL ANDALUS, AL KHOBAR, KSA, AL KHUBAR, SAUDI ARABIA"
Wakeb Data,WAKEB DATA,+966531089888,https://www.wakeb.tech,"root@wakeb.com, Info@wakeb.tech","0178571429, 8826446757, 0333333333, 8493471128, +966 53 596 1010, 0071428571, 00000026, 00000042, +966 9200 3544, 6499996185, 0892857143, 73612318096356, 0083333333, 4615384615, 39681746, 8571428571, 5681070495, 6666666667, 3333333333, 233966873, 0073529412, 1428571429, 95554924","OFFICE NO 2, BUILDING NO 8090, HAY AL SAHAFA, KING ABDUL AZIZ ROAD, RIYADH, SAUDI ARABIA"
Watania Solutions Company,Watania Solutions Company,+966114020500,https://www.wsc.com.sa,info@wsc.com.sa,+966114020500,"TAKHASSUSI STREET, RIYADH, SAUDI ARABIA"
WeCare Technology,WECARE TECHNOLOGY,+966112063919,https://www.wecaretech.com,wct@wecaretech.com,"2353324769, 64082274500, +966 11 206 3919, 67055222","UNAYZAH STREET, FIRST FLOOR, RIYADH, SAUDI ARABIA"
WESAL INFORMATION TECHNOLOGY,WESAL INFORMATION TECHNOLOGY,+966566798611,https://www.wesalcx.com/,,"81976011, 2147483647","6959 KING ABDUL AZIZ BRANCH ROAD, RIYADH, SAUDI ARABIA"
Western Experts Saudi Arabia Co.,WESTERN EXPERTS SAUDI ARABIA COMPANY LTD,+966920009372,http://wesa.sa/,info@WESA.sa,,"1 KING ABDULLAH ROAD CROSSING UTHMAN IBN AFFAN ROAD, 7046, RIYADH, SAUDI ARABIA"
Western Sary for Trading and Contracting Co.,Western Sary for Trading and Contracting Co.,+966568724992,https://www.western-sary.com,,"96745220, 89568198, 05736818, 79955967, 999999999, 931243179, 1329626071, 66759946, 91195145, 99124514, 68242105, 95443129552, 93327309, 298211875, 4616922048, 796555536, 103727417200085, 9425615191, 41562525, 56654062, 68278405, 45552581, 5533512167281, 42464424, 67073943","208 SABAH CENTER PRICE SULTAN STREET, JEDDAH, SAUDI ARABIA"
WIPRO LIMITED,WIPRO ARABIA LTD,+966138984015,https://www.wipro.com,,"717716143, 2147483647, 433314865, 32048284-4298, 919734623, 1266782202-356, 2147483645, 758800884, 906044040, 379913344, 2147483646, 3333333333, 801161509, 1039866723, 6666666667, 718488253","2nd floor, Sulimania Center 2, Al Muhandis Masajd Al Anqari Street, riyadh, SAUDI ARABIA"
WISSAM ALTAQNIYAH LTD,WISSAM ALTAQNIYAH LTD,+966547578788,https://www.wesam-tech.com,"astigma@astigmatic.com, info@wesam-tech.com","66666666666666, 2174551157-612, 499566455, 33333333333333, 211764705882353, 33333333333334, 258450633-2905, 333333333333332, 666666666666664, +966 54 757 8788","KING FAISAL IBN ABDULAZIZ SAUD STREET, 7095, RIYADH, SAUDI ARABIA"
WORLD AMAN LTD COMPANY,WORLD AMAN LTD COMPANY,+966542565423,https://www.aman-ltd.com,,"31536000, 333333333333, 45610451","8351 FOURTH FLOOR, OFFICE 1, RIYADH, SAUDI ARABIA"
WORLDVUE CONNECT ARABIA LTD,WORLDVUE CONNECT ARABIA LTD,+966535444168,https://www.worldvue.com,,"12394521, 8506099945, 032254 100, 226922773","ANAS IBN MALIK STREET, RIYADH, SAUDI ARABIA"
WSM INFORMATION TECHNOLOGY,WSM INFORMATION TECHNOLOGY,+966114544338,https://www.wsmco.sa,,,"POSTAL CODE 13522 ADDITIONAL NO 6443, RIYADH, SAUDI ARABIA"
WTL,WTL,+966556377711,https://www.wtltech.com,"info@website.com, info@wtltech.com","1055393792, 850762322, +966 5 5637 7711, 936200001, 1158961112, 1341960003, 1481519742, 656460301, 500956792, 1104601788","OLAYA, RIYADH, SAUDI ARABIA"
XTREME SYSTEMS FOR MANUFACTURING,XTREME SYSTEMS FOR MANUFACTURING,+966112491900,https://www.xtreme.net/,"info@xtreme.net, sales@xtreme.net","01661420543540, +1(716)-242-2728, +10140-1018, 35152418, +966540403433, 9999999999, 2147483641, 340000000000003, +10190-1019, 01661425691515, +971556699492, 01661484475372, 2147483647","OAAA8320, AL KHARJ, SAUDI ARABIA"
XYZ Dimensions,XYZ DIMENSIONS,+966112001273,https://www.e-xyzd.com,"Sales@e-xyzd.com, 1eeb89147c984dc6bc3ffafd9e6cd089@sentry.wixpress.com, 8eb368c655b84e029ed79ad7a5c1718e@sentry.wixpress.com","57-519791, 635-8505-3391-9791, 9392-5604-1148, 79082550, 29178430, 56234440, 2545352419, 25507953, 78431639, 50294486, 7-2112895, 6577816669, 60441845, 27757599, 7599559548, 01622543, 06506-5675, 509384495341326, 9976-963695, 71200017, 65-9182-4174, 8807262123374, 076-4753-8303, 14409595, 33456921, 26790905, +966 11 2409080, 9899997711182, 82431776, 700-8487-6366","3RD FLOOR, WAMY BUILDING, RIYADH, SAUDI ARABIA"
ZAK SOLUTIONS,ZAK SOLUTIONS,+966114429117,https://www.zaksolutions.com,"sales@zakq8.com, Info@zaksolutions.com","+965 2224 1212, 135-9550-1287, 6408-9010-3800, +965 2224 1000","ALMOHAMMADIYA DISTRICT, ALTAKHASSOSI STREET, RIYADH, SAUDI ARABIA"
Zamil International Information Services Co Ltd,Zamil International Information Services Co Ltd,+966138924999,https://www.zamiliis.com,,,"FIRST INDUSTRIAL CITY, AD DAMMAM, SAUDI ARABIA"
ZONE CONNECT FOR COMMUNICATION & IT CO.,ZONE CONNECT FOR COMMUNICATION & IT CO.,+966135122011,https://www.zoneconnect-sa.com,info@zoneconnect-sa.com,"13 512 2011, +966 13 512 2011, 0042351276","CORNICHE RD ALKURNAISH AL KHOBAR 34611, FLOOR 8, AL KHUBAR, SAUDI ARABIA"
zoom for information technology company,ZOOM FOR INFORMATION TECHNOLOGY COMPANY,0598191020,https://www.zoomksa.com,info@zoomksa.com,"438466601, 10395522, 00966 59819102","OLAYA RIYADH KSA, ALSAIF BUILDING NORTH, RIYADH, SAUDI ARABIA"
ZYTEK COMPANY FOR COMMUNICATIONS AND INFORMATION TECHNOLOGY,ZYTEK COMPANY FOR COMMUNICATIONS AND INFORMATION TECHNOLOGY,+966544252687,https://zytech.sa/,r.altrjami@zytech.sa,"96 165 250, 209 213 219, 255 255 255, 156 163 175, +966 548501812, 59 130 246, 107 114 128","JEDDAH -, JEDDAH, SAUDI ARABIA"
